simulation_name,sim_type,m_value,rep_index,overall_return,commit_return,n,n_repetitions
cfr_vs_cpt,simple,,0,-0.00293,,100000,100
cfr_vs_cpt,simple,,1,0.00826,,100000,100
cfr_vs_cpt,simple,,2,0.0218,,100000,100
cfr_vs_cpt,simple,,3,0.00535,,100000,100
cfr_vs_cpt,simple,,4,-0.01162,,100000,100
cfr_vs_cpt,simple,,5,0.0,,100000,100
cfr_vs_cpt,simple,,6,0.00138,,100000,100
cfr_vs_cpt,simple,,7,-0.00542,,100000,100
cfr_vs_cpt,simple,,8,0.01008,,100000,100
cfr_vs_cpt,simple,,9,0.01264,,100000,100
cfr_vs_cpt,simple,,10,0.03063,,100000,100
cfr_vs_cpt,simple,,11,0.03223,,100000,100
cfr_vs_cpt,simple,,12,0.01753,,100000,100
cfr_vs_cpt,simple,,13,0.00948,,100000,100
cfr_vs_cpt,simple,,14,0.01507,,100000,100
cfr_vs_cpt,simple,,15,0.03091,,100000,100
cfr_vs_cpt,simple,,16,0.02582,,100000,100
cfr_vs_cpt,simple,,17,0.0109,,100000,100
cfr_vs_cpt,simple,,18,0.00211,,100000,100
cfr_vs_cpt,simple,,19,0.00064,,100000,100
cfr_vs_cpt,simple,,20,0.01447,,100000,100
cfr_vs_cpt,simple,,21,0.00682,,100000,100
cfr_vs_cpt,simple,,22,0.02264,,100000,100
cfr_vs_cpt,simple,,23,0.02508,,100000,100
cfr_vs_cpt,simple,,24,0.01976,,100000,100
cfr_vs_cpt,simple,,25,0.01978,,100000,100
cfr_vs_cpt,simple,,26,0.02093,,100000,100
cfr_vs_cpt,simple,,27,0.01331,,100000,100
cfr_vs_cpt,simple,,28,0.01507,,100000,100
cfr_vs_cpt,simple,,29,0.0301,,100000,100
cfr_vs_cpt,simple,,30,0.01437,,100000,100
cfr_vs_cpt,simple,,31,0.00833,,100000,100
cfr_vs_cpt,simple,,32,0.02777,,100000,100
cfr_vs_cpt,simple,,33,0.00689,,100000,100
cfr_vs_cpt,simple,,34,0.0264,,100000,100
cfr_vs_cpt,simple,,35,0.02279,,100000,100
cfr_vs_cpt,simple,,36,0.02258,,100000,100
cfr_vs_cpt,simple,,37,0.02147,,100000,100
cfr_vs_cpt,simple,,38,0.02543,,100000,100
cfr_vs_cpt,simple,,39,0.01283,,100000,100
cfr_vs_cpt,simple,,40,0.00209,,100000,100
cfr_vs_cpt,simple,,41,0.021,,100000,100
cfr_vs_cpt,simple,,42,0.00612,,100000,100
cfr_vs_cpt,simple,,43,0.01968,,100000,100
cfr_vs_cpt,simple,,44,0.01393,,100000,100
cfr_vs_cpt,simple,,45,0.00685,,100000,100
cfr_vs_cpt,simple,,46,0.00642,,100000,100
cfr_vs_cpt,simple,,47,-2e-05,,100000,100
cfr_vs_cpt,simple,,48,0.01628,,100000,100
cfr_vs_cpt,simple,,49,0.0257,,100000,100
cfr_vs_cpt,simple,,50,0.02779,,100000,100
cfr_vs_cpt,simple,,51,-0.01337,,100000,100
cfr_vs_cpt,simple,,52,0.01014,,100000,100
cfr_vs_cpt,simple,,53,0.01075,,100000,100
cfr_vs_cpt,simple,,54,0.00765,,100000,100
cfr_vs_cpt,simple,,55,0.00496,,100000,100
cfr_vs_cpt,simple,,56,0.02309,,100000,100
cfr_vs_cpt,simple,,57,0.01936,,100000,100
cfr_vs_cpt,simple,,58,0.01367,,100000,100
cfr_vs_cpt,simple,,59,0.00772,,100000,100
cfr_vs_cpt,simple,,60,0.0198,,100000,100
cfr_vs_cpt,simple,,61,0.00375,,100000,100
cfr_vs_cpt,simple,,62,0.01275,,100000,100
cfr_vs_cpt,simple,,63,0.02967,,100000,100
cfr_vs_cpt,simple,,64,0.02599,,100000,100
cfr_vs_cpt,simple,,65,0.00485,,100000,100
cfr_vs_cpt,simple,,66,0.00141,,100000,100
cfr_vs_cpt,simple,,67,0.01534,,100000,100
cfr_vs_cpt,simple,,68,0.01842,,100000,100
cfr_vs_cpt,simple,,69,0.03018,,100000,100
cfr_vs_cpt,simple,,70,0.01174,,100000,100
cfr_vs_cpt,simple,,71,0.01433,,100000,100
cfr_vs_cpt,simple,,72,-0.00956,,100000,100
cfr_vs_cpt,simple,,73,0.02006,,100000,100
cfr_vs_cpt,simple,,74,0.02753,,100000,100
cfr_vs_cpt,simple,,75,-0.00178,,100000,100
cfr_vs_cpt,simple,,76,0.01604,,100000,100
cfr_vs_cpt,simple,,77,0.01267,,100000,100
cfr_vs_cpt,simple,,78,0.00774,,100000,100
cfr_vs_cpt,simple,,79,0.01686,,100000,100
cfr_vs_cpt,simple,,80,0.0159,,100000,100
cfr_vs_cpt,simple,,81,0.01847,,100000,100
cfr_vs_cpt,simple,,82,0.02398,,100000,100
cfr_vs_cpt,simple,,83,0.02683,,100000,100
cfr_vs_cpt,simple,,84,0.0164,,100000,100
cfr_vs_cpt,simple,,85,0.01195,,100000,100
cfr_vs_cpt,simple,,86,0.02241,,100000,100
cfr_vs_cpt,simple,,87,0.01304,,100000,100
cfr_vs_cpt,simple,,88,0.00925,,100000,100
cfr_vs_cpt,simple,,89,0.02205,,100000,100
cfr_vs_cpt,simple,,90,0.0296,,100000,100
cfr_vs_cpt,simple,,91,-0.00374,,100000,100
cfr_vs_cpt,simple,,92,0.01008,,100000,100
cfr_vs_cpt,simple,,93,0.02529,,100000,100
cfr_vs_cpt,simple,,94,0.01299,,100000,100
cfr_vs_cpt,simple,,95,0.00786,,100000,100
cfr_vs_cpt,simple,,96,0.00905,,100000,100
cfr_vs_cpt,simple,,97,0.01106,,100000,100
cfr_vs_cpt,simple,,98,0.03049,,100000,100
cfr_vs_cpt,simple,,99,0.00473,,100000,100
etc_standard,run,1000.0,0,0.0322,0.104,10000,100
etc_standard,run,1000.0,1,-0.013,0.0632222222222222,10000,100
etc_standard,run,1000.0,2,-0.0286,0.038,10000,100
etc_standard,run,1000.0,3,-0.0336,0.0464444444444444,10000,100
etc_standard,run,1000.0,4,-0.1166,-0.0423333333333333,10000,100
etc_standard,run,1000.0,5,-0.1123,-0.0591111111111111,10000,100
etc_standard,run,1000.0,6,-0.071,-0.0017777777777777,10000,100
etc_standard,run,1000.0,7,0.0575,0.1156666666666666,10000,100
etc_standard,run,1000.0,8,0.1082,0.181,10000,100
etc_standard,run,1000.0,9,0.1163,0.2006666666666666,10000,100
etc_standard,run,1000.0,10,0.1892,0.286,10000,100
etc_standard,run,1000.0,11,-0.1776,-0.1302222222222222,10000,100
etc_standard,run,1000.0,12,-0.0716,0.0242222222222222,10000,100
etc_standard,run,1000.0,13,-0.0429,0.0258888888888888,10000,100
etc_standard,run,1000.0,14,0.1145,0.1748888888888889,10000,100
etc_standard,run,1000.0,15,0.1662,0.259,10000,100
etc_standard,run,1000.0,16,-0.1058,-0.0401111111111111,10000,100
etc_standard,run,1000.0,17,0.1731,0.256,10000,100
etc_standard,run,1000.0,18,-0.1539,-0.0964444444444444,10000,100
etc_standard,run,1000.0,19,0.1162,0.2063333333333333,10000,100
etc_standard,run,1000.0,20,-0.1096,-0.08,10000,100
etc_standard,run,1000.0,21,-0.054,-0.0065555555555555,10000,100
etc_standard,run,1000.0,22,0.18,0.2915555555555555,10000,100
etc_standard,run,1000.0,23,-0.2117,-0.1792222222222222,10000,100
etc_standard,run,1000.0,24,-0.0732,-0.012,10000,100
etc_standard,run,1000.0,25,0.0126,0.1252222222222222,10000,100
etc_standard,run,1000.0,26,0.1892,0.3023333333333333,10000,100
etc_standard,run,1000.0,27,0.0622,0.119,10000,100
etc_standard,run,1000.0,28,0.0301,0.0821111111111111,10000,100
etc_standard,run,1000.0,29,0.0057,0.0715555555555555,10000,100
etc_standard,run,1000.0,30,-0.0655,0.0025555555555555,10000,100
etc_standard,run,1000.0,31,0.0313,0.0978888888888888,10000,100
etc_standard,run,1000.0,32,0.1448,0.1924444444444444,10000,100
etc_standard,run,1000.0,33,-0.0352,0.0453333333333333,10000,100
etc_standard,run,1000.0,34,0.0055,0.0836666666666666,10000,100
etc_standard,run,1000.0,35,-0.1618,-0.0918888888888889,10000,100
etc_standard,run,1000.0,36,0.0216,0.0962222222222222,10000,100
etc_standard,run,1000.0,37,-0.0581,0.0046666666666666,10000,100
etc_standard,run,1000.0,38,0.0604,0.1073333333333333,10000,100
etc_standard,run,1000.0,39,-0.0039,0.0633333333333333,10000,100
etc_standard,run,1000.0,40,0.1475,0.2348888888888889,10000,100
etc_standard,run,1000.0,41,-0.0861,-0.0218888888888888,10000,100
etc_standard,run,1000.0,42,-0.0294,0.0558888888888888,10000,100
etc_standard,run,1000.0,43,-0.1284,-0.0763333333333333,10000,100
etc_standard,run,1000.0,44,0.0324,0.1083333333333333,10000,100
etc_standard,run,1000.0,45,-0.2136,-0.1684444444444444,10000,100
etc_standard,run,1000.0,46,0.0946,0.1748888888888889,10000,100
etc_standard,run,1000.0,47,-0.2295,-0.1628888888888889,10000,100
etc_standard,run,1000.0,48,-0.3534,-0.3431111111111111,10000,100
etc_standard,run,1000.0,49,0.0738,0.1446666666666666,10000,100
etc_standard,run,1000.0,50,0.1683,0.2432222222222222,10000,100
etc_standard,run,1000.0,51,-0.1742,-0.1201111111111111,10000,100
etc_standard,run,1000.0,52,-0.0007,0.0621111111111111,10000,100
etc_standard,run,1000.0,53,-0.653,-0.652,10000,100
etc_standard,run,1000.0,54,-0.0655,-0.0136666666666666,10000,100
etc_standard,run,1000.0,55,-0.1272,-0.0554444444444444,10000,100
etc_standard,run,1000.0,56,0.1375,0.2383333333333333,10000,100
etc_standard,run,1000.0,57,-0.5247,-0.5188888888888888,10000,100
etc_standard,run,1000.0,58,0.1819,0.2298888888888889,10000,100
etc_standard,run,1000.0,59,-0.084,0.0144444444444444,10000,100
etc_standard,run,1000.0,60,-0.3574,-0.2982222222222222,10000,100
etc_standard,run,1000.0,61,0.1667,0.2861111111111111,10000,100
etc_standard,run,1000.0,62,0.1603,0.2465555555555555,10000,100
etc_standard,run,1000.0,63,-0.0511,0.009,10000,100
etc_standard,run,1000.0,64,-0.0564,0.0142222222222222,10000,100
etc_standard,run,1000.0,65,0.0732,0.1368888888888889,10000,100
etc_standard,run,1000.0,66,-0.2683,-0.2128888888888888,10000,100
etc_standard,run,1000.0,67,-0.101,-0.022,10000,100
etc_standard,run,1000.0,68,0.004,0.0702222222222222,10000,100
etc_standard,run,1000.0,69,-0.0181,0.0267777777777777,10000,100
etc_standard,run,1000.0,70,-0.2539,-0.1997777777777777,10000,100
etc_standard,run,1000.0,71,0.088,0.1727777777777777,10000,100
etc_standard,run,1000.0,72,0.0871,0.1595555555555555,10000,100
etc_standard,run,1000.0,73,0.0207,0.0764444444444444,10000,100
etc_standard,run,1000.0,74,-0.0997,-0.0301111111111111,10000,100
etc_standard,run,1000.0,75,-0.016,0.0608888888888888,10000,100
etc_standard,run,1000.0,76,-0.2028,-0.1758888888888889,10000,100
etc_standard,run,1000.0,77,-0.1327,-0.051,10000,100
etc_standard,run,1000.0,78,-0.1895,-0.1175555555555555,10000,100
etc_standard,run,1000.0,79,-0.1208,-0.0485555555555555,10000,100
etc_standard,run,1000.0,80,0.0855,0.1812222222222222,10000,100
etc_standard,run,1000.0,81,0.164,0.2413333333333333,10000,100
etc_standard,run,1000.0,82,0.1437,0.247,10000,100
etc_standard,run,1000.0,83,-0.1905,-0.1424444444444444,10000,100
etc_standard,run,1000.0,84,0.1358,0.1875555555555555,10000,100
etc_standard,run,1000.0,85,0.1549,0.2294444444444444,10000,100
etc_standard,run,1000.0,86,0.1693,0.274,10000,100
etc_standard,run,1000.0,87,0.1064,0.1686666666666666,10000,100
etc_standard,run,1000.0,88,0.1504,0.2295555555555555,10000,100
etc_standard,run,1000.0,89,-0.3001,-0.3083333333333333,10000,100
etc_standard,run,1000.0,90,0.0806,0.1318888888888889,10000,100
etc_standard,run,1000.0,91,-0.2706,-0.232,10000,100
etc_standard,run,1000.0,92,-0.0749,-0.0191111111111111,10000,100
etc_standard,run,1000.0,93,0.1698,0.2363333333333333,10000,100
etc_standard,run,1000.0,94,-0.2041,-0.1576666666666666,10000,100
etc_standard,run,1000.0,95,-0.0778,-0.0263333333333333,10000,100
etc_standard,run,1000.0,96,-0.0007,0.0764444444444444,10000,100
etc_standard,run,1000.0,97,0.2011,0.2925555555555555,10000,100
etc_standard,run,1000.0,98,0.0848,0.155,10000,100
etc_standard,run,1000.0,99,0.1107,0.185,10000,100
etc_standard,run,2000.0,0,0.1028,0.255,10000,100
etc_standard,run,2000.0,1,0.0206,0.1465,10000,100
etc_standard,run,2000.0,2,0.0891,0.23775,10000,100
etc_standard,run,2000.0,3,-0.124,-0.0135,10000,100
etc_standard,run,2000.0,4,0.0614,0.2265,10000,100
etc_standard,run,2000.0,5,0.0911,0.250625,10000,100
etc_standard,run,2000.0,6,0.0049,0.13175,10000,100
etc_standard,run,2000.0,7,-0.0363,0.141625,10000,100
etc_standard,run,2000.0,8,0.0862,0.275,10000,100
etc_standard,run,2000.0,9,-0.0971,0.02375,10000,100
etc_standard,run,2000.0,10,-0.0409,0.119875,10000,100
etc_standard,run,2000.0,11,0.1745,0.32775,10000,100
etc_standard,run,2000.0,12,0.0585,0.221125,10000,100
etc_standard,run,2000.0,13,-0.022,0.14325,10000,100
etc_standard,run,2000.0,14,0.0614,0.2875,10000,100
etc_standard,run,2000.0,15,-0.1876,-0.0575,10000,100
etc_standard,run,2000.0,16,0.0137,0.17175,10000,100
etc_standard,run,2000.0,17,-0.1345,-0.019375,10000,100
etc_standard,run,2000.0,18,0.0381,0.2405,10000,100
etc_standard,run,2000.0,19,0.0048,0.1885,10000,100
etc_standard,run,2000.0,20,-0.0539,0.075375,10000,100
etc_standard,run,2000.0,21,0.1142,0.27575,10000,100
etc_standard,run,2000.0,22,-0.0283,0.124875,10000,100
etc_standard,run,2000.0,23,-0.0965,0.0485,10000,100
etc_standard,run,2000.0,24,-0.0021,0.149125,10000,100
etc_standard,run,2000.0,25,0.0055,0.09775,10000,100
etc_standard,run,2000.0,26,-0.0503,0.106125,10000,100
etc_standard,run,2000.0,27,-0.0668,0.05375,10000,100
etc_standard,run,2000.0,28,0.0017,0.1615,10000,100
etc_standard,run,2000.0,29,0.0735,0.286,10000,100
etc_standard,run,2000.0,30,0.1411,0.312,10000,100
etc_standard,run,2000.0,31,0.0203,0.165625,10000,100
etc_standard,run,2000.0,32,-0.0322,0.137125,10000,100
etc_standard,run,2000.0,33,0.2018,0.389875,10000,100
etc_standard,run,2000.0,34,0.2672,0.46,10000,100
etc_standard,run,2000.0,35,0.0877,0.244625,10000,100
etc_standard,run,2000.0,36,-0.0715,0.07175,10000,100
etc_standard,run,2000.0,37,0.0172,0.179875,10000,100
etc_standard,run,2000.0,38,-0.1341,0.029625,10000,100
etc_standard,run,2000.0,39,-0.0076,0.160375,10000,100
etc_standard,run,2000.0,40,-0.0126,0.220875,10000,100
etc_standard,run,2000.0,41,0.231,0.43,10000,100
etc_standard,run,2000.0,42,-0.0647,0.0785,10000,100
etc_standard,run,2000.0,43,0.0885,0.2095,10000,100
etc_standard,run,2000.0,44,0.059,0.2135,10000,100
etc_standard,run,2000.0,45,0.1387,0.342375,10000,100
etc_standard,run,2000.0,46,0.022,0.158375,10000,100
etc_standard,run,2000.0,47,-0.1458,-0.019375,10000,100
etc_standard,run,2000.0,48,0.0398,0.18375,10000,100
etc_standard,run,2000.0,49,0.0632,0.247125,10000,100
etc_standard,run,2000.0,50,-0.0002,0.181625,10000,100
etc_standard,run,2000.0,51,0.0142,0.16575,10000,100
etc_standard,run,2000.0,52,-0.0473,0.077125,10000,100
etc_standard,run,2000.0,53,-0.0374,0.11225,10000,100
etc_standard,run,2000.0,54,0.136,0.307625,10000,100
etc_standard,run,2000.0,55,0.1043,0.2925,10000,100
etc_standard,run,2000.0,56,0.0146,0.113,10000,100
etc_standard,run,2000.0,57,0.0097,0.129,10000,100
etc_standard,run,2000.0,58,0.0921,0.25325,10000,100
etc_standard,run,2000.0,59,-0.0447,0.091625,10000,100
etc_standard,run,2000.0,60,0.1782,0.404625,10000,100
etc_standard,run,2000.0,61,-0.1098,0.042125,10000,100
etc_standard,run,2000.0,62,-0.2131,-0.126625,10000,100
etc_standard,run,2000.0,63,-0.1423,-0.003,10000,100
etc_standard,run,2000.0,64,-0.1438,-0.03125,10000,100
etc_standard,run,2000.0,65,0.0962,0.24575,10000,100
etc_standard,run,2000.0,66,0.1092,0.268625,10000,100
etc_standard,run,2000.0,67,-0.1325,0.0165,10000,100
etc_standard,run,2000.0,68,-0.0582,0.08975,10000,100
etc_standard,run,2000.0,69,-0.1409,-0.02325,10000,100
etc_standard,run,2000.0,70,0.1027,0.281,10000,100
etc_standard,run,2000.0,71,0.1187,0.29975,10000,100
etc_standard,run,2000.0,72,0.0727,0.26,10000,100
etc_standard,run,2000.0,73,-0.0978,0.0405,10000,100
etc_standard,run,2000.0,74,0.1193,0.320875,10000,100
etc_standard,run,2000.0,75,0.0031,0.13425,10000,100
etc_standard,run,2000.0,76,-0.1279,-0.027125,10000,100
etc_standard,run,2000.0,77,0.0352,0.23075,10000,100
etc_standard,run,2000.0,78,0.0933,0.2795,10000,100
etc_standard,run,2000.0,79,0.0021,0.125625,10000,100
etc_standard,run,2000.0,80,0.029,0.244875,10000,100
etc_standard,run,2000.0,81,0.1465,0.326,10000,100
etc_standard,run,2000.0,82,0.1388,0.283875,10000,100
etc_standard,run,2000.0,83,0.1785,0.378875,10000,100
etc_standard,run,2000.0,84,0.1518,0.278875,10000,100
etc_standard,run,2000.0,85,0.1016,0.30025,10000,100
etc_standard,run,2000.0,86,-0.1347,-0.037125,10000,100
etc_standard,run,2000.0,87,-0.0602,0.09775,10000,100
etc_standard,run,2000.0,88,-0.1343,-0.007875,10000,100
etc_standard,run,2000.0,89,0.0661,0.26425,10000,100
etc_standard,run,2000.0,90,0.0529,0.179125,10000,100
etc_standard,run,2000.0,91,0.0241,0.173375,10000,100
etc_standard,run,2000.0,92,0.0533,0.19825,10000,100
etc_standard,run,2000.0,93,0.0486,0.236875,10000,100
etc_standard,run,2000.0,94,-0.0161,0.153375,10000,100
etc_standard,run,2000.0,95,0.0922,0.25825,10000,100
etc_standard,run,2000.0,96,0.0166,0.15,10000,100
etc_standard,run,2000.0,97,0.0706,0.278875,10000,100
etc_standard,run,2000.0,98,-0.0985,0.0795,10000,100
etc_standard,run,2000.0,99,0.0514,0.218625,10000,100
etc_standard,run,4000.0,0,-0.0464,0.3568333333333333,10000,100
etc_standard,run,4000.0,1,-0.1923,0.1501666666666666,10000,100
etc_standard,run,4000.0,2,-0.2005,0.1235,10000,100
etc_standard,run,4000.0,3,-0.02,0.3796666666666666,10000,100
etc_standard,run,4000.0,4,0.0026,0.3155,10000,100
etc_standard,run,4000.0,5,-0.0048,0.4815,10000,100
etc_standard,run,4000.0,6,-0.124,0.1895,10000,100
etc_standard,run,4000.0,7,-0.17,0.1228333333333333,10000,100
etc_standard,run,4000.0,8,-0.0351,0.3755,10000,100
etc_standard,run,4000.0,9,-0.1098,0.2103333333333333,10000,100
etc_standard,run,4000.0,10,-0.1683,0.0851666666666666,10000,100
etc_standard,run,4000.0,11,-0.1357,0.2703333333333333,10000,100
etc_standard,run,4000.0,12,0.004,0.3828333333333333,10000,100
etc_standard,run,4000.0,13,-0.0538,0.3551666666666667,10000,100
etc_standard,run,4000.0,14,-0.1633,0.1746666666666666,10000,100
etc_standard,run,4000.0,15,-0.025,0.2738333333333333,10000,100
etc_standard,run,4000.0,16,0.0282,0.4425,10000,100
etc_standard,run,4000.0,17,-0.185,0.0798333333333333,10000,100
etc_standard,run,4000.0,18,-0.0478,0.3155,10000,100
etc_standard,run,4000.0,19,-0.1167,0.1881666666666666,10000,100
etc_standard,run,4000.0,20,-0.0353,0.3378333333333333,10000,100
etc_standard,run,4000.0,21,-0.0467,0.3506666666666667,10000,100
etc_standard,run,4000.0,22,-0.0554,0.2945,10000,100
etc_standard,run,4000.0,23,-0.045,0.3433333333333333,10000,100
etc_standard,run,4000.0,24,-0.1968,0.113,10000,100
etc_standard,run,4000.0,25,-0.1493,0.134,10000,100
etc_standard,run,4000.0,26,-0.1142,0.1381666666666666,10000,100
etc_standard,run,4000.0,27,-0.1696,0.1506666666666666,10000,100
etc_standard,run,4000.0,28,-0.1829,0.1348333333333333,10000,100
etc_standard,run,4000.0,29,-0.0689,0.2663333333333333,10000,100
etc_standard,run,4000.0,30,-0.0901,0.2246666666666666,10000,100
etc_standard,run,4000.0,31,-0.1609,0.1945,10000,100
etc_standard,run,4000.0,32,-0.0813,0.2073333333333333,10000,100
etc_standard,run,4000.0,33,-0.026,0.3473333333333333,10000,100
etc_standard,run,4000.0,34,-0.2126,0.0651666666666666,10000,100
etc_standard,run,4000.0,35,-0.1778,0.1556666666666666,10000,100
etc_standard,run,4000.0,36,-0.0741,0.2988333333333333,10000,100
etc_standard,run,4000.0,37,-0.1383,0.1913333333333333,10000,100
etc_standard,run,4000.0,38,-0.1249,0.2078333333333333,10000,100
etc_standard,run,4000.0,39,-0.051,0.3325,10000,100
etc_standard,run,4000.0,40,-0.0579,0.2751666666666666,10000,100
etc_standard,run,4000.0,41,-0.0971,0.2971666666666667,10000,100
etc_standard,run,4000.0,42,-0.1815,0.0328333333333333,10000,100
etc_standard,run,4000.0,43,-0.1224,0.2406666666666666,10000,100
etc_standard,run,4000.0,44,-0.0642,0.2248333333333333,10000,100
etc_standard,run,4000.0,45,-0.1374,0.1873333333333333,10000,100
etc_standard,run,4000.0,46,-0.0531,0.3066666666666666,10000,100
etc_standard,run,4000.0,47,-0.0193,0.3053333333333333,10000,100
etc_standard,run,4000.0,48,-0.1294,0.1561666666666666,10000,100
etc_standard,run,4000.0,49,-0.0963,0.2616666666666666,10000,100
etc_standard,run,4000.0,50,-0.3002,-0.0415,10000,100
etc_standard,run,4000.0,51,-0.1057,0.2443333333333333,10000,100
etc_standard,run,4000.0,52,-0.127,0.1825,10000,100
etc_standard,run,4000.0,53,-0.0812,0.2233333333333333,10000,100
etc_standard,run,4000.0,54,-0.0988,0.1688333333333333,10000,100
etc_standard,run,4000.0,55,-0.2045,0.0963333333333333,10000,100
etc_standard,run,4000.0,56,-0.1578,0.19,10000,100
etc_standard,run,4000.0,57,-0.1982,0.0951666666666666,10000,100
etc_standard,run,4000.0,58,-0.1024,0.1641666666666666,10000,100
etc_standard,run,4000.0,59,-0.0164,0.392,10000,100
etc_standard,run,4000.0,60,-0.0906,0.2431666666666666,10000,100
etc_standard,run,4000.0,61,-0.1426,0.1706666666666666,10000,100
etc_standard,run,4000.0,62,-0.1035,0.2285,10000,100
etc_standard,run,4000.0,63,-0.0585,0.2498333333333333,10000,100
etc_standard,run,4000.0,64,-0.0809,0.2286666666666666,10000,100
etc_standard,run,4000.0,65,0.0405,0.4341666666666666,10000,100
etc_standard,run,4000.0,66,-0.0908,0.239,10000,100
etc_standard,run,4000.0,67,-0.2066,0.0931666666666666,10000,100
etc_standard,run,4000.0,68,-0.0992,0.2476666666666666,10000,100
etc_standard,run,4000.0,69,-0.1737,0.1916666666666666,10000,100
etc_standard,run,4000.0,70,-0.1374,0.2468333333333333,10000,100
etc_standard,run,4000.0,71,0.0535,0.4173333333333333,10000,100
etc_standard,run,4000.0,72,-0.1399,0.2115,10000,100
etc_standard,run,4000.0,73,-0.0866,0.1263333333333333,10000,100
etc_standard,run,4000.0,74,-0.0698,0.2923333333333333,10000,100
etc_standard,run,4000.0,75,-0.192,0.107,10000,100
etc_standard,run,4000.0,76,-0.0412,0.3335,10000,100
etc_standard,run,4000.0,77,-0.1753,0.1078333333333333,10000,100
etc_standard,run,4000.0,78,-0.0705,0.2683333333333333,10000,100
etc_standard,run,4000.0,79,-0.2942,-0.0625,10000,100
etc_standard,run,4000.0,80,-0.1097,0.176,10000,100
etc_standard,run,4000.0,81,-0.127,0.1608333333333333,10000,100
etc_standard,run,4000.0,82,-0.0789,0.2588333333333333,10000,100
etc_standard,run,4000.0,83,-0.2463,0.0958333333333333,10000,100
etc_standard,run,4000.0,84,-0.1743,0.1653333333333333,10000,100
etc_standard,run,4000.0,85,-0.1696,0.0958333333333333,10000,100
etc_standard,run,4000.0,86,-0.2476,0.0876666666666666,10000,100
etc_standard,run,4000.0,87,0.0066,0.3665,10000,100
etc_standard,run,4000.0,88,-0.0013,0.401,10000,100
etc_standard,run,4000.0,89,-0.0963,0.2556666666666666,10000,100
etc_standard,run,4000.0,90,-0.0915,0.269,10000,100
etc_standard,run,4000.0,91,-0.1034,0.2333333333333333,10000,100
etc_standard,run,4000.0,92,-0.1547,0.129,10000,100
etc_standard,run,4000.0,93,-0.0238,0.318,10000,100
etc_standard,run,4000.0,94,-0.073,0.3045,10000,100
etc_standard,run,4000.0,95,-0.1298,0.1996666666666666,10000,100
etc_standard,run,4000.0,96,-0.1766,0.1411666666666666,10000,100
etc_standard,run,4000.0,97,-0.0571,0.2143333333333333,10000,100
etc_standard,run,4000.0,98,-0.1754,0.1733333333333333,10000,100
etc_standard,run,4000.0,99,-0.106,0.2868333333333333,10000,100
etc_standard,run,6000.0,0,-0.247,0.3315,10000,100
etc_standard,run,6000.0,1,-0.1243,0.53575,10000,100
etc_standard,run,6000.0,2,-0.3029,0.0545,10000,100
etc_standard,run,6000.0,3,-0.2983,0.38675,10000,100
etc_standard,run,6000.0,4,-0.2678,0.3065,10000,100
etc_standard,run,6000.0,5,-0.3529,0.22625,10000,100
etc_standard,run,6000.0,6,-0.3041,0.19725,10000,100
etc_standard,run,6000.0,7,-0.2853,0.19475,10000,100
etc_standard,run,6000.0,8,-0.2458,0.32075,10000,100
etc_standard,run,6000.0,9,-0.2601,0.4255,10000,100
etc_standard,run,6000.0,10,-0.2128,0.29125,10000,100
etc_standard,run,6000.0,11,-0.2729,0.3505,10000,100
etc_standard,run,6000.0,12,-0.2858,0.271,10000,100
etc_standard,run,6000.0,13,-0.3636,0.04525,10000,100
etc_standard,run,6000.0,14,-0.2446,0.2675,10000,100
etc_standard,run,6000.0,15,-0.3053,0.18025,10000,100
etc_standard,run,6000.0,16,-0.219,0.3185,10000,100
etc_standard,run,6000.0,17,-0.2803,0.2495,10000,100
etc_standard,run,6000.0,18,-0.259,0.278,10000,100
etc_standard,run,6000.0,19,-0.371,0.00625,10000,100
etc_standard,run,6000.0,20,-0.3189,0.29975,10000,100
etc_standard,run,6000.0,21,-0.1986,0.34925,10000,100
etc_standard,run,6000.0,22,-0.21,0.3225,10000,100
etc_standard,run,6000.0,23,-0.1738,0.403,10000,100
etc_standard,run,6000.0,24,-0.2065,0.3425,10000,100
etc_standard,run,6000.0,25,-0.2319,0.3225,10000,100
etc_standard,run,6000.0,26,-0.216,0.32975,10000,100
etc_standard,run,6000.0,27,-0.3257,0.06525,10000,100
etc_standard,run,6000.0,28,-0.3426,0.15425,10000,100
etc_standard,run,6000.0,29,-0.3532,0.042,10000,100
etc_standard,run,6000.0,30,-0.256,0.33025,10000,100
etc_standard,run,6000.0,31,-0.3366,0.00475,10000,100
etc_standard,run,6000.0,32,-0.2652,0.31575,10000,100
etc_standard,run,6000.0,33,-0.3937,0.077,10000,100
etc_standard,run,6000.0,34,-0.2363,0.344,10000,100
etc_standard,run,6000.0,35,-0.2481,0.429,10000,100
etc_standard,run,6000.0,36,-0.409,0.0645,10000,100
etc_standard,run,6000.0,37,-0.2195,0.21925,10000,100
etc_standard,run,6000.0,38,-0.2096,0.30425,10000,100
etc_standard,run,6000.0,39,-0.24,0.1855,10000,100
etc_standard,run,6000.0,40,-0.1272,0.52625,10000,100
etc_standard,run,6000.0,41,-0.1914,0.22525,10000,100
etc_standard,run,6000.0,42,-0.2679,0.23725,10000,100
etc_standard,run,6000.0,43,-0.1888,0.37825,10000,100
etc_standard,run,6000.0,44,-0.3592,0.16,10000,100
etc_standard,run,6000.0,45,-0.2114,0.343,10000,100
etc_standard,run,6000.0,46,-0.2913,0.1695,10000,100
etc_standard,run,6000.0,47,-0.201,0.32775,10000,100
etc_standard,run,6000.0,48,-0.2212,0.4545,10000,100
etc_standard,run,6000.0,49,-0.3666,0.1095,10000,100
etc_standard,run,6000.0,50,-0.317,0.23025,10000,100
etc_standard,run,6000.0,51,-0.1835,0.3655,10000,100
etc_standard,run,6000.0,52,-0.3071,0.23025,10000,100
etc_standard,run,6000.0,53,-0.2878,0.00675,10000,100
etc_standard,run,6000.0,54,-0.3194,0.23125,10000,100
etc_standard,run,6000.0,55,-0.2651,0.20475,10000,100
etc_standard,run,6000.0,56,-0.2889,0.14775,10000,100
etc_standard,run,6000.0,57,-0.3548,0.061,10000,100
etc_standard,run,6000.0,58,-0.3529,0.10475,10000,100
etc_standard,run,6000.0,59,-0.3001,0.143,10000,100
etc_standard,run,6000.0,60,-0.3571,0.03875,10000,100
etc_standard,run,6000.0,61,-0.2328,0.4585,10000,100
etc_standard,run,6000.0,62,-0.2167,0.21125,10000,100
etc_standard,run,6000.0,63,-0.2568,0.335,10000,100
etc_standard,run,6000.0,64,-0.1984,0.524,10000,100
etc_standard,run,6000.0,65,-0.281,0.23475,10000,100
etc_standard,run,6000.0,66,-0.2907,0.153,10000,100
etc_standard,run,6000.0,67,-0.2835,0.11725,10000,100
etc_standard,run,6000.0,68,-0.2152,0.2895,10000,100
etc_standard,run,6000.0,69,-0.3442,0.18225,10000,100
etc_standard,run,6000.0,70,-0.1959,0.484,10000,100
etc_standard,run,6000.0,71,-0.2852,0.30975,10000,100
etc_standard,run,6000.0,72,-0.2541,0.32525,10000,100
etc_standard,run,6000.0,73,-0.2299,0.31675,10000,100
etc_standard,run,6000.0,74,-0.2762,0.30575,10000,100
etc_standard,run,6000.0,75,-0.21,0.5425,10000,100
etc_standard,run,6000.0,76,-0.2756,0.2055,10000,100
etc_standard,run,6000.0,77,-0.1094,0.5145,10000,100
etc_standard,run,6000.0,78,-0.2542,0.39925,10000,100
etc_standard,run,6000.0,79,-0.3441,0.1045,10000,100
etc_standard,run,6000.0,80,-0.2286,0.31575,10000,100
etc_standard,run,6000.0,81,-0.2608,0.34575,10000,100
etc_standard,run,6000.0,82,-0.2172,0.30125,10000,100
etc_standard,run,6000.0,83,-0.289,0.2565,10000,100
etc_standard,run,6000.0,84,-0.1706,0.5665,10000,100
etc_standard,run,6000.0,85,-0.3138,0.18525,10000,100
etc_standard,run,6000.0,86,-0.2541,0.193,10000,100
etc_standard,run,6000.0,87,-0.3814,0.14075,10000,100
etc_standard,run,6000.0,88,-0.3038,0.19125,10000,100
etc_standard,run,6000.0,89,-0.3382,0.1965,10000,100
etc_standard,run,6000.0,90,-0.2668,0.2345,10000,100
etc_standard,run,6000.0,91,-0.211,0.3285,10000,100
etc_standard,run,6000.0,92,-0.1429,0.45375,10000,100
etc_standard,run,6000.0,93,-0.3671,0.1445,10000,100
etc_standard,run,6000.0,94,-0.3185,0.12925,10000,100
etc_standard,run,6000.0,95,-0.3231,0.25275,10000,100
etc_standard,run,6000.0,96,-0.2601,0.1735,10000,100
etc_standard,run,6000.0,97,-0.1566,0.4705,10000,100
etc_standard,run,6000.0,98,-0.277,0.22825,10000,100
etc_standard,run,6000.0,99,-0.2565,0.29475,10000,100
etc_standard,run,8000.0,0,-0.4531,0.2875,10000,100
etc_standard,run,8000.0,1,-0.5297,0.1215,10000,100
etc_standard,run,8000.0,2,-0.4118,0.3665,10000,100
etc_standard,run,8000.0,3,-0.4069,0.518,10000,100
etc_standard,run,8000.0,4,-0.4382,0.3885,10000,100
etc_standard,run,8000.0,5,-0.5214,0.2095,10000,100
etc_standard,run,8000.0,6,-0.409,0.297,10000,100
etc_standard,run,8000.0,7,-0.4619,0.2825,10000,100
etc_standard,run,8000.0,8,-0.4256,0.4105,10000,100
etc_standard,run,8000.0,9,-0.4876,0.127,10000,100
etc_standard,run,8000.0,10,-0.4566,0.002,10000,100
etc_standard,run,8000.0,11,-0.4077,0.244,10000,100
etc_standard,run,8000.0,12,-0.4086,0.4085,10000,100
etc_standard,run,8000.0,13,-0.5582,-0.191,10000,100
etc_standard,run,8000.0,14,-0.4438,0.381,10000,100
etc_standard,run,8000.0,15,-0.4409,0.1855,10000,100
etc_standard,run,8000.0,16,-0.4835,-0.007,10000,100
etc_standard,run,8000.0,17,-0.336,0.524,10000,100
etc_standard,run,8000.0,18,-0.4248,0.264,10000,100
etc_standard,run,8000.0,19,-0.4825,0.1155,10000,100
etc_standard,run,8000.0,20,-0.5164,0.147,10000,100
etc_standard,run,8000.0,21,-0.3941,0.3105,10000,100
etc_standard,run,8000.0,22,-0.4142,0.277,10000,100
etc_standard,run,8000.0,23,-0.4827,0.236,10000,100
etc_standard,run,8000.0,24,-0.4138,0.309,10000,100
etc_standard,run,8000.0,25,-0.4853,0.139,10000,100
etc_standard,run,8000.0,26,-0.4672,0.224,10000,100
etc_standard,run,8000.0,27,-0.3347,0.38,10000,100
etc_standard,run,8000.0,28,-0.4039,0.311,10000,100
etc_standard,run,8000.0,29,-0.4362,0.2635,10000,100
etc_standard,run,8000.0,30,-0.5034,0.049,10000,100
etc_standard,run,8000.0,31,-0.4354,0.38,10000,100
etc_standard,run,8000.0,32,-0.4744,0.256,10000,100
etc_standard,run,8000.0,33,-0.4855,0.376,10000,100
etc_standard,run,8000.0,34,-0.4733,0.251,10000,100
etc_standard,run,8000.0,35,-0.4864,0.3535,10000,100
etc_standard,run,8000.0,36,-0.503,0.1125,10000,100
etc_standard,run,8000.0,37,-0.4654,0.2615,10000,100
etc_standard,run,8000.0,38,-0.3837,0.1815,10000,100
etc_standard,run,8000.0,39,-0.4714,0.3185,10000,100
etc_standard,run,8000.0,40,-0.3842,0.3195,10000,100
etc_standard,run,8000.0,41,-0.4625,0.2965,10000,100
etc_standard,run,8000.0,42,-0.4808,0.063,10000,100
etc_standard,run,8000.0,43,-0.4389,0.2935,10000,100
etc_standard,run,8000.0,44,-0.3495,0.348,10000,100
etc_standard,run,8000.0,45,-0.5011,0.3325,10000,100
etc_standard,run,8000.0,46,-0.4425,0.255,10000,100
etc_standard,run,8000.0,47,-0.3346,0.5665,10000,100
etc_standard,run,8000.0,48,-0.4313,0.2465,10000,100
etc_standard,run,8000.0,49,-0.507,0.2405,10000,100
etc_standard,run,8000.0,50,-0.4546,0.156,10000,100
etc_standard,run,8000.0,51,-0.3957,0.5195,10000,100
etc_standard,run,8000.0,52,-0.4358,0.486,10000,100
etc_standard,run,8000.0,53,-0.4227,0.5385,10000,100
etc_standard,run,8000.0,54,-0.4345,0.232,10000,100
etc_standard,run,8000.0,55,-0.3443,0.34,10000,100
etc_standard,run,8000.0,56,-0.4142,0.333,10000,100
etc_standard,run,8000.0,57,-0.5296,0.2055,10000,100
etc_standard,run,8000.0,58,-0.4714,0.303,10000,100
etc_standard,run,8000.0,59,-0.3816,0.5305,10000,100
etc_standard,run,8000.0,60,-0.4099,0.2295,10000,100
etc_standard,run,8000.0,61,-0.4023,0.387,10000,100
etc_standard,run,8000.0,62,-0.4621,0.2735,10000,100
etc_standard,run,8000.0,63,-0.4729,0.17,10000,100
etc_standard,run,8000.0,64,-0.4994,0.1175,10000,100
etc_standard,run,8000.0,65,-0.4549,0.213,10000,100
etc_standard,run,8000.0,66,-0.4693,0.2505,10000,100
etc_standard,run,8000.0,67,-0.4705,0.2595,10000,100
etc_standard,run,8000.0,68,-0.4877,0.211,10000,100
etc_standard,run,8000.0,69,-0.4532,0.173,10000,100
etc_standard,run,8000.0,70,-0.3988,0.274,10000,100
etc_standard,run,8000.0,71,-0.4775,0.311,10000,100
etc_standard,run,8000.0,72,-0.4597,0.0355,10000,100
etc_standard,run,8000.0,73,-0.5115,0.2335,10000,100
etc_standard,run,8000.0,74,-0.466,0.2845,10000,100
etc_standard,run,8000.0,75,-0.4126,0.02,10000,100
etc_standard,run,8000.0,76,-0.4462,0.2805,10000,100
etc_standard,run,8000.0,77,-0.4484,0.2465,10000,100
etc_standard,run,8000.0,78,-0.4329,0.027,10000,100
etc_standard,run,8000.0,79,-0.4404,0.1115,10000,100
etc_standard,run,8000.0,80,-0.4048,0.329,10000,100
etc_standard,run,8000.0,81,-0.4226,0.2755,10000,100
etc_standard,run,8000.0,82,-0.4117,0.3125,10000,100
etc_standard,run,8000.0,83,-0.4849,0.101,10000,100
etc_standard,run,8000.0,84,-0.3881,0.297,10000,100
etc_standard,run,8000.0,85,-0.4667,0.2395,10000,100
etc_standard,run,8000.0,86,-0.4776,0.314,10000,100
etc_standard,run,8000.0,87,-0.4895,0.118,10000,100
etc_standard,run,8000.0,88,-0.5688,0.0995,10000,100
etc_standard,run,8000.0,89,-0.4729,0.2205,10000,100
etc_standard,run,8000.0,90,-0.5039,0.436,10000,100
etc_standard,run,8000.0,91,-0.4968,0.3295,10000,100
etc_standard,run,8000.0,92,-0.4489,0.466,10000,100
etc_standard,run,8000.0,93,-0.4156,0.186,10000,100
etc_standard,run,8000.0,94,-0.4165,0.4325,10000,100
etc_standard,run,8000.0,95,-0.5015,0.307,10000,100
etc_standard,run,8000.0,96,-0.5001,0.267,10000,100
etc_standard,run,8000.0,97,-0.4727,0.2115,10000,100
etc_standard,run,8000.0,98,-0.441,0.425,10000,100
etc_standard,run,8000.0,99,-0.3919,0.435,10000,100
etc_standard,run,9000.0,0,-0.5387,0.548,10000,100
etc_standard,run,9000.0,1,-0.468,0.551,10000,100
etc_standard,run,9000.0,2,-0.46,0.353,10000,100
etc_standard,run,9000.0,3,-0.5338,0.49,10000,100
etc_standard,run,9000.0,4,-0.5229,0.27,10000,100
etc_standard,run,9000.0,5,-0.5905,0.211,10000,100
etc_standard,run,9000.0,6,-0.5911,0.295,10000,100
etc_standard,run,9000.0,7,-0.5978,0.507,10000,100
etc_standard,run,9000.0,8,-0.5538,-0.149,10000,100
etc_standard,run,9000.0,9,-0.4332,0.276,10000,100
etc_standard,run,9000.0,10,-0.5407,-0.122,10000,100
etc_standard,run,9000.0,11,-0.5978,0.12,10000,100
etc_standard,run,9000.0,12,-0.4467,0.476,10000,100
etc_standard,run,9000.0,13,-0.5765,-0.239,10000,100
etc_standard,run,9000.0,14,-0.5654,0.222,10000,100
etc_standard,run,9000.0,15,-0.5313,0.625,10000,100
etc_standard,run,9000.0,16,-0.5064,0.583,10000,100
etc_standard,run,9000.0,17,-0.5743,0.118,10000,100
etc_standard,run,9000.0,18,-0.5489,0.334,10000,100
etc_standard,run,9000.0,19,-0.4506,0.459,10000,100
etc_standard,run,9000.0,20,-0.5514,0.147,10000,100
etc_standard,run,9000.0,21,-0.592,0.23,10000,100
etc_standard,run,9000.0,22,-0.4946,0.044,10000,100
etc_standard,run,9000.0,23,-0.539,0.256,10000,100
etc_standard,run,9000.0,24,-0.5157,0.189,10000,100
etc_standard,run,9000.0,25,-0.5342,0.449,10000,100
etc_standard,run,9000.0,26,-0.4884,0.407,10000,100
etc_standard,run,9000.0,27,-0.5497,0.066,10000,100
etc_standard,run,9000.0,28,-0.4603,0.77,10000,100
etc_standard,run,9000.0,29,-0.6176,0.295,10000,100
etc_standard,run,9000.0,30,-0.5283,0.293,10000,100
etc_standard,run,9000.0,31,-0.4439,0.168,10000,100
etc_standard,run,9000.0,32,-0.57,0.288,10000,100
etc_standard,run,9000.0,33,-0.4653,0.317,10000,100
etc_standard,run,9000.0,34,-0.5154,0.476,10000,100
etc_standard,run,9000.0,35,-0.5002,0.379,10000,100
etc_standard,run,9000.0,36,-0.5034,0.096,10000,100
etc_standard,run,9000.0,37,-0.5105,0.527,10000,100
etc_standard,run,9000.0,38,-0.5084,0.376,10000,100
etc_standard,run,9000.0,39,-0.5142,0.594,10000,100
etc_standard,run,9000.0,40,-0.5655,0.096,10000,100
etc_standard,run,9000.0,41,-0.55,0.225,10000,100
etc_standard,run,9000.0,42,-0.5395,0.227,10000,100
etc_standard,run,9000.0,43,-0.6369,0.167,10000,100
etc_standard,run,9000.0,44,-0.6249,0.374,10000,100
etc_standard,run,9000.0,45,-0.5775,0.124,10000,100
etc_standard,run,9000.0,46,-0.4483,0.338,10000,100
etc_standard,run,9000.0,47,-0.5219,0.471,10000,100
etc_standard,run,9000.0,48,-0.5153,0.011,10000,100
etc_standard,run,9000.0,49,-0.555,-0.139,10000,100
etc_standard,run,9000.0,50,-0.4493,0.833,10000,100
etc_standard,run,9000.0,51,-0.4769,0.089,10000,100
etc_standard,run,9000.0,52,-0.5311,0.339,10000,100
etc_standard,run,9000.0,53,-0.5529,0.331,10000,100
etc_standard,run,9000.0,54,-0.5244,0.545,10000,100
etc_standard,run,9000.0,55,-0.5399,0.339,10000,100
etc_standard,run,9000.0,56,-0.6461,0.205,10000,100
etc_standard,run,9000.0,57,-0.6388,-0.016,10000,100
etc_standard,run,9000.0,58,-0.58,0.206,10000,100
etc_standard,run,9000.0,59,-0.4078,0.368,10000,100
etc_standard,run,9000.0,60,-0.5091,0.285,10000,100
etc_standard,run,9000.0,61,-0.485,0.179,10000,100
etc_standard,run,9000.0,62,-0.5268,0.415,10000,100
etc_standard,run,9000.0,63,-0.5709,0.121,10000,100
etc_standard,run,9000.0,64,-0.4974,0.292,10000,100
etc_standard,run,9000.0,65,-0.5987,-0.05,10000,100
etc_standard,run,9000.0,66,-0.5656,-0.013,10000,100
etc_standard,run,9000.0,67,-0.5498,0.422,10000,100
etc_standard,run,9000.0,68,-0.4982,0.328,10000,100
etc_standard,run,9000.0,69,-0.5166,0.295,10000,100
etc_standard,run,9000.0,70,-0.5997,0.043,10000,100
etc_standard,run,9000.0,71,-0.4744,0.458,10000,100
etc_standard,run,9000.0,72,-0.5692,0.442,10000,100
etc_standard,run,9000.0,73,-0.703,-0.199,10000,100
etc_standard,run,9000.0,74,-0.6148,0.179,10000,100
etc_standard,run,9000.0,75,-0.4924,0.156,10000,100
etc_standard,run,9000.0,76,-0.4716,0.089,10000,100
etc_standard,run,9000.0,77,-0.4622,0.712,10000,100
etc_standard,run,9000.0,78,-0.5454,-0.03,10000,100
etc_standard,run,9000.0,79,-0.525,0.242,10000,100
etc_standard,run,9000.0,80,-0.5384,0.362,10000,100
etc_standard,run,9000.0,81,-0.5116,0.252,10000,100
etc_standard,run,9000.0,82,-0.5484,0.359,10000,100
etc_standard,run,9000.0,83,-0.5763,0.339,10000,100
etc_standard,run,9000.0,84,-0.4667,0.505,10000,100
etc_standard,run,9000.0,85,-0.5047,0.418,10000,100
etc_standard,run,9000.0,86,-0.5588,0.114,10000,100
etc_standard,run,9000.0,87,-0.5389,0.293,10000,100
etc_standard,run,9000.0,88,-0.5176,0.508,10000,100
etc_standard,run,9000.0,89,-0.5862,-0.031,10000,100
etc_standard,run,9000.0,90,-0.4996,0.134,10000,100
etc_standard,run,9000.0,91,-0.5026,0.255,10000,100
etc_standard,run,9000.0,92,-0.4303,0.758,10000,100
etc_standard,run,9000.0,93,-0.5924,0.148,10000,100
etc_standard,run,9000.0,94,-0.4805,0.21,10000,100
etc_standard,run,9000.0,95,-0.5522,0.322,10000,100
etc_standard,run,9000.0,96,-0.4554,0.422,10000,100
etc_standard,run,9000.0,97,-0.5193,0.304,10000,100
etc_standard,run,9000.0,98,-0.4772,0.713,10000,100
etc_standard,run,9000.0,99,-0.5146,0.167,10000,100
etc_standard,run,9500.0,0,-0.5071,0.468,10000,100
etc_standard,run,9500.0,1,-0.5957,0.212,10000,100
etc_standard,run,9500.0,2,-0.5636,0.332,10000,100
etc_standard,run,9500.0,3,-0.5112,-0.098,10000,100
etc_standard,run,9500.0,4,-0.51,0.366,10000,100
etc_standard,run,9500.0,5,-0.6294,0.4,10000,100
etc_standard,run,9500.0,6,-0.5255,0.606,10000,100
etc_standard,run,9500.0,7,-0.542,0.158,10000,100
etc_standard,run,9500.0,8,-0.5379,0.514,10000,100
etc_standard,run,9500.0,9,-0.6463,0.242,10000,100
etc_standard,run,9500.0,10,-0.5196,0.772,10000,100
etc_standard,run,9500.0,11,-0.623,0.038,10000,100
etc_standard,run,9500.0,12,-0.5434,0.84,10000,100
etc_standard,run,9500.0,13,-0.5575,0.166,10000,100
etc_standard,run,9500.0,14,-0.6785,0.3,10000,100
etc_standard,run,9500.0,15,-0.6584,0.15,10000,100
etc_standard,run,9500.0,16,-0.5935,0.204,10000,100
etc_standard,run,9500.0,17,-0.5636,0.776,10000,100
etc_standard,run,9500.0,18,-0.5533,0.512,10000,100
etc_standard,run,9500.0,19,-0.5693,-0.092,10000,100
etc_standard,run,9500.0,20,-0.5298,0.3,10000,100
etc_standard,run,9500.0,21,-0.6239,0.14,10000,100
etc_standard,run,9500.0,22,-0.59,0.666,10000,100
etc_standard,run,9500.0,23,-0.6408,0.32,10000,100
etc_standard,run,9500.0,24,-0.5581,0.184,10000,100
etc_standard,run,9500.0,25,-0.4475,0.282,10000,100
etc_standard,run,9500.0,26,-0.5809,0.522,10000,100
etc_standard,run,9500.0,27,-0.5587,0.044,10000,100
etc_standard,run,9500.0,28,-0.5818,0.74,10000,100
etc_standard,run,9500.0,29,-0.4995,0.176,10000,100
etc_standard,run,9500.0,30,-0.5131,0.378,10000,100
etc_standard,run,9500.0,31,-0.6252,0.378,10000,100
etc_standard,run,9500.0,32,-0.5206,0.266,10000,100
etc_standard,run,9500.0,33,-0.5668,0.364,10000,100
etc_standard,run,9500.0,34,-0.5083,0.924,10000,100
etc_standard,run,9500.0,35,-0.5976,0.134,10000,100
etc_standard,run,9500.0,36,-0.6008,0.458,10000,100
etc_standard,run,9500.0,37,-0.5572,0.238,10000,100
etc_standard,run,9500.0,38,-0.5763,0.424,10000,100
etc_standard,run,9500.0,39,-0.5269,0.504,10000,100
etc_standard,run,9500.0,40,-0.589,0.094,10000,100
etc_standard,run,9500.0,41,-0.5691,-0.042,10000,100
etc_standard,run,9500.0,42,-0.6144,0.152,10000,100
etc_standard,run,9500.0,43,-0.5974,0.006,10000,100
etc_standard,run,9500.0,44,-0.6655,0.036,10000,100
etc_standard,run,9500.0,45,-0.5682,0.248,10000,100
etc_standard,run,9500.0,46,-0.6358,0.514,10000,100
etc_standard,run,9500.0,47,-0.5545,0.562,10000,100
etc_standard,run,9500.0,48,-0.5855,-0.326,10000,100
etc_standard,run,9500.0,49,-0.5624,0.33,10000,100
etc_standard,run,9500.0,50,-0.6004,0.43,10000,100
etc_standard,run,9500.0,51,-0.4873,0.356,10000,100
etc_standard,run,9500.0,52,-0.4972,0.758,10000,100
etc_standard,run,9500.0,53,-0.5763,0.22,10000,100
etc_standard,run,9500.0,54,-0.5908,0.136,10000,100
etc_standard,run,9500.0,55,-0.5218,0.434,10000,100
etc_standard,run,9500.0,56,-0.4101,0.272,10000,100
etc_standard,run,9500.0,57,-0.5919,0.072,10000,100
etc_standard,run,9500.0,58,-0.6126,-0.036,10000,100
etc_standard,run,9500.0,59,-0.5891,-0.098,10000,100
etc_standard,run,9500.0,60,-0.5521,0.354,10000,100
etc_standard,run,9500.0,61,-0.5684,-0.204,10000,100
etc_standard,run,9500.0,62,-0.5324,0.532,10000,100
etc_standard,run,9500.0,63,-0.5627,0.316,10000,100
etc_standard,run,9500.0,64,-0.5641,0.55,10000,100
etc_standard,run,9500.0,65,-0.5557,0.186,10000,100
etc_standard,run,9500.0,66,-0.5261,0.564,10000,100
etc_standard,run,9500.0,67,-0.5054,0.8,10000,100
etc_standard,run,9500.0,68,-0.6054,0.018,10000,100
etc_standard,run,9500.0,69,-0.5218,0.506,10000,100
etc_standard,run,9500.0,70,-0.6036,-0.084,10000,100
etc_standard,run,9500.0,71,-0.6332,0.218,10000,100
etc_standard,run,9500.0,72,-0.6458,0.19,10000,100
etc_standard,run,9500.0,73,-0.5749,0.352,10000,100
etc_standard,run,9500.0,74,-0.6348,-0.538,10000,100
etc_standard,run,9500.0,75,-0.5011,0.742,10000,100
etc_standard,run,9500.0,76,-0.6057,-0.078,10000,100
etc_standard,run,9500.0,77,-0.7151,-0.05,10000,100
etc_standard,run,9500.0,78,-0.5432,0.198,10000,100
etc_standard,run,9500.0,79,-0.5918,0.196,10000,100
etc_standard,run,9500.0,80,-0.5577,0.404,10000,100
etc_standard,run,9500.0,81,-0.623,0.38,10000,100
etc_standard,run,9500.0,82,-0.6053,0.104,10000,100
etc_standard,run,9500.0,83,-0.5577,0.38,10000,100
etc_standard,run,9500.0,84,-0.6625,0.382,10000,100
etc_standard,run,9500.0,85,-0.5671,-0.314,10000,100
etc_standard,run,9500.0,86,-0.575,0.232,10000,100
etc_standard,run,9500.0,87,-0.5944,0.324,10000,100
etc_standard,run,9500.0,88,-0.6061,0.25,10000,100
etc_standard,run,9500.0,89,-0.6242,0.636,10000,100
etc_standard,run,9500.0,90,-0.5911,-0.374,10000,100
etc_standard,run,9500.0,91,-0.6307,0.026,10000,100
etc_standard,run,9500.0,92,-0.5333,0.07,10000,100
etc_standard,run,9500.0,93,-0.5888,-0.008,10000,100
etc_standard,run,9500.0,94,-0.5433,0.33,10000,100
etc_standard,run,9500.0,95,-0.6244,0.548,10000,100
etc_standard,run,9500.0,96,-0.5315,0.206,10000,100
etc_standard,run,9500.0,97,-0.5561,0.728,10000,100
etc_standard,run,9500.0,98,-0.5159,0.63,10000,100
etc_standard,run,9500.0,99,-0.4541,0.748,10000,100
etc_simplified,run,1000.0,0,-0.0079,0.0496666666666666,10000,100
etc_simplified,run,1000.0,1,-0.0633,-0.01,10000,100
etc_simplified,run,1000.0,2,0.1467,0.2517777777777777,10000,100
etc_simplified,run,1000.0,3,0.1238,0.2144444444444444,10000,100
etc_simplified,run,1000.0,4,0.2321,0.33,10000,100
etc_simplified,run,1000.0,5,0.3012,0.3918888888888889,10000,100
etc_simplified,run,1000.0,6,0.1065,0.1727777777777777,10000,100
etc_simplified,run,1000.0,7,0.1145,0.1977777777777777,10000,100
etc_simplified,run,1000.0,8,0.0049,0.0772222222222222,10000,100
etc_simplified,run,1000.0,9,0.0497,0.1268888888888888,10000,100
etc_simplified,run,1000.0,10,-0.0341,0.0075555555555555,10000,100
etc_simplified,run,1000.0,11,0.0593,0.1388888888888889,10000,100
etc_simplified,run,1000.0,12,0.0471,0.1103333333333333,10000,100
etc_simplified,run,1000.0,13,0.1432,0.2565555555555555,10000,100
etc_simplified,run,1000.0,14,0.2447,0.3592222222222222,10000,100
etc_simplified,run,1000.0,15,0.3217,0.3974444444444444,10000,100
etc_simplified,run,1000.0,16,0.212,0.3095555555555555,10000,100
etc_simplified,run,1000.0,17,0.1079,0.2001111111111111,10000,100
etc_simplified,run,1000.0,18,0.1343,0.2363333333333333,10000,100
etc_simplified,run,1000.0,19,0.1121,0.2103333333333333,10000,100
etc_simplified,run,1000.0,20,0.1869,0.2735555555555555,10000,100
etc_simplified,run,1000.0,21,-0.0351,0.0415555555555555,10000,100
etc_simplified,run,1000.0,22,0.1407,0.2211111111111111,10000,100
etc_simplified,run,1000.0,23,0.0164,0.0986666666666666,10000,100
etc_simplified,run,1000.0,24,0.1129,0.2034444444444444,10000,100
etc_simplified,run,1000.0,25,0.2392,0.3217777777777778,10000,100
etc_simplified,run,1000.0,26,0.0574,0.1297777777777777,10000,100
etc_simplified,run,1000.0,27,0.1202,0.2173333333333333,10000,100
etc_simplified,run,1000.0,28,-0.2035,-0.1428888888888889,10000,100
etc_simplified,run,1000.0,29,0.1081,0.1816666666666666,10000,100
etc_simplified,run,1000.0,30,0.2565,0.3578888888888888,10000,100
etc_simplified,run,1000.0,31,0.3218,0.401,10000,100
etc_simplified,run,1000.0,32,0.0208,0.0755555555555555,10000,100
etc_simplified,run,1000.0,33,0.173,0.2682222222222222,10000,100
etc_simplified,run,1000.0,34,0.189,0.2858888888888889,10000,100
etc_simplified,run,1000.0,35,0.1894,0.2891111111111111,10000,100
etc_simplified,run,1000.0,36,0.1319,0.1788888888888888,10000,100
etc_simplified,run,1000.0,37,0.2125,0.2932222222222222,10000,100
etc_simplified,run,1000.0,38,0.0029,0.0874444444444444,10000,100
etc_simplified,run,1000.0,39,0.1342,0.2083333333333333,10000,100
etc_simplified,run,1000.0,40,0.0906,0.1717777777777777,10000,100
etc_simplified,run,1000.0,41,0.327,0.4443333333333333,10000,100
etc_simplified,run,1000.0,42,0.0618,0.1525555555555555,10000,100
etc_simplified,run,1000.0,43,0.1432,0.2453333333333333,10000,100
etc_simplified,run,1000.0,44,0.0624,0.1487777777777778,10000,100
etc_simplified,run,1000.0,45,0.2725,0.3786666666666666,10000,100
etc_simplified,run,1000.0,46,-0.1286,-0.0698888888888888,10000,100
etc_simplified,run,1000.0,47,0.2797,0.3721111111111111,10000,100
etc_simplified,run,1000.0,48,-0.0563,-0.0061111111111111,10000,100
etc_simplified,run,1000.0,49,-0.1588,-0.0921111111111111,10000,100
etc_simplified,run,1000.0,50,-0.2286,-0.2094444444444444,10000,100
etc_simplified,run,1000.0,51,-0.0277,0.0646666666666666,10000,100
etc_simplified,run,1000.0,52,0.316,0.3928888888888889,10000,100
etc_simplified,run,1000.0,53,0.1912,0.2784444444444444,10000,100
etc_simplified,run,1000.0,54,0.2873,0.3811111111111111,10000,100
etc_simplified,run,1000.0,55,0.0222,0.1144444444444444,10000,100
etc_simplified,run,1000.0,56,0.0058,0.0422222222222222,10000,100
etc_simplified,run,1000.0,57,0.0112,0.0898888888888889,10000,100
etc_simplified,run,1000.0,58,0.3569,0.4801111111111111,10000,100
etc_simplified,run,1000.0,59,-0.0644,-0.0111111111111111,10000,100
etc_simplified,run,1000.0,60,-0.0841,-0.0292222222222222,10000,100
etc_simplified,run,1000.0,61,-0.1954,-0.1651111111111111,10000,100
etc_simplified,run,1000.0,62,0.2868,0.3916666666666666,10000,100
etc_simplified,run,1000.0,63,-0.0366,0.035,10000,100
etc_simplified,run,1000.0,64,-0.1794,-0.1235555555555555,10000,100
etc_simplified,run,1000.0,65,0.1207,0.2186666666666666,10000,100
etc_simplified,run,1000.0,66,-0.0163,0.0393333333333333,10000,100
etc_simplified,run,1000.0,67,0.1753,0.2622222222222222,10000,100
etc_simplified,run,1000.0,68,0.0183,0.0926666666666666,10000,100
etc_simplified,run,1000.0,69,-0.0168,0.0393333333333333,10000,100
etc_simplified,run,1000.0,70,0.0088,0.0714444444444444,10000,100
etc_simplified,run,1000.0,71,0.2078,0.3021111111111111,10000,100
etc_simplified,run,1000.0,72,0.0779,0.17,10000,100
etc_simplified,run,1000.0,73,0.1547,0.2262222222222222,10000,100
etc_simplified,run,1000.0,74,0.0418,0.0856666666666666,10000,100
etc_simplified,run,1000.0,75,0.2343,0.3106666666666666,10000,100
etc_simplified,run,1000.0,76,0.0055,0.0668888888888888,10000,100
etc_simplified,run,1000.0,77,0.0381,0.0846666666666666,10000,100
etc_simplified,run,1000.0,78,0.0187,0.0923333333333333,10000,100
etc_simplified,run,1000.0,79,0.0451,0.1218888888888889,10000,100
etc_simplified,run,1000.0,80,-0.333,-0.3027777777777777,10000,100
etc_simplified,run,1000.0,81,0.0019,0.0681111111111111,10000,100
etc_simplified,run,1000.0,82,-0.0604,-0.0135555555555555,10000,100
etc_simplified,run,1000.0,83,-0.1415,-0.0983333333333333,10000,100
etc_simplified,run,1000.0,84,-0.0319,0.0468888888888888,10000,100
etc_simplified,run,1000.0,85,0.1364,0.1935555555555555,10000,100
etc_simplified,run,1000.0,86,0.0625,0.1471111111111111,10000,100
etc_simplified,run,1000.0,87,0.0101,0.0812222222222222,10000,100
etc_simplified,run,1000.0,88,-0.163,-0.1364444444444444,10000,100
etc_simplified,run,1000.0,89,0.4028,0.5446666666666666,10000,100
etc_simplified,run,1000.0,90,0.0203,0.0768888888888889,10000,100
etc_simplified,run,1000.0,91,0.1911,0.2692222222222222,10000,100
etc_simplified,run,1000.0,92,0.2312,0.2921111111111111,10000,100
etc_simplified,run,1000.0,93,-0.0455,0.0417777777777777,10000,100
etc_simplified,run,1000.0,94,-0.0383,0.0454444444444444,10000,100
etc_simplified,run,1000.0,95,-0.0017,0.0791111111111111,10000,100
etc_simplified,run,1000.0,96,-0.1047,-0.042,10000,100
etc_simplified,run,1000.0,97,0.1978,0.2893333333333333,10000,100
etc_simplified,run,1000.0,98,0.096,0.1824444444444444,10000,100
etc_simplified,run,1000.0,99,0.0564,0.123,10000,100
etc_simplified,run,2000.0,0,0.1112,0.308125,10000,100
etc_simplified,run,2000.0,1,0.0555,0.243875,10000,100
etc_simplified,run,2000.0,2,0.0647,0.225125,10000,100
etc_simplified,run,2000.0,3,-0.0542,0.07725,10000,100
etc_simplified,run,2000.0,4,0.026,0.165125,10000,100
etc_simplified,run,2000.0,5,0.0642,0.282125,10000,100
etc_simplified,run,2000.0,6,0.0686,0.279875,10000,100
etc_simplified,run,2000.0,7,0.0445,0.176,10000,100
etc_simplified,run,2000.0,8,0.0382,0.189125,10000,100
etc_simplified,run,2000.0,9,-0.0268,0.1165,10000,100
etc_simplified,run,2000.0,10,-0.0339,0.1285,10000,100
etc_simplified,run,2000.0,11,-0.0768,-0.0005,10000,100
etc_simplified,run,2000.0,12,0.0892,0.25125,10000,100
etc_simplified,run,2000.0,13,0.0452,0.18425,10000,100
etc_simplified,run,2000.0,14,0.199,0.43775,10000,100
etc_simplified,run,2000.0,15,0.1441,0.319125,10000,100
etc_simplified,run,2000.0,16,-0.0078,0.150125,10000,100
etc_simplified,run,2000.0,17,-0.1518,-0.017,10000,100
etc_simplified,run,2000.0,18,0.1166,0.278875,10000,100
etc_simplified,run,2000.0,19,0.111,0.31675,10000,100
etc_simplified,run,2000.0,20,-0.0868,0.05975,10000,100
etc_simplified,run,2000.0,21,0.1781,0.350125,10000,100
etc_simplified,run,2000.0,22,0.0521,0.221375,10000,100
etc_simplified,run,2000.0,23,0.0298,0.23225,10000,100
etc_simplified,run,2000.0,24,0.0726,0.218,10000,100
etc_simplified,run,2000.0,25,0.0394,0.212125,10000,100
etc_simplified,run,2000.0,26,0.0102,0.17775,10000,100
etc_simplified,run,2000.0,27,0.0823,0.260625,10000,100
etc_simplified,run,2000.0,28,-0.0029,0.183625,10000,100
etc_simplified,run,2000.0,29,-0.0251,0.128625,10000,100
etc_simplified,run,2000.0,30,0.1607,0.352125,10000,100
etc_simplified,run,2000.0,31,0.0214,0.1845,10000,100
etc_simplified,run,2000.0,32,0.1064,0.258625,10000,100
etc_simplified,run,2000.0,33,0.1124,0.298125,10000,100
etc_simplified,run,2000.0,34,-0.1058,0.04425,10000,100
etc_simplified,run,2000.0,35,0.1557,0.372,10000,100
etc_simplified,run,2000.0,36,-0.0337,0.099125,10000,100
etc_simplified,run,2000.0,37,-0.0417,0.11725,10000,100
etc_simplified,run,2000.0,38,0.1426,0.339625,10000,100
etc_simplified,run,2000.0,39,-0.1,-0.004875,10000,100
etc_simplified,run,2000.0,40,0.1228,0.317625,10000,100
etc_simplified,run,2000.0,41,0.2151,0.3735,10000,100
etc_simplified,run,2000.0,42,0.1056,0.266,10000,100
etc_simplified,run,2000.0,43,-0.0781,0.090875,10000,100
etc_simplified,run,2000.0,44,-0.2596,-0.139125,10000,100
etc_simplified,run,2000.0,45,0.2429,0.439125,10000,100
etc_simplified,run,2000.0,46,0.2449,0.473375,10000,100
etc_simplified,run,2000.0,47,0.0927,0.272625,10000,100
etc_simplified,run,2000.0,48,-0.0041,0.176625,10000,100
etc_simplified,run,2000.0,49,0.034,0.212875,10000,100
etc_simplified,run,2000.0,50,0.136,0.296625,10000,100
etc_simplified,run,2000.0,51,0.055,0.221,10000,100
etc_simplified,run,2000.0,52,0.0414,0.199375,10000,100
etc_simplified,run,2000.0,53,0.0928,0.27025,10000,100
etc_simplified,run,2000.0,54,0.0837,0.260625,10000,100
etc_simplified,run,2000.0,55,0.1149,0.27175,10000,100
etc_simplified,run,2000.0,56,0.0539,0.25825,10000,100
etc_simplified,run,2000.0,57,0.0256,0.157125,10000,100
etc_simplified,run,2000.0,58,0.1624,0.296,10000,100
etc_simplified,run,2000.0,59,0.072,0.198,10000,100
etc_simplified,run,2000.0,60,-0.1113,-0.018625,10000,100
etc_simplified,run,2000.0,61,0.1205,0.337375,10000,100
etc_simplified,run,2000.0,62,0.0562,0.241,10000,100
etc_simplified,run,2000.0,63,0.1388,0.331125,10000,100
etc_simplified,run,2000.0,64,0.137,0.28125,10000,100
etc_simplified,run,2000.0,65,0.0263,0.176375,10000,100
etc_simplified,run,2000.0,66,0.1018,0.250125,10000,100
etc_simplified,run,2000.0,67,0.201,0.384,10000,100
etc_simplified,run,2000.0,68,0.0193,0.198125,10000,100
etc_simplified,run,2000.0,69,-0.0011,0.1615,10000,100
etc_simplified,run,2000.0,70,-0.0944,0.045375,10000,100
etc_simplified,run,2000.0,71,0.1459,0.368375,10000,100
etc_simplified,run,2000.0,72,0.064,0.2415,10000,100
etc_simplified,run,2000.0,73,0.1013,0.299125,10000,100
etc_simplified,run,2000.0,74,0.1797,0.3935,10000,100
etc_simplified,run,2000.0,75,0.0503,0.208125,10000,100
etc_simplified,run,2000.0,76,0.1434,0.349875,10000,100
etc_simplified,run,2000.0,77,-0.1172,0.00625,10000,100
etc_simplified,run,2000.0,78,0.1227,0.29475,10000,100
etc_simplified,run,2000.0,79,0.0685,0.27975,10000,100
etc_simplified,run,2000.0,80,0.0079,0.1645,10000,100
etc_simplified,run,2000.0,81,0.1838,0.39975,10000,100
etc_simplified,run,2000.0,82,0.1114,0.326375,10000,100
etc_simplified,run,2000.0,83,0.0822,0.27525,10000,100
etc_simplified,run,2000.0,84,0.0568,0.21525,10000,100
etc_simplified,run,2000.0,85,0.2297,0.45375,10000,100
etc_simplified,run,2000.0,86,0.1425,0.34925,10000,100
etc_simplified,run,2000.0,87,0.0938,0.282375,10000,100
etc_simplified,run,2000.0,88,0.0057,0.1955,10000,100
etc_simplified,run,2000.0,89,-0.0101,0.05575,10000,100
etc_simplified,run,2000.0,90,-0.0643,0.067375,10000,100
etc_simplified,run,2000.0,91,0.103,0.28725,10000,100
etc_simplified,run,2000.0,92,-0.295,-0.287,10000,100
etc_simplified,run,2000.0,93,-0.1453,-0.011,10000,100
etc_simplified,run,2000.0,94,0.2069,0.396375,10000,100
etc_simplified,run,2000.0,95,0.0114,0.16825,10000,100
etc_simplified,run,2000.0,96,-0.0166,0.146125,10000,100
etc_simplified,run,2000.0,97,0.095,0.2405,10000,100
etc_simplified,run,2000.0,98,-0.0105,0.11175,10000,100
etc_simplified,run,2000.0,99,0.1505,0.3675,10000,100
etc_simplified,run,4000.0,0,-0.1125,0.2886666666666667,10000,100
etc_simplified,run,4000.0,1,-0.1007,0.2171666666666666,10000,100
etc_simplified,run,4000.0,2,-0.1855,0.0748333333333333,10000,100
etc_simplified,run,4000.0,3,-0.0136,0.3685,10000,100
etc_simplified,run,4000.0,4,0.1204,0.521,10000,100
etc_simplified,run,4000.0,5,-0.0559,0.3415,10000,100
etc_simplified,run,4000.0,6,0.0093,0.4098333333333333,10000,100
etc_simplified,run,4000.0,7,-0.0986,0.2963333333333333,10000,100
etc_simplified,run,4000.0,8,-0.1516,0.159,10000,100
etc_simplified,run,4000.0,9,-0.068,0.2625,10000,100
etc_simplified,run,4000.0,10,-0.062,0.2608333333333333,10000,100
etc_simplified,run,4000.0,11,-0.0675,0.2836666666666667,10000,100
etc_simplified,run,4000.0,12,-0.0794,0.3325,10000,100
etc_simplified,run,4000.0,13,-0.0813,0.2845,10000,100
etc_simplified,run,4000.0,14,-0.0498,0.3456666666666667,10000,100
etc_simplified,run,4000.0,15,0.0582,0.5006666666666667,10000,100
etc_simplified,run,4000.0,16,-0.1132,0.1475,10000,100
etc_simplified,run,4000.0,17,-0.0848,0.2733333333333333,10000,100
etc_simplified,run,4000.0,18,0.086,0.5018333333333334,10000,100
etc_simplified,run,4000.0,19,-0.0336,0.2663333333333333,10000,100
etc_simplified,run,4000.0,20,-0.066,0.3373333333333333,10000,100
etc_simplified,run,4000.0,21,-0.1421,0.189,10000,100
etc_simplified,run,4000.0,22,-0.0458,0.3308333333333333,10000,100
etc_simplified,run,4000.0,23,-0.1699,0.1053333333333333,10000,100
etc_simplified,run,4000.0,24,-0.0163,0.4113333333333333,10000,100
etc_simplified,run,4000.0,25,-0.2454,0.1201666666666666,10000,100
etc_simplified,run,4000.0,26,-0.0052,0.4305,10000,100
etc_simplified,run,4000.0,27,-0.0873,0.27,10000,100
etc_simplified,run,4000.0,28,-0.0999,0.273,10000,100
etc_simplified,run,4000.0,29,-0.0143,0.409,10000,100
etc_simplified,run,4000.0,30,-0.1345,0.1415,10000,100
etc_simplified,run,4000.0,31,0.0216,0.471,10000,100
etc_simplified,run,4000.0,32,-0.0827,0.2486666666666666,10000,100
etc_simplified,run,4000.0,33,-0.2087,0.0306666666666666,10000,100
etc_simplified,run,4000.0,34,-0.0266,0.3553333333333333,10000,100
etc_simplified,run,4000.0,35,-0.0164,0.321,10000,100
etc_simplified,run,4000.0,36,0.0229,0.4153333333333333,10000,100
etc_simplified,run,4000.0,37,-0.1128,0.1598333333333333,10000,100
etc_simplified,run,4000.0,38,0.0864,0.4856666666666667,10000,100
etc_simplified,run,4000.0,39,0.0031,0.3871666666666666,10000,100
etc_simplified,run,4000.0,40,-0.0361,0.3618333333333333,10000,100
etc_simplified,run,4000.0,41,-0.03,0.4263333333333333,10000,100
etc_simplified,run,4000.0,42,0.0947,0.553,10000,100
etc_simplified,run,4000.0,43,0.0137,0.277,10000,100
etc_simplified,run,4000.0,44,-0.0604,0.2681666666666666,10000,100
etc_simplified,run,4000.0,45,-0.0981,0.2561666666666666,10000,100
etc_simplified,run,4000.0,46,0.0897,0.5668333333333333,10000,100
etc_simplified,run,4000.0,47,-0.1808,0.1275,10000,100
etc_simplified,run,4000.0,48,-0.038,0.3635,10000,100
etc_simplified,run,4000.0,49,0.0608,0.48,10000,100
etc_simplified,run,4000.0,50,-0.1457,0.218,10000,100
etc_simplified,run,4000.0,51,-0.0753,0.3496666666666667,10000,100
etc_simplified,run,4000.0,52,-0.0229,0.3395,10000,100
etc_simplified,run,4000.0,53,-0.1939,0.0405,10000,100
etc_simplified,run,4000.0,54,-0.1569,0.306,10000,100
etc_simplified,run,4000.0,55,-0.089,0.3045,10000,100
etc_simplified,run,4000.0,56,-0.1252,0.2198333333333333,10000,100
etc_simplified,run,4000.0,57,-0.0012,0.3451666666666667,10000,100
etc_simplified,run,4000.0,58,-0.089,0.2521666666666666,10000,100
etc_simplified,run,4000.0,59,-0.1078,0.2566666666666666,10000,100
etc_simplified,run,4000.0,60,-0.0996,0.215,10000,100
etc_simplified,run,4000.0,61,0.0102,0.3938333333333333,10000,100
etc_simplified,run,4000.0,62,-0.0367,0.3171666666666666,10000,100
etc_simplified,run,4000.0,63,0.0041,0.3823333333333333,10000,100
etc_simplified,run,4000.0,64,-0.1046,0.2671666666666666,10000,100
etc_simplified,run,4000.0,65,-0.1128,0.2946666666666667,10000,100
etc_simplified,run,4000.0,66,-0.0228,0.3273333333333333,10000,100
etc_simplified,run,4000.0,67,-0.0871,0.279,10000,100
etc_simplified,run,4000.0,68,-0.0855,0.2575,10000,100
etc_simplified,run,4000.0,69,-0.1357,0.162,10000,100
etc_simplified,run,4000.0,70,-0.1106,0.193,10000,100
etc_simplified,run,4000.0,71,-0.2126,0.0583333333333333,10000,100
etc_simplified,run,4000.0,72,-0.0618,0.2805,10000,100
etc_simplified,run,4000.0,73,-0.0049,0.3505,10000,100
etc_simplified,run,4000.0,74,-0.1597,0.1175,10000,100
etc_simplified,run,4000.0,75,-0.1259,0.164,10000,100
etc_simplified,run,4000.0,76,-0.1002,0.168,10000,100
etc_simplified,run,4000.0,77,0.0547,0.4111666666666667,10000,100
etc_simplified,run,4000.0,78,-0.0033,0.3326666666666666,10000,100
etc_simplified,run,4000.0,79,-0.1187,0.2513333333333333,10000,100
etc_simplified,run,4000.0,80,-0.0612,0.3196666666666666,10000,100
etc_simplified,run,4000.0,81,-0.0434,0.2245,10000,100
etc_simplified,run,4000.0,82,-0.0837,0.2228333333333333,10000,100
etc_simplified,run,4000.0,83,-0.0901,0.3316666666666666,10000,100
etc_simplified,run,4000.0,84,-0.1293,0.2141666666666666,10000,100
etc_simplified,run,4000.0,85,-0.0295,0.4026666666666667,10000,100
etc_simplified,run,4000.0,86,-0.0753,0.2281666666666666,10000,100
etc_simplified,run,4000.0,87,0.0667,0.4321666666666666,10000,100
etc_simplified,run,4000.0,88,0.0066,0.4551666666666666,10000,100
etc_simplified,run,4000.0,89,-0.0746,0.3385,10000,100
etc_simplified,run,4000.0,90,-0.0824,0.2118333333333333,10000,100
etc_simplified,run,4000.0,91,-0.1195,0.241,10000,100
etc_simplified,run,4000.0,92,-0.0643,0.2721666666666666,10000,100
etc_simplified,run,4000.0,93,0.008,0.4473333333333333,10000,100
etc_simplified,run,4000.0,94,0.0204,0.4365,10000,100
etc_simplified,run,4000.0,95,-0.2617,-0.0161666666666666,10000,100
etc_simplified,run,4000.0,96,-0.0225,0.2823333333333333,10000,100
etc_simplified,run,4000.0,97,-0.0827,0.276,10000,100
etc_simplified,run,4000.0,98,-0.0942,0.303,10000,100
etc_simplified,run,4000.0,99,-0.0175,0.4311666666666666,10000,100
etc_simplified,run,6000.0,0,-0.1874,0.262,10000,100
etc_simplified,run,6000.0,1,-0.3545,0.22725,10000,100
etc_simplified,run,6000.0,2,-0.0985,0.50525,10000,100
etc_simplified,run,6000.0,3,-0.3108,0.15125,10000,100
etc_simplified,run,6000.0,4,-0.2288,0.2985,10000,100
etc_simplified,run,6000.0,5,-0.1867,0.28825,10000,100
etc_simplified,run,6000.0,6,-0.2514,0.384,10000,100
etc_simplified,run,6000.0,7,-0.2847,0.25125,10000,100
etc_simplified,run,6000.0,8,-0.2152,0.31325,10000,100
etc_simplified,run,6000.0,9,-0.2462,0.2475,10000,100
etc_simplified,run,6000.0,10,-0.1527,0.409,10000,100
etc_simplified,run,6000.0,11,-0.2553,0.25725,10000,100
etc_simplified,run,6000.0,12,-0.2059,0.49325,10000,100
etc_simplified,run,6000.0,13,-0.1456,0.40375,10000,100
etc_simplified,run,6000.0,14,-0.3659,0.14,10000,100
etc_simplified,run,6000.0,15,-0.2617,0.33425,10000,100
etc_simplified,run,6000.0,16,-0.1768,0.30925,10000,100
etc_simplified,run,6000.0,17,-0.2174,0.365,10000,100
etc_simplified,run,6000.0,18,-0.2984,0.15425,10000,100
etc_simplified,run,6000.0,19,-0.2255,0.29725,10000,100
etc_simplified,run,6000.0,20,-0.2646,0.2565,10000,100
etc_simplified,run,6000.0,21,-0.3645,0.06925,10000,100
etc_simplified,run,6000.0,22,-0.3655,0.0945,10000,100
etc_simplified,run,6000.0,23,-0.2747,0.36225,10000,100
etc_simplified,run,6000.0,24,-0.2407,0.27925,10000,100
etc_simplified,run,6000.0,25,-0.2168,0.21525,10000,100
etc_simplified,run,6000.0,26,-0.218,0.2525,10000,100
etc_simplified,run,6000.0,27,-0.2472,0.33825,10000,100
etc_simplified,run,6000.0,28,-0.2279,0.27875,10000,100
etc_simplified,run,6000.0,29,-0.2556,0.28225,10000,100
etc_simplified,run,6000.0,30,-0.254,0.238,10000,100
etc_simplified,run,6000.0,31,-0.257,0.27675,10000,100
etc_simplified,run,6000.0,32,-0.307,0.1655,10000,100
etc_simplified,run,6000.0,33,-0.1823,0.52975,10000,100
etc_simplified,run,6000.0,34,-0.2729,0.26025,10000,100
etc_simplified,run,6000.0,35,-0.2491,0.3675,10000,100
etc_simplified,run,6000.0,36,-0.2256,0.25125,10000,100
etc_simplified,run,6000.0,37,-0.2218,0.339,10000,100
etc_simplified,run,6000.0,38,-0.3416,0.19225,10000,100
etc_simplified,run,6000.0,39,-0.1119,0.50275,10000,100
etc_simplified,run,6000.0,40,-0.1769,0.35025,10000,100
etc_simplified,run,6000.0,41,-0.2053,0.37475,10000,100
etc_simplified,run,6000.0,42,-0.216,0.5225,10000,100
etc_simplified,run,6000.0,43,-0.1834,0.44725,10000,100
etc_simplified,run,6000.0,44,-0.1522,0.44625,10000,100
etc_simplified,run,6000.0,45,-0.2977,0.232,10000,100
etc_simplified,run,6000.0,46,-0.3285,0.25225,10000,100
etc_simplified,run,6000.0,47,-0.2163,0.285,10000,100
etc_simplified,run,6000.0,48,-0.1823,0.41325,10000,100
etc_simplified,run,6000.0,49,-0.3336,0.14475,10000,100
etc_simplified,run,6000.0,50,-0.2298,0.3835,10000,100
etc_simplified,run,6000.0,51,-0.3009,0.122,10000,100
etc_simplified,run,6000.0,52,-0.2033,0.38375,10000,100
etc_simplified,run,6000.0,53,-0.219,0.54375,10000,100
etc_simplified,run,6000.0,54,-0.3344,0.19275,10000,100
etc_simplified,run,6000.0,55,-0.1514,0.48975,10000,100
etc_simplified,run,6000.0,56,-0.2758,0.24375,10000,100
etc_simplified,run,6000.0,57,-0.2947,0.1975,10000,100
etc_simplified,run,6000.0,58,-0.1875,0.5365,10000,100
etc_simplified,run,6000.0,59,-0.2325,0.3025,10000,100
etc_simplified,run,6000.0,60,-0.3475,0.005,10000,100
etc_simplified,run,6000.0,61,-0.196,0.3555,10000,100
etc_simplified,run,6000.0,62,-0.267,0.3085,10000,100
etc_simplified,run,6000.0,63,-0.3345,0.0545,10000,100
etc_simplified,run,6000.0,64,-0.2037,0.38075,10000,100
etc_simplified,run,6000.0,65,-0.2313,0.35575,10000,100
etc_simplified,run,6000.0,66,-0.2487,0.26675,10000,100
etc_simplified,run,6000.0,67,-0.251,0.246,10000,100
etc_simplified,run,6000.0,68,-0.3119,0.2595,10000,100
etc_simplified,run,6000.0,69,-0.1017,0.4555,10000,100
etc_simplified,run,6000.0,70,-0.3333,0.1845,10000,100
etc_simplified,run,6000.0,71,-0.2669,0.3145,10000,100
etc_simplified,run,6000.0,72,-0.2607,0.27225,10000,100
etc_simplified,run,6000.0,73,-0.2087,0.3655,10000,100
etc_simplified,run,6000.0,74,-0.2995,0.2265,10000,100
etc_simplified,run,6000.0,75,-0.305,0.213,10000,100
etc_simplified,run,6000.0,76,-0.1054,0.59425,10000,100
etc_simplified,run,6000.0,77,-0.1579,0.4395,10000,100
etc_simplified,run,6000.0,78,-0.2411,0.35125,10000,100
etc_simplified,run,6000.0,79,-0.1658,0.51825,10000,100
etc_simplified,run,6000.0,80,-0.2692,0.28225,10000,100
etc_simplified,run,6000.0,81,-0.2295,0.27675,10000,100
etc_simplified,run,6000.0,82,-0.3523,0.15025,10000,100
etc_simplified,run,6000.0,83,-0.3182,0.2235,10000,100
etc_simplified,run,6000.0,84,-0.1204,0.53375,10000,100
etc_simplified,run,6000.0,85,-0.1826,0.33875,10000,100
etc_simplified,run,6000.0,86,-0.2482,0.29575,10000,100
etc_simplified,run,6000.0,87,-0.2141,0.3735,10000,100
etc_simplified,run,6000.0,88,-0.113,0.49525,10000,100
etc_simplified,run,6000.0,89,-0.2847,0.1005,10000,100
etc_simplified,run,6000.0,90,-0.1772,0.43725,10000,100
etc_simplified,run,6000.0,91,-0.2451,0.16075,10000,100
etc_simplified,run,6000.0,92,-0.2282,0.251,10000,100
etc_simplified,run,6000.0,93,-0.3481,0.142,10000,100
etc_simplified,run,6000.0,94,-0.2265,0.32925,10000,100
etc_simplified,run,6000.0,95,-0.357,0.2175,10000,100
etc_simplified,run,6000.0,96,-0.2583,0.33975,10000,100
etc_simplified,run,6000.0,97,-0.2516,0.17875,10000,100
etc_simplified,run,6000.0,98,-0.2685,0.105,10000,100
etc_simplified,run,6000.0,99,-0.2856,0.18875,10000,100
etc_simplified,run,8000.0,0,-0.388,0.2435,10000,100
etc_simplified,run,8000.0,1,-0.3865,0.447,10000,100
etc_simplified,run,8000.0,2,-0.4389,0.2305,10000,100
etc_simplified,run,8000.0,3,-0.4946,0.1705,10000,100
etc_simplified,run,8000.0,4,-0.4755,0.259,10000,100
etc_simplified,run,8000.0,5,-0.4497,0.458,10000,100
etc_simplified,run,8000.0,6,-0.4351,0.3035,10000,100
etc_simplified,run,8000.0,7,-0.4447,0.219,10000,100
etc_simplified,run,8000.0,8,-0.4237,0.4535,10000,100
etc_simplified,run,8000.0,9,-0.4031,0.2875,10000,100
etc_simplified,run,8000.0,10,-0.4341,0.249,10000,100
etc_simplified,run,8000.0,11,-0.4253,0.277,10000,100
etc_simplified,run,8000.0,12,-0.4775,0.3145,10000,100
etc_simplified,run,8000.0,13,-0.4242,0.197,10000,100
etc_simplified,run,8000.0,14,-0.352,0.25,10000,100
etc_simplified,run,8000.0,15,-0.4621,0.148,10000,100
etc_simplified,run,8000.0,16,-0.4436,0.3595,10000,100
etc_simplified,run,8000.0,17,-0.3807,0.313,10000,100
etc_simplified,run,8000.0,18,-0.5188,0.2915,10000,100
etc_simplified,run,8000.0,19,-0.5284,0.302,10000,100
etc_simplified,run,8000.0,20,-0.4484,0.4445,10000,100
etc_simplified,run,8000.0,21,-0.4461,0.4615,10000,100
etc_simplified,run,8000.0,22,-0.3905,0.2875,10000,100
etc_simplified,run,8000.0,23,-0.4706,0.0415,10000,100
etc_simplified,run,8000.0,24,-0.4692,0.1315,10000,100
etc_simplified,run,8000.0,25,-0.4619,0.1525,10000,100
etc_simplified,run,8000.0,26,-0.4783,-0.0525,10000,100
etc_simplified,run,8000.0,27,-0.4215,0.1715,10000,100
etc_simplified,run,8000.0,28,-0.4368,0.2885,10000,100
etc_simplified,run,8000.0,29,-0.5159,0.1975,10000,100
etc_simplified,run,8000.0,30,-0.4752,0.2515,10000,100
etc_simplified,run,8000.0,31,-0.3273,0.561,10000,100
etc_simplified,run,8000.0,32,-0.4762,0.278,10000,100
etc_simplified,run,8000.0,33,-0.4096,0.379,10000,100
etc_simplified,run,8000.0,34,-0.5216,0.1115,10000,100
etc_simplified,run,8000.0,35,-0.4776,0.335,10000,100
etc_simplified,run,8000.0,36,-0.3991,0.279,10000,100
etc_simplified,run,8000.0,37,-0.3353,0.5395,10000,100
etc_simplified,run,8000.0,38,-0.4295,0.165,10000,100
etc_simplified,run,8000.0,39,-0.4202,0.5135,10000,100
etc_simplified,run,8000.0,40,-0.4295,0.5185,10000,100
etc_simplified,run,8000.0,41,-0.4427,0.0975,10000,100
etc_simplified,run,8000.0,42,-0.4418,0.372,10000,100
etc_simplified,run,8000.0,43,-0.4784,0.2045,10000,100
etc_simplified,run,8000.0,44,-0.5152,0.046,10000,100
etc_simplified,run,8000.0,45,-0.4713,0.1015,10000,100
etc_simplified,run,8000.0,46,-0.4259,0.318,10000,100
etc_simplified,run,8000.0,47,-0.3885,0.5015,10000,100
etc_simplified,run,8000.0,48,-0.5994,0.031,10000,100
etc_simplified,run,8000.0,49,-0.489,0.274,10000,100
etc_simplified,run,8000.0,50,-0.4465,0.288,10000,100
etc_simplified,run,8000.0,51,-0.4083,0.43,10000,100
etc_simplified,run,8000.0,52,-0.4212,0.1745,10000,100
etc_simplified,run,8000.0,53,-0.437,0.2925,10000,100
etc_simplified,run,8000.0,54,-0.4752,0.245,10000,100
etc_simplified,run,8000.0,55,-0.4614,0.3185,10000,100
etc_simplified,run,8000.0,56,-0.4823,0.438,10000,100
etc_simplified,run,8000.0,57,-0.4301,0.474,10000,100
etc_simplified,run,8000.0,58,-0.3759,0.412,10000,100
etc_simplified,run,8000.0,59,-0.3214,0.626,10000,100
etc_simplified,run,8000.0,60,-0.454,0.226,10000,100
etc_simplified,run,8000.0,61,-0.4375,0.2825,10000,100
etc_simplified,run,8000.0,62,-0.4589,0.3275,10000,100
etc_simplified,run,8000.0,63,-0.5101,0.5145,10000,100
etc_simplified,run,8000.0,64,-0.5046,0.0765,10000,100
etc_simplified,run,8000.0,65,-0.4195,0.5005,10000,100
etc_simplified,run,8000.0,66,-0.4693,0.3595,10000,100
etc_simplified,run,8000.0,67,-0.4396,0.2395,10000,100
etc_simplified,run,8000.0,68,-0.4134,0.49,10000,100
etc_simplified,run,8000.0,69,-0.4305,0.365,10000,100
etc_simplified,run,8000.0,70,-0.5443,0.0235,10000,100
etc_simplified,run,8000.0,71,-0.4268,0.2715,10000,100
etc_simplified,run,8000.0,72,-0.4604,0.14,10000,100
etc_simplified,run,8000.0,73,-0.5112,0.115,10000,100
etc_simplified,run,8000.0,74,-0.3892,0.424,10000,100
etc_simplified,run,8000.0,75,-0.4579,0.432,10000,100
etc_simplified,run,8000.0,76,-0.5271,0.185,10000,100
etc_simplified,run,8000.0,77,-0.4518,0.391,10000,100
etc_simplified,run,8000.0,78,-0.4137,0.348,10000,100
etc_simplified,run,8000.0,79,-0.5151,0.31,10000,100
etc_simplified,run,8000.0,80,-0.4533,0.395,10000,100
etc_simplified,run,8000.0,81,-0.4604,0.3675,10000,100
etc_simplified,run,8000.0,82,-0.4399,0.269,10000,100
etc_simplified,run,8000.0,83,-0.4626,0.2675,10000,100
etc_simplified,run,8000.0,84,-0.4095,0.468,10000,100
etc_simplified,run,8000.0,85,-0.3885,0.528,10000,100
etc_simplified,run,8000.0,86,-0.4757,0.24,10000,100
etc_simplified,run,8000.0,87,-0.4785,0.183,10000,100
etc_simplified,run,8000.0,88,-0.4829,0.2795,10000,100
etc_simplified,run,8000.0,89,-0.3999,0.4935,10000,100
etc_simplified,run,8000.0,90,-0.4609,0.3075,10000,100
etc_simplified,run,8000.0,91,-0.4109,0.328,10000,100
etc_simplified,run,8000.0,92,-0.508,0.2765,10000,100
etc_simplified,run,8000.0,93,-0.3951,0.3935,10000,100
etc_simplified,run,8000.0,94,-0.4254,0.4095,10000,100
etc_simplified,run,8000.0,95,-0.5168,0.2815,10000,100
etc_simplified,run,8000.0,96,-0.52,0.217,10000,100
etc_simplified,run,8000.0,97,-0.4182,0.143,10000,100
etc_simplified,run,8000.0,98,-0.4703,0.2955,10000,100
etc_simplified,run,8000.0,99,-0.4119,0.4375,10000,100
etc_simplified,run,9000.0,0,-0.6299,0.113,10000,100
etc_simplified,run,9000.0,1,-0.4515,0.396,10000,100
etc_simplified,run,9000.0,2,-0.4297,0.439,10000,100
etc_simplified,run,9000.0,3,-0.541,0.116,10000,100
etc_simplified,run,9000.0,4,-0.4442,0.483,10000,100
etc_simplified,run,9000.0,5,-0.5197,0.586,10000,100
etc_simplified,run,9000.0,6,-0.513,0.472,10000,100
etc_simplified,run,9000.0,7,-0.4779,0.328,10000,100
etc_simplified,run,9000.0,8,-0.486,0.154,10000,100
etc_simplified,run,9000.0,9,-0.5043,0.578,10000,100
etc_simplified,run,9000.0,10,-0.4931,0.488,10000,100
etc_simplified,run,9000.0,11,-0.549,-0.211,10000,100
etc_simplified,run,9000.0,12,-0.6419,0.221,10000,100
etc_simplified,run,9000.0,13,-0.5171,0.412,10000,100
etc_simplified,run,9000.0,14,-0.5575,0.149,10000,100
etc_simplified,run,9000.0,15,-0.4609,0.443,10000,100
etc_simplified,run,9000.0,16,-0.6192,0.085,10000,100
etc_simplified,run,9000.0,17,-0.4915,0.578,10000,100
etc_simplified,run,9000.0,18,-0.4832,0.601,10000,100
etc_simplified,run,9000.0,19,-0.5607,-0.079,10000,100
etc_simplified,run,9000.0,20,-0.4681,0.427,10000,100
etc_simplified,run,9000.0,21,-0.5442,-0.145,10000,100
etc_simplified,run,9000.0,22,-0.5662,0.443,10000,100
etc_simplified,run,9000.0,23,-0.4863,0.376,10000,100
etc_simplified,run,9000.0,24,-0.4948,0.424,10000,100
etc_simplified,run,9000.0,25,-0.5426,0.757,10000,100
etc_simplified,run,9000.0,26,-0.4701,0.505,10000,100
etc_simplified,run,9000.0,27,-0.5043,0.295,10000,100
etc_simplified,run,9000.0,28,-0.5713,0.19,10000,100
etc_simplified,run,9000.0,29,-0.5561,0.305,10000,100
etc_simplified,run,9000.0,30,-0.5512,0.382,10000,100
etc_simplified,run,9000.0,31,-0.5223,0.437,10000,100
etc_simplified,run,9000.0,32,-0.4931,0.665,10000,100
etc_simplified,run,9000.0,33,-0.6047,0.619,10000,100
etc_simplified,run,9000.0,34,-0.5085,0.26,10000,100
etc_simplified,run,9000.0,35,-0.5999,0.254,10000,100
etc_simplified,run,9000.0,36,-0.6054,0.35,10000,100
etc_simplified,run,9000.0,37,-0.5295,0.191,10000,100
etc_simplified,run,9000.0,38,-0.5155,0.227,10000,100
etc_simplified,run,9000.0,39,-0.4785,0.302,10000,100
etc_simplified,run,9000.0,40,-0.4994,0.434,10000,100
etc_simplified,run,9000.0,41,-0.5037,0.313,10000,100
etc_simplified,run,9000.0,42,-0.5515,0.427,10000,100
etc_simplified,run,9000.0,43,-0.5173,0.374,10000,100
etc_simplified,run,9000.0,44,-0.6531,0.025,10000,100
etc_simplified,run,9000.0,45,-0.5976,0.05,10000,100
etc_simplified,run,9000.0,46,-0.5381,0.187,10000,100
etc_simplified,run,9000.0,47,-0.4957,0.414,10000,100
etc_simplified,run,9000.0,48,-0.6019,0.071,10000,100
etc_simplified,run,9000.0,49,-0.486,0.396,10000,100
etc_simplified,run,9000.0,50,-0.5815,0.635,10000,100
etc_simplified,run,9000.0,51,-0.5076,0.639,10000,100
etc_simplified,run,9000.0,52,-0.5269,0.081,10000,100
etc_simplified,run,9000.0,53,-0.5239,0.012,10000,100
etc_simplified,run,9000.0,54,-0.5687,0.197,10000,100
etc_simplified,run,9000.0,55,-0.4618,0.588,10000,100
etc_simplified,run,9000.0,56,-0.4752,0.309,10000,100
etc_simplified,run,9000.0,57,-0.5128,0.167,10000,100
etc_simplified,run,9000.0,58,-0.5507,0.234,10000,100
etc_simplified,run,9000.0,59,-0.4489,0.624,10000,100
etc_simplified,run,9000.0,60,-0.5545,0.349,10000,100
etc_simplified,run,9000.0,61,-0.5204,0.213,10000,100
etc_simplified,run,9000.0,62,-0.505,0.357,10000,100
etc_simplified,run,9000.0,63,-0.5673,0.148,10000,100
etc_simplified,run,9000.0,64,-0.4835,0.447,10000,100
etc_simplified,run,9000.0,65,-0.5403,0.217,10000,100
etc_simplified,run,9000.0,66,-0.67,0.068,10000,100
etc_simplified,run,9000.0,67,-0.5137,-0.035,10000,100
etc_simplified,run,9000.0,68,-0.4975,0.433,10000,100
etc_simplified,run,9000.0,69,-0.4474,0.53,10000,100
etc_simplified,run,9000.0,70,-0.449,0.514,10000,100
etc_simplified,run,9000.0,71,-0.485,0.433,10000,100
etc_simplified,run,9000.0,72,-0.4945,0.05,10000,100
etc_simplified,run,9000.0,73,-0.5691,-0.056,10000,100
etc_simplified,run,9000.0,74,-0.5382,0.355,10000,100
etc_simplified,run,9000.0,75,-0.4993,-0.01,10000,100
etc_simplified,run,9000.0,76,-0.5089,0.135,10000,100
etc_simplified,run,9000.0,77,-0.502,0.218,10000,100
etc_simplified,run,9000.0,78,-0.5741,0.349,10000,100
etc_simplified,run,9000.0,79,-0.5647,0.211,10000,100
etc_simplified,run,9000.0,80,-0.6005,0.379,10000,100
etc_simplified,run,9000.0,81,-0.524,0.153,10000,100
etc_simplified,run,9000.0,82,-0.4814,0.766,10000,100
etc_simplified,run,9000.0,83,-0.4661,0.69,10000,100
etc_simplified,run,9000.0,84,-0.4991,0.431,10000,100
etc_simplified,run,9000.0,85,-0.5298,0.201,10000,100
etc_simplified,run,9000.0,86,-0.562,0.179,10000,100
etc_simplified,run,9000.0,87,-0.4838,0.642,10000,100
etc_simplified,run,9000.0,88,-0.5329,0.407,10000,100
etc_simplified,run,9000.0,89,-0.5287,0.278,10000,100
etc_simplified,run,9000.0,90,-0.4734,0.076,10000,100
etc_simplified,run,9000.0,91,-0.5218,0.341,10000,100
etc_simplified,run,9000.0,92,-0.4842,0.408,10000,100
etc_simplified,run,9000.0,93,-0.4692,0.657,10000,100
etc_simplified,run,9000.0,94,-0.508,0.269,10000,100
etc_simplified,run,9000.0,95,-0.5767,0.225,10000,100
etc_simplified,run,9000.0,96,-0.4745,0.259,10000,100
etc_simplified,run,9000.0,97,-0.5137,0.521,10000,100
etc_simplified,run,9000.0,98,-0.4672,0.424,10000,100
etc_simplified,run,9000.0,99,-0.5528,0.304,10000,100
etc_simplified,run,9500.0,0,-0.6053,-0.044,10000,100
etc_simplified,run,9500.0,1,-0.5605,0.222,10000,100
etc_simplified,run,9500.0,2,-0.6716,0.488,10000,100
etc_simplified,run,9500.0,3,-0.6475,-0.002,10000,100
etc_simplified,run,9500.0,4,-0.5284,0.538,10000,100
etc_simplified,run,9500.0,5,-0.5908,-0.128,10000,100
etc_simplified,run,9500.0,6,-0.6534,0.282,10000,100
etc_simplified,run,9500.0,7,-0.5989,0.656,10000,100
etc_simplified,run,9500.0,8,-0.6072,0.26,10000,100
etc_simplified,run,9500.0,9,-0.6671,0.088,10000,100
etc_simplified,run,9500.0,10,-0.5642,0.36,10000,100
etc_simplified,run,9500.0,11,-0.5496,0.266,10000,100
etc_simplified,run,9500.0,12,-0.5033,0.652,10000,100
etc_simplified,run,9500.0,13,-0.5005,0.366,10000,100
etc_simplified,run,9500.0,14,-0.5646,0.308,10000,100
etc_simplified,run,9500.0,15,-0.6663,0.118,10000,100
etc_simplified,run,9500.0,16,-0.5834,0.582,10000,100
etc_simplified,run,9500.0,17,-0.5689,0.346,10000,100
etc_simplified,run,9500.0,18,-0.6001,0.1,10000,100
etc_simplified,run,9500.0,19,-0.5552,0.228,10000,100
etc_simplified,run,9500.0,20,-0.5502,0.418,10000,100
etc_simplified,run,9500.0,21,-0.5452,-0.144,10000,100
etc_simplified,run,9500.0,22,-0.5501,0.286,10000,100
etc_simplified,run,9500.0,23,-0.5119,0.084,10000,100
etc_simplified,run,9500.0,24,-0.6333,0.462,10000,100
etc_simplified,run,9500.0,25,-0.5121,0.272,10000,100
etc_simplified,run,9500.0,26,-0.5636,0.22,10000,100
etc_simplified,run,9500.0,27,-0.7058,0.624,10000,100
etc_simplified,run,9500.0,28,-0.5751,0.136,10000,100
etc_simplified,run,9500.0,29,-0.5881,0.262,10000,100
etc_simplified,run,9500.0,30,-0.5811,-0.124,10000,100
etc_simplified,run,9500.0,31,-0.5774,0.254,10000,100
etc_simplified,run,9500.0,32,-0.5779,0.064,10000,100
etc_simplified,run,9500.0,33,-0.5222,0.494,10000,100
etc_simplified,run,9500.0,34,-0.5915,0.252,10000,100
etc_simplified,run,9500.0,35,-0.6076,0.472,10000,100
etc_simplified,run,9500.0,36,-0.5668,0.948,10000,100
etc_simplified,run,9500.0,37,-0.4333,0.47,10000,100
etc_simplified,run,9500.0,38,-0.5767,0.304,10000,100
etc_simplified,run,9500.0,39,-0.5111,0.512,10000,100
etc_simplified,run,9500.0,40,-0.5867,0.26,10000,100
etc_simplified,run,9500.0,41,-0.5669,0.64,10000,100
etc_simplified,run,9500.0,42,-0.4541,0.728,10000,100
etc_simplified,run,9500.0,43,-0.6436,0.53,10000,100
etc_simplified,run,9500.0,44,-0.5933,0.32,10000,100
etc_simplified,run,9500.0,45,-0.578,0.274,10000,100
etc_simplified,run,9500.0,46,-0.5345,0.404,10000,100
etc_simplified,run,9500.0,47,-0.5807,0.37,10000,100
etc_simplified,run,9500.0,48,-0.6239,-0.022,10000,100
etc_simplified,run,9500.0,49,-0.548,0.168,10000,100
etc_simplified,run,9500.0,50,-0.5441,0.62,10000,100
etc_simplified,run,9500.0,51,-0.5765,0.154,10000,100
etc_simplified,run,9500.0,52,-0.5368,0.338,10000,100
etc_simplified,run,9500.0,53,-0.5571,0.444,10000,100
etc_simplified,run,9500.0,54,-0.6356,0.666,10000,100
etc_simplified,run,9500.0,55,-0.5887,0.916,10000,100
etc_simplified,run,9500.0,56,-0.5499,0.012,10000,100
etc_simplified,run,9500.0,57,-0.5694,0.204,10000,100
etc_simplified,run,9500.0,58,-0.5863,0.242,10000,100
etc_simplified,run,9500.0,59,-0.6173,-0.136,10000,100
etc_simplified,run,9500.0,60,-0.5795,0.808,10000,100
etc_simplified,run,9500.0,61,-0.5865,0.172,10000,100
etc_simplified,run,9500.0,62,-0.4874,0.21,10000,100
etc_simplified,run,9500.0,63,-0.6462,0.416,10000,100
etc_simplified,run,9500.0,64,-0.5612,0.51,10000,100
etc_simplified,run,9500.0,65,-0.5378,0.772,10000,100
etc_simplified,run,9500.0,66,-0.5487,0.576,10000,100
etc_simplified,run,9500.0,67,-0.5426,0.474,10000,100
etc_simplified,run,9500.0,68,-0.5402,0.478,10000,100
etc_simplified,run,9500.0,69,-0.4865,0.824,10000,100
etc_simplified,run,9500.0,70,-0.5631,0.516,10000,100
etc_simplified,run,9500.0,71,-0.5932,0.054,10000,100
etc_simplified,run,9500.0,72,-0.5431,0.184,10000,100
etc_simplified,run,9500.0,73,-0.5528,0.614,10000,100
etc_simplified,run,9500.0,74,-0.5708,0.688,10000,100
etc_simplified,run,9500.0,75,-0.5047,0.46,10000,100
etc_simplified,run,9500.0,76,-0.5844,-0.112,10000,100
etc_simplified,run,9500.0,77,-0.5177,0.518,10000,100
etc_simplified,run,9500.0,78,-0.6228,0.22,10000,100
etc_simplified,run,9500.0,79,-0.5651,0.35,10000,100
etc_simplified,run,9500.0,80,-0.5677,0.426,10000,100
etc_simplified,run,9500.0,81,-0.5039,0.724,10000,100
etc_simplified,run,9500.0,82,-0.6027,0.316,10000,100
etc_simplified,run,9500.0,83,-0.499,0.228,10000,100
etc_simplified,run,9500.0,84,-0.5343,0.354,10000,100
etc_simplified,run,9500.0,85,-0.6056,0.216,10000,100
etc_simplified,run,9500.0,86,-0.5524,0.576,10000,100
etc_simplified,run,9500.0,87,-0.5761,0.678,10000,100
etc_simplified,run,9500.0,88,-0.5156,0.616,10000,100
etc_simplified,run,9500.0,89,-0.5704,0.522,10000,100
etc_simplified,run,9500.0,90,-0.6486,-0.036,10000,100
etc_simplified,run,9500.0,91,-0.4606,0.492,10000,100
etc_simplified,run,9500.0,92,-0.6379,0.166,10000,100
etc_simplified,run,9500.0,93,-0.6096,0.456,10000,100
etc_simplified,run,9500.0,94,-0.5604,-0.138,10000,100
etc_simplified,run,9500.0,95,-0.5456,0.534,10000,100
etc_simplified,run,9500.0,96,-0.5373,0.456,10000,100
etc_simplified,run,9500.0,97,-0.5516,-0.042,10000,100
etc_simplified,run,9500.0,98,-0.5509,0.694,10000,100
etc_simplified,run,9500.0,99,-0.5499,0.04,10000,100
etc_simplified_cfr,run,1000.0,0,-0.5214,-0.5757777777777778,10000,100
etc_simplified_cfr,run,1000.0,1,-0.1098,-0.1166666666666666,10000,100
etc_simplified_cfr,run,1000.0,2,-0.0396,-0.0416666666666666,10000,100
etc_simplified_cfr,run,1000.0,3,0.0754,0.1041111111111111,10000,100
etc_simplified_cfr,run,1000.0,4,-0.1655,-0.1771111111111111,10000,100
etc_simplified_cfr,run,1000.0,5,0.0023,-0.0054444444444444,10000,100
etc_simplified_cfr,run,1000.0,6,0.18,0.2051111111111111,10000,100
etc_simplified_cfr,run,1000.0,7,-0.603,-0.6622222222222223,10000,100
etc_simplified_cfr,run,1000.0,8,-0.178,-0.2207777777777777,10000,100
etc_simplified_cfr,run,1000.0,9,-0.1563,-0.169,10000,100
etc_simplified_cfr,run,1000.0,10,-0.034,-0.0357777777777777,10000,100
etc_simplified_cfr,run,1000.0,11,-0.3381,-0.3464444444444444,10000,100
etc_simplified_cfr,run,1000.0,12,-0.2091,-0.2291111111111111,10000,100
etc_simplified_cfr,run,1000.0,13,0.1348,0.1442222222222222,10000,100
etc_simplified_cfr,run,1000.0,14,-0.336,-0.3636666666666667,10000,100
etc_simplified_cfr,run,1000.0,15,-0.2678,-0.2886666666666667,10000,100
etc_simplified_cfr,run,1000.0,16,-0.0562,-0.0452222222222222,10000,100
etc_simplified_cfr,run,1000.0,17,-0.0978,-0.118,10000,100
etc_simplified_cfr,run,1000.0,18,-0.292,-0.3321111111111111,10000,100
etc_simplified_cfr,run,1000.0,19,-0.3547,-0.4122222222222222,10000,100
etc_simplified_cfr,run,1000.0,20,-0.0227,-0.0175555555555555,10000,100
etc_simplified_cfr,run,1000.0,21,-0.1627,-0.172,10000,100
etc_simplified_cfr,run,1000.0,22,-0.0551,-0.0592222222222222,10000,100
etc_simplified_cfr,run,1000.0,23,-0.1983,-0.221,10000,100
etc_simplified_cfr,run,1000.0,24,-0.0151,-0.0321111111111111,10000,100
etc_simplified_cfr,run,1000.0,25,-0.3531,-0.4081111111111111,10000,100
etc_simplified_cfr,run,1000.0,26,-0.0844,-0.0892222222222222,10000,100
etc_simplified_cfr,run,1000.0,27,0.0115,0.0107777777777777,10000,100
etc_simplified_cfr,run,1000.0,28,0.0096,0.0006666666666666,10000,100
etc_simplified_cfr,run,1000.0,29,-0.012,-0.0141111111111111,10000,100
etc_simplified_cfr,run,1000.0,30,0.0096,0.0095555555555555,10000,100
etc_simplified_cfr,run,1000.0,31,-0.1217,-0.1366666666666666,10000,100
etc_simplified_cfr,run,1000.0,32,-0.1059,-0.1257777777777777,10000,100
etc_simplified_cfr,run,1000.0,33,0.0342,0.045,10000,100
etc_simplified_cfr,run,1000.0,34,-0.6546,-0.7122222222222222,10000,100
etc_simplified_cfr,run,1000.0,35,-0.2187,-0.2387777777777777,10000,100
etc_simplified_cfr,run,1000.0,36,0.0519,0.0627777777777777,10000,100
etc_simplified_cfr,run,1000.0,37,-0.0898,-0.1085555555555555,10000,100
etc_simplified_cfr,run,1000.0,38,-0.1804,-0.1984444444444444,10000,100
etc_simplified_cfr,run,1000.0,39,-0.0921,-0.1063333333333333,10000,100
etc_simplified_cfr,run,1000.0,40,-0.4393,-0.4726666666666667,10000,100
etc_simplified_cfr,run,1000.0,41,0.0312,0.0386666666666666,10000,100
etc_simplified_cfr,run,1000.0,42,-0.0992,-0.0941111111111111,10000,100
etc_simplified_cfr,run,1000.0,43,0.1546,0.1722222222222222,10000,100
etc_simplified_cfr,run,1000.0,44,-0.0114,-0.0202222222222222,10000,100
etc_simplified_cfr,run,1000.0,45,-0.0944,-0.1146666666666666,10000,100
etc_simplified_cfr,run,1000.0,46,-0.1386,-0.173,10000,100
etc_simplified_cfr,run,1000.0,47,-0.1217,-0.14,10000,100
etc_simplified_cfr,run,1000.0,48,-0.1997,-0.2228888888888889,10000,100
etc_simplified_cfr,run,1000.0,49,0.0409,0.0517777777777777,10000,100
etc_simplified_cfr,run,1000.0,50,-0.2712,-0.313,10000,100
etc_simplified_cfr,run,1000.0,51,0.1448,0.1733333333333333,10000,100
etc_simplified_cfr,run,1000.0,52,-0.073,-0.0662222222222222,10000,100
etc_simplified_cfr,run,1000.0,53,-0.0108,-0.0013333333333333,10000,100
etc_simplified_cfr,run,1000.0,54,-0.4704,-0.5102222222222222,10000,100
etc_simplified_cfr,run,1000.0,55,-0.0653,-0.0782222222222222,10000,100
etc_simplified_cfr,run,1000.0,56,-0.0387,-0.0355555555555555,10000,100
etc_simplified_cfr,run,1000.0,57,-0.0026,-0.0048888888888888,10000,100
etc_simplified_cfr,run,1000.0,58,-0.1762,-0.2037777777777777,10000,100
etc_simplified_cfr,run,1000.0,59,-0.0329,-0.0411111111111111,10000,100
etc_simplified_cfr,run,1000.0,60,-0.0986,-0.1086666666666666,10000,100
etc_simplified_cfr,run,1000.0,61,0.0442,0.0411111111111111,10000,100
etc_simplified_cfr,run,1000.0,62,-0.3132,-0.365,10000,100
etc_simplified_cfr,run,1000.0,63,-0.193,-0.2148888888888888,10000,100
etc_simplified_cfr,run,1000.0,64,-0.2166,-0.226,10000,100
etc_simplified_cfr,run,1000.0,65,-0.4939,-0.5298888888888889,10000,100
etc_simplified_cfr,run,1000.0,66,-0.1322,-0.1464444444444444,10000,100
etc_simplified_cfr,run,1000.0,67,0.0982,0.0957777777777777,10000,100
etc_simplified_cfr,run,1000.0,68,-0.07,-0.0787777777777777,10000,100
etc_simplified_cfr,run,1000.0,69,-0.1175,-0.135,10000,100
etc_simplified_cfr,run,1000.0,70,-0.4625,-0.5177777777777778,10000,100
etc_simplified_cfr,run,1000.0,71,-0.048,-0.0428888888888888,10000,100
etc_simplified_cfr,run,1000.0,72,0.0615,0.0737777777777777,10000,100
etc_simplified_cfr,run,1000.0,73,-0.0372,-0.0503333333333333,10000,100
etc_simplified_cfr,run,1000.0,74,0.0782,0.0796666666666666,10000,100
etc_simplified_cfr,run,1000.0,75,-0.1866,-0.216,10000,100
etc_simplified_cfr,run,1000.0,76,0.0413,0.0385555555555555,10000,100
etc_simplified_cfr,run,1000.0,77,-0.0666,-0.0515555555555555,10000,100
etc_simplified_cfr,run,1000.0,78,-0.1223,-0.133,10000,100
etc_simplified_cfr,run,1000.0,79,-0.0188,-0.0206666666666666,10000,100
etc_simplified_cfr,run,1000.0,80,-0.1003,-0.1232222222222222,10000,100
etc_simplified_cfr,run,1000.0,81,-0.1072,-0.119,10000,100
etc_simplified_cfr,run,1000.0,82,0.1368,0.156,10000,100
etc_simplified_cfr,run,1000.0,83,-0.0331,-0.0367777777777777,10000,100
etc_simplified_cfr,run,1000.0,84,-0.1039,-0.1156666666666666,10000,100
etc_simplified_cfr,run,1000.0,85,-0.1664,-0.1851111111111111,10000,100
etc_simplified_cfr,run,1000.0,86,-0.2529,-0.2696666666666666,10000,100
etc_simplified_cfr,run,1000.0,87,-0.0641,-0.0466666666666666,10000,100
etc_simplified_cfr,run,1000.0,88,-0.0633,-0.054,10000,100
etc_simplified_cfr,run,1000.0,89,0.0725,0.0861111111111111,10000,100
etc_simplified_cfr,run,1000.0,90,-0.1656,-0.1744444444444444,10000,100
etc_simplified_cfr,run,1000.0,91,0.0887,0.1033333333333333,10000,100
etc_simplified_cfr,run,1000.0,92,0.0872,0.1034444444444444,10000,100
etc_simplified_cfr,run,1000.0,93,-0.3488,-0.3973333333333333,10000,100
etc_simplified_cfr,run,1000.0,94,0.1182,0.1288888888888889,10000,100
etc_simplified_cfr,run,1000.0,95,-0.0889,-0.0946666666666666,10000,100
etc_simplified_cfr,run,1000.0,96,0.1127,0.1356666666666666,10000,100
etc_simplified_cfr,run,1000.0,97,-0.2515,-0.2817777777777778,10000,100
etc_simplified_cfr,run,1000.0,98,0.2011,0.2282222222222222,10000,100
etc_simplified_cfr,run,1000.0,99,0.0364,0.0216666666666666,10000,100
etc_simplified_cfr,run,2000.0,0,-0.2822,-0.3545,10000,100
etc_simplified_cfr,run,2000.0,1,-0.1798,-0.261625,10000,100
etc_simplified_cfr,run,2000.0,2,-0.1484,-0.19075,10000,100
etc_simplified_cfr,run,2000.0,3,0.0058,0.0205,10000,100
etc_simplified_cfr,run,2000.0,4,-0.2096,-0.235,10000,100
etc_simplified_cfr,run,2000.0,5,-0.2288,-0.303625,10000,100
etc_simplified_cfr,run,2000.0,6,0.1133,0.1035,10000,100
etc_simplified_cfr,run,2000.0,7,-0.3308,-0.44175,10000,100
etc_simplified_cfr,run,2000.0,8,-0.7282,-0.89925,10000,100
etc_simplified_cfr,run,2000.0,9,-0.3268,-0.397125,10000,100
etc_simplified_cfr,run,2000.0,10,-0.1503,-0.149125,10000,100
etc_simplified_cfr,run,2000.0,11,0.0783,0.07475,10000,100
etc_simplified_cfr,run,2000.0,12,-0.0623,-0.107375,10000,100
etc_simplified_cfr,run,2000.0,13,-0.0509,-0.068375,10000,100
etc_simplified_cfr,run,2000.0,14,-0.0739,-0.106125,10000,100
etc_simplified_cfr,run,2000.0,15,0.016,-0.000375,10000,100
etc_simplified_cfr,run,2000.0,16,0.0366,0.07175,10000,100
etc_simplified_cfr,run,2000.0,17,-0.3889,-0.500375,10000,100
etc_simplified_cfr,run,2000.0,18,0.0551,0.04225,10000,100
etc_simplified_cfr,run,2000.0,19,-0.0422,-0.07725,10000,100
etc_simplified_cfr,run,2000.0,20,0.1453,0.161625,10000,100
etc_simplified_cfr,run,2000.0,21,0.2545,0.306125,10000,100
etc_simplified_cfr,run,2000.0,22,0.0253,0.007125,10000,100
etc_simplified_cfr,run,2000.0,23,-0.0893,-0.12275,10000,100
etc_simplified_cfr,run,2000.0,24,0.0006,-0.0165,10000,100
etc_simplified_cfr,run,2000.0,25,-0.0286,-0.05925,10000,100
etc_simplified_cfr,run,2000.0,26,-0.038,-0.057875,10000,100
etc_simplified_cfr,run,2000.0,27,-0.1333,-0.16325,10000,100
etc_simplified_cfr,run,2000.0,28,-0.206,-0.221,10000,100
etc_simplified_cfr,run,2000.0,29,-0.0721,-0.093875,10000,100
etc_simplified_cfr,run,2000.0,30,-0.1026,-0.14325,10000,100
etc_simplified_cfr,run,2000.0,31,-0.0341,-0.053125,10000,100
etc_simplified_cfr,run,2000.0,32,-0.0421,-0.078375,10000,100
etc_simplified_cfr,run,2000.0,33,-0.14,-0.18425,10000,100
etc_simplified_cfr,run,2000.0,34,0.1258,0.152375,10000,100
etc_simplified_cfr,run,2000.0,35,-0.0477,-0.100875,10000,100
etc_simplified_cfr,run,2000.0,36,0.0825,0.0915,10000,100
etc_simplified_cfr,run,2000.0,37,-0.0505,-0.05475,10000,100
etc_simplified_cfr,run,2000.0,38,-0.1096,-0.1405,10000,100
etc_simplified_cfr,run,2000.0,39,0.0903,0.103625,10000,100
etc_simplified_cfr,run,2000.0,40,0.028,0.01625,10000,100
etc_simplified_cfr,run,2000.0,41,-0.0823,-0.127875,10000,100
etc_simplified_cfr,run,2000.0,42,-0.0517,-0.0905,10000,100
etc_simplified_cfr,run,2000.0,43,-0.1134,-0.142625,10000,100
etc_simplified_cfr,run,2000.0,44,0.0246,0.0385,10000,100
etc_simplified_cfr,run,2000.0,45,-0.2136,-0.284375,10000,100
etc_simplified_cfr,run,2000.0,46,0.1275,0.144625,10000,100
etc_simplified_cfr,run,2000.0,47,-0.1642,-0.230125,10000,100
etc_simplified_cfr,run,2000.0,48,-0.0687,-0.09925,10000,100
etc_simplified_cfr,run,2000.0,49,-0.0277,-0.07125,10000,100
etc_simplified_cfr,run,2000.0,50,-0.244,-0.32275,10000,100
etc_simplified_cfr,run,2000.0,51,0.1196,0.125125,10000,100
etc_simplified_cfr,run,2000.0,52,0.0439,0.092875,10000,100
etc_simplified_cfr,run,2000.0,53,-0.0761,-0.0955,10000,100
etc_simplified_cfr,run,2000.0,54,0.0785,0.109,10000,100
etc_simplified_cfr,run,2000.0,55,-0.0708,-0.07425,10000,100
etc_simplified_cfr,run,2000.0,56,-0.027,-0.047875,10000,100
etc_simplified_cfr,run,2000.0,57,0.1078,0.160875,10000,100
etc_simplified_cfr,run,2000.0,58,-0.0767,-0.11075,10000,100
etc_simplified_cfr,run,2000.0,59,-0.0265,-0.074375,10000,100
etc_simplified_cfr,run,2000.0,60,0.1538,0.190875,10000,100
etc_simplified_cfr,run,2000.0,61,-0.1805,-0.208625,10000,100
etc_simplified_cfr,run,2000.0,62,-0.2802,-0.3215,10000,100
etc_simplified_cfr,run,2000.0,63,0.0576,0.066375,10000,100
etc_simplified_cfr,run,2000.0,64,-0.0063,-0.0185,10000,100
etc_simplified_cfr,run,2000.0,65,0.0356,0.04175,10000,100
etc_simplified_cfr,run,2000.0,66,0.1238,0.106,10000,100
etc_simplified_cfr,run,2000.0,67,-0.1239,-0.151125,10000,100
etc_simplified_cfr,run,2000.0,68,-0.2122,-0.275,10000,100
etc_simplified_cfr,run,2000.0,69,-0.0969,-0.125,10000,100
etc_simplified_cfr,run,2000.0,70,-0.1178,-0.186375,10000,100
etc_simplified_cfr,run,2000.0,71,0.1226,0.157875,10000,100
etc_simplified_cfr,run,2000.0,72,-0.021,-0.011125,10000,100
etc_simplified_cfr,run,2000.0,73,-0.0241,-0.007375,10000,100
etc_simplified_cfr,run,2000.0,74,-0.0344,-0.073125,10000,100
etc_simplified_cfr,run,2000.0,75,-0.2404,-0.290375,10000,100
etc_simplified_cfr,run,2000.0,76,-0.0625,-0.095125,10000,100
etc_simplified_cfr,run,2000.0,77,-0.1596,-0.195875,10000,100
etc_simplified_cfr,run,2000.0,78,0.1416,0.15675,10000,100
etc_simplified_cfr,run,2000.0,79,0.0625,0.108375,10000,100
etc_simplified_cfr,run,2000.0,80,-0.1036,-0.147,10000,100
etc_simplified_cfr,run,2000.0,81,0.1657,0.2175,10000,100
etc_simplified_cfr,run,2000.0,82,0.0047,-0.01875,10000,100
etc_simplified_cfr,run,2000.0,83,0.0184,-0.021125,10000,100
etc_simplified_cfr,run,2000.0,84,-0.0202,-0.023375,10000,100
etc_simplified_cfr,run,2000.0,85,-0.2145,-0.253875,10000,100
etc_simplified_cfr,run,2000.0,86,-0.0907,-0.111875,10000,100
etc_simplified_cfr,run,2000.0,87,-0.4666,-0.57925,10000,100
etc_simplified_cfr,run,2000.0,88,-0.0429,-0.068125,10000,100
etc_simplified_cfr,run,2000.0,89,-0.4111,-0.505375,10000,100
etc_simplified_cfr,run,2000.0,90,-0.0966,-0.135625,10000,100
etc_simplified_cfr,run,2000.0,91,-0.1001,-0.118125,10000,100
etc_simplified_cfr,run,2000.0,92,0.143,0.17025,10000,100
etc_simplified_cfr,run,2000.0,93,-0.1047,-0.13125,10000,100
etc_simplified_cfr,run,2000.0,94,-0.031,-0.09575,10000,100
etc_simplified_cfr,run,2000.0,95,-0.4672,-0.579625,10000,100
etc_simplified_cfr,run,2000.0,96,-0.0294,-0.05825,10000,100
etc_simplified_cfr,run,2000.0,97,0.1958,0.22075,10000,100
etc_simplified_cfr,run,2000.0,98,0.0365,0.03125,10000,100
etc_simplified_cfr,run,2000.0,99,0.1609,0.180625,10000,100
etc_simplified_cfr,run,4000.0,0,0.1251,0.1893333333333333,10000,100
etc_simplified_cfr,run,4000.0,1,0.0408,0.0373333333333333,10000,100
etc_simplified_cfr,run,4000.0,2,-0.0964,-0.1048333333333333,10000,100
etc_simplified_cfr,run,4000.0,3,0.0331,-0.009,10000,100
etc_simplified_cfr,run,4000.0,4,-0.0051,-0.0221666666666666,10000,100
etc_simplified_cfr,run,4000.0,5,0.0439,0.0788333333333333,10000,100
etc_simplified_cfr,run,4000.0,6,-0.0917,-0.1576666666666666,10000,100
etc_simplified_cfr,run,4000.0,7,-0.1212,-0.1756666666666666,10000,100
etc_simplified_cfr,run,4000.0,8,0.1187,0.1635,10000,100
etc_simplified_cfr,run,4000.0,9,-0.0192,0.025,10000,100
etc_simplified_cfr,run,4000.0,10,0.0037,-0.0593333333333333,10000,100
etc_simplified_cfr,run,4000.0,11,0.0194,-0.0135,10000,100
etc_simplified_cfr,run,4000.0,12,0.0368,0.0376666666666666,10000,100
etc_simplified_cfr,run,4000.0,13,-0.1429,-0.2943333333333333,10000,100
etc_simplified_cfr,run,4000.0,14,-0.1425,-0.2216666666666666,10000,100
etc_simplified_cfr,run,4000.0,15,-0.0129,-0.0283333333333333,10000,100
etc_simplified_cfr,run,4000.0,16,-0.1893,-0.2875,10000,100
etc_simplified_cfr,run,4000.0,17,-0.0238,-0.0598333333333333,10000,100
etc_simplified_cfr,run,4000.0,18,-0.0891,-0.2088333333333333,10000,100
etc_simplified_cfr,run,4000.0,19,0.0678,0.1233333333333333,10000,100
etc_simplified_cfr,run,4000.0,20,0.0701,0.1136666666666666,10000,100
etc_simplified_cfr,run,4000.0,21,0.0408,0.0505,10000,100
etc_simplified_cfr,run,4000.0,22,0.0549,0.0845,10000,100
etc_simplified_cfr,run,4000.0,23,-0.0512,-0.078,10000,100
etc_simplified_cfr,run,4000.0,24,-0.1044,-0.229,10000,100
etc_simplified_cfr,run,4000.0,25,0.0843,0.1611666666666666,10000,100
etc_simplified_cfr,run,4000.0,26,0.0252,0.0858333333333333,10000,100
etc_simplified_cfr,run,4000.0,27,-0.1338,-0.2031666666666666,10000,100
etc_simplified_cfr,run,4000.0,28,0.1319,0.1628333333333333,10000,100
etc_simplified_cfr,run,4000.0,29,0.0422,0.0808333333333333,10000,100
etc_simplified_cfr,run,4000.0,30,-0.1282,-0.2645,10000,100
etc_simplified_cfr,run,4000.0,31,0.0459,0.0943333333333333,10000,100
etc_simplified_cfr,run,4000.0,32,-0.0917,-0.0988333333333333,10000,100
etc_simplified_cfr,run,4000.0,33,0.0781,0.1516666666666666,10000,100
etc_simplified_cfr,run,4000.0,34,0.0847,0.1345,10000,100
etc_simplified_cfr,run,4000.0,35,0.1954,0.3376666666666666,10000,100
etc_simplified_cfr,run,4000.0,36,-0.0611,-0.0398333333333333,10000,100
etc_simplified_cfr,run,4000.0,37,0.0389,0.0773333333333333,10000,100
etc_simplified_cfr,run,4000.0,38,-0.0847,-0.1291666666666666,10000,100
etc_simplified_cfr,run,4000.0,39,0.0242,0.0701666666666666,10000,100
etc_simplified_cfr,run,4000.0,40,0.1706,0.2625,10000,100
etc_simplified_cfr,run,4000.0,41,0.0796,0.1228333333333333,10000,100
etc_simplified_cfr,run,4000.0,42,-0.1177,-0.1353333333333333,10000,100
etc_simplified_cfr,run,4000.0,43,0.0677,0.1576666666666666,10000,100
etc_simplified_cfr,run,4000.0,44,0.1258,0.1901666666666666,10000,100
etc_simplified_cfr,run,4000.0,45,0.069,0.181,10000,100
etc_simplified_cfr,run,4000.0,46,-0.1365,-0.205,10000,100
etc_simplified_cfr,run,4000.0,47,-0.0112,-0.0508333333333333,10000,100
etc_simplified_cfr,run,4000.0,48,0.0148,-0.0353333333333333,10000,100
etc_simplified_cfr,run,4000.0,49,0.0008,-0.0408333333333333,10000,100
etc_simplified_cfr,run,4000.0,50,0.0755,0.0795,10000,100
etc_simplified_cfr,run,4000.0,51,0.0312,0.063,10000,100
etc_simplified_cfr,run,4000.0,52,-0.0615,-0.1298333333333333,10000,100
etc_simplified_cfr,run,4000.0,53,0.0583,0.1043333333333333,10000,100
etc_simplified_cfr,run,4000.0,54,0.0527,0.075,10000,100
etc_simplified_cfr,run,4000.0,55,0.1226,0.2505,10000,100
etc_simplified_cfr,run,4000.0,56,-0.0305,-0.1036666666666666,10000,100
etc_simplified_cfr,run,4000.0,57,-0.0188,-0.0355,10000,100
etc_simplified_cfr,run,4000.0,58,0.0197,-0.0206666666666666,10000,100
etc_simplified_cfr,run,4000.0,59,-0.079,-0.1636666666666666,10000,100
etc_simplified_cfr,run,4000.0,60,-0.16,-0.2745,10000,100
etc_simplified_cfr,run,4000.0,61,0.134,0.1778333333333333,10000,100
etc_simplified_cfr,run,4000.0,62,-0.0101,-0.0331666666666666,10000,100
etc_simplified_cfr,run,4000.0,63,0.0066,-0.0281666666666666,10000,100
etc_simplified_cfr,run,4000.0,64,-0.0872,-0.119,10000,100
etc_simplified_cfr,run,4000.0,65,0.0018,-0.0478333333333333,10000,100
etc_simplified_cfr,run,4000.0,66,0.0392,0.0146666666666666,10000,100
etc_simplified_cfr,run,4000.0,67,0.0149,0.014,10000,100
etc_simplified_cfr,run,4000.0,68,-0.0376,-0.0528333333333333,10000,100
etc_simplified_cfr,run,4000.0,69,-0.0482,-0.0938333333333333,10000,100
etc_simplified_cfr,run,4000.0,70,-0.0579,-0.0973333333333333,10000,100
etc_simplified_cfr,run,4000.0,71,0.0749,0.1311666666666666,10000,100
etc_simplified_cfr,run,4000.0,72,0.0728,0.0853333333333333,10000,100
etc_simplified_cfr,run,4000.0,73,0.101,0.1271666666666666,10000,100
etc_simplified_cfr,run,4000.0,74,-0.1378,-0.244,10000,100
etc_simplified_cfr,run,4000.0,75,0.0636,0.0728333333333333,10000,100
etc_simplified_cfr,run,4000.0,76,-0.0101,-0.0016666666666666,10000,100
etc_simplified_cfr,run,4000.0,77,0.0924,0.1188333333333333,10000,100
etc_simplified_cfr,run,4000.0,78,-0.0934,-0.2218333333333333,10000,100
etc_simplified_cfr,run,4000.0,79,-0.0603,-0.0516666666666666,10000,100
etc_simplified_cfr,run,4000.0,80,0.0532,0.036,10000,100
etc_simplified_cfr,run,4000.0,81,-0.1558,-0.296,10000,100
etc_simplified_cfr,run,4000.0,82,0.1298,0.2356666666666666,10000,100
etc_simplified_cfr,run,4000.0,83,0.1303,0.1606666666666666,10000,100
etc_simplified_cfr,run,4000.0,84,-0.0261,-0.0365,10000,100
etc_simplified_cfr,run,4000.0,85,0.0901,0.1116666666666666,10000,100
etc_simplified_cfr,run,4000.0,86,-0.1415,-0.1953333333333333,10000,100
etc_simplified_cfr,run,4000.0,87,-0.0398,-0.1243333333333333,10000,100
etc_simplified_cfr,run,4000.0,88,0.0071,0.0073333333333333,10000,100
etc_simplified_cfr,run,4000.0,89,-0.0254,-0.0683333333333333,10000,100
etc_simplified_cfr,run,4000.0,90,0.0312,0.0676666666666666,10000,100
etc_simplified_cfr,run,4000.0,91,-0.1779,-0.264,10000,100
etc_simplified_cfr,run,4000.0,92,-0.062,-0.1548333333333333,10000,100
etc_simplified_cfr,run,4000.0,93,0.0528,0.0345,10000,100
etc_simplified_cfr,run,4000.0,94,0.0075,-0.0388333333333333,10000,100
etc_simplified_cfr,run,4000.0,95,-0.0432,-0.0455,10000,100
etc_simplified_cfr,run,4000.0,96,-0.2178,-0.3488333333333333,10000,100
etc_simplified_cfr,run,4000.0,97,-0.3036,-0.4671666666666667,10000,100
etc_simplified_cfr,run,4000.0,98,-0.0682,-0.13,10000,100
etc_simplified_cfr,run,4000.0,99,0.1125,0.1585,10000,100
etc_simplified_cfr,run,6000.0,0,0.0093,0.00925,10000,100
etc_simplified_cfr,run,6000.0,1,0.0076,-0.0055,10000,100
etc_simplified_cfr,run,6000.0,2,0.035,0.0505,10000,100
etc_simplified_cfr,run,6000.0,3,0.1235,0.17975,10000,100
etc_simplified_cfr,run,6000.0,4,0.0392,0.027,10000,100
etc_simplified_cfr,run,6000.0,5,0.0172,0.06475,10000,100
etc_simplified_cfr,run,6000.0,6,0.0219,0.041,10000,100
etc_simplified_cfr,run,6000.0,7,-0.0153,-0.13375,10000,100
etc_simplified_cfr,run,6000.0,8,0.0384,-0.00175,10000,100
etc_simplified_cfr,run,6000.0,9,0.0873,0.221,10000,100
etc_simplified_cfr,run,6000.0,10,-0.0717,-0.10375,10000,100
etc_simplified_cfr,run,6000.0,11,-0.0107,-0.07125,10000,100
etc_simplified_cfr,run,6000.0,12,0.0878,0.185,10000,100
etc_simplified_cfr,run,6000.0,13,0.0081,-0.09425,10000,100
etc_simplified_cfr,run,6000.0,14,-0.0483,-0.0505,10000,100
etc_simplified_cfr,run,6000.0,15,0.0825,0.216,10000,100
etc_simplified_cfr,run,6000.0,16,0.0216,-0.01775,10000,100
etc_simplified_cfr,run,6000.0,17,0.06,0.11825,10000,100
etc_simplified_cfr,run,6000.0,18,0.042,-0.1405,10000,100
etc_simplified_cfr,run,6000.0,19,0.028,-0.02225,10000,100
etc_simplified_cfr,run,6000.0,20,0.0562,0.0365,10000,100
etc_simplified_cfr,run,6000.0,21,-0.0109,0.02075,10000,100
etc_simplified_cfr,run,6000.0,22,0.1442,0.297,10000,100
etc_simplified_cfr,run,6000.0,23,0.1053,0.2485,10000,100
etc_simplified_cfr,run,6000.0,24,0.018,0.05275,10000,100
etc_simplified_cfr,run,6000.0,25,0.0045,-0.0095,10000,100
etc_simplified_cfr,run,6000.0,26,0.0246,0.0145,10000,100
etc_simplified_cfr,run,6000.0,27,0.1207,0.23675,10000,100
etc_simplified_cfr,run,6000.0,28,0.0006,-0.068,10000,100
etc_simplified_cfr,run,6000.0,29,-0.0623,-0.099,10000,100
etc_simplified_cfr,run,6000.0,30,0.0304,0.0155,10000,100
etc_simplified_cfr,run,6000.0,31,0.0464,0.14175,10000,100
etc_simplified_cfr,run,6000.0,32,-0.0398,-0.085,10000,100
etc_simplified_cfr,run,6000.0,33,-0.0141,-0.0795,10000,100
etc_simplified_cfr,run,6000.0,34,-0.1097,-0.1235,10000,100
etc_simplified_cfr,run,6000.0,35,0.05,0.0615,10000,100
etc_simplified_cfr,run,6000.0,36,0.0474,0.05925,10000,100
etc_simplified_cfr,run,6000.0,37,0.0517,0.12325,10000,100
etc_simplified_cfr,run,6000.0,38,-0.0231,-0.07925,10000,100
etc_simplified_cfr,run,6000.0,39,0.0941,0.17025,10000,100
etc_simplified_cfr,run,6000.0,40,-0.0269,-0.063,10000,100
etc_simplified_cfr,run,6000.0,41,0.0202,0.0465,10000,100
etc_simplified_cfr,run,6000.0,42,-0.0923,-0.201,10000,100
etc_simplified_cfr,run,6000.0,43,-0.0159,-0.034,10000,100
etc_simplified_cfr,run,6000.0,44,-0.0307,-0.014,10000,100
etc_simplified_cfr,run,6000.0,45,0.0578,0.1775,10000,100
etc_simplified_cfr,run,6000.0,46,0.0601,0.159,10000,100
etc_simplified_cfr,run,6000.0,47,0.0383,0.06725,10000,100
etc_simplified_cfr,run,6000.0,48,0.0152,0.09775,10000,100
etc_simplified_cfr,run,6000.0,49,0.0157,0.078,10000,100
etc_simplified_cfr,run,6000.0,50,-0.0507,-0.2465,10000,100
etc_simplified_cfr,run,6000.0,51,-0.1579,-0.41375,10000,100
etc_simplified_cfr,run,6000.0,52,0.0526,-0.041,10000,100
etc_simplified_cfr,run,6000.0,53,-0.0155,-0.04525,10000,100
etc_simplified_cfr,run,6000.0,54,0.0397,0.046,10000,100
etc_simplified_cfr,run,6000.0,55,0.0345,0.05,10000,100
etc_simplified_cfr,run,6000.0,56,0.0002,-0.02725,10000,100
etc_simplified_cfr,run,6000.0,57,0.0049,-0.03975,10000,100
etc_simplified_cfr,run,6000.0,58,-0.0549,-0.14575,10000,100
etc_simplified_cfr,run,6000.0,59,0.0788,0.08475,10000,100
etc_simplified_cfr,run,6000.0,60,0.1012,0.23675,10000,100
etc_simplified_cfr,run,6000.0,61,0.0716,0.17825,10000,100
etc_simplified_cfr,run,6000.0,62,0.0537,0.1285,10000,100
etc_simplified_cfr,run,6000.0,63,0.0206,-0.0145,10000,100
etc_simplified_cfr,run,6000.0,64,0.0811,0.1835,10000,100
etc_simplified_cfr,run,6000.0,65,0.0006,-0.01775,10000,100
etc_simplified_cfr,run,6000.0,66,0.1149,0.22525,10000,100
etc_simplified_cfr,run,6000.0,67,0.0258,0.09975,10000,100
etc_simplified_cfr,run,6000.0,68,0.0001,-0.069,10000,100
etc_simplified_cfr,run,6000.0,69,-0.0625,-0.08725,10000,100
etc_simplified_cfr,run,6000.0,70,0.1113,0.253,10000,100
etc_simplified_cfr,run,6000.0,71,-0.0007,-0.02775,10000,100
etc_simplified_cfr,run,6000.0,72,-0.0657,-0.2035,10000,100
etc_simplified_cfr,run,6000.0,73,-0.0049,-0.00625,10000,100
etc_simplified_cfr,run,6000.0,74,-0.0468,-0.054,10000,100
etc_simplified_cfr,run,6000.0,75,0.0057,0.08875,10000,100
etc_simplified_cfr,run,6000.0,76,-0.0364,-0.1605,10000,100
etc_simplified_cfr,run,6000.0,77,-0.0135,0.043,10000,100
etc_simplified_cfr,run,6000.0,78,-0.0265,-0.14375,10000,100
etc_simplified_cfr,run,6000.0,79,-0.1226,-0.31825,10000,100
etc_simplified_cfr,run,6000.0,80,-0.0059,-0.09475,10000,100
etc_simplified_cfr,run,6000.0,81,0.0839,0.0345,10000,100
etc_simplified_cfr,run,6000.0,82,0.0471,0.1475,10000,100
etc_simplified_cfr,run,6000.0,83,-0.0515,-0.167,10000,100
etc_simplified_cfr,run,6000.0,84,-0.011,-0.02025,10000,100
etc_simplified_cfr,run,6000.0,85,-0.0327,-0.0425,10000,100
etc_simplified_cfr,run,6000.0,86,-0.1861,-0.4025,10000,100
etc_simplified_cfr,run,6000.0,87,0.0208,0.0145,10000,100
etc_simplified_cfr,run,6000.0,88,0.0455,0.07825,10000,100
etc_simplified_cfr,run,6000.0,89,0.0513,0.04775,10000,100
etc_simplified_cfr,run,6000.0,90,0.0631,0.081,10000,100
etc_simplified_cfr,run,6000.0,91,-0.0305,-0.08025,10000,100
etc_simplified_cfr,run,6000.0,92,0.1307,0.30875,10000,100
etc_simplified_cfr,run,6000.0,93,0.0296,0.0215,10000,100
etc_simplified_cfr,run,6000.0,94,0.0284,0.14425,10000,100
etc_simplified_cfr,run,6000.0,95,-0.0007,-0.00525,10000,100
etc_simplified_cfr,run,6000.0,96,-0.0301,-0.08725,10000,100
etc_simplified_cfr,run,6000.0,97,0.0875,0.111,10000,100
etc_simplified_cfr,run,6000.0,98,-0.0097,-0.1245,10000,100
etc_simplified_cfr,run,6000.0,99,0.0998,0.26025,10000,100
etc_simplified_cfr,run,8000.0,0,-0.101,-0.3675,10000,100
etc_simplified_cfr,run,8000.0,1,0.0638,0.248,10000,100
etc_simplified_cfr,run,8000.0,2,-0.0583,-0.3305,10000,100
etc_simplified_cfr,run,8000.0,3,0.0488,0.014,10000,100
etc_simplified_cfr,run,8000.0,4,-0.0057,-0.095,10000,100
etc_simplified_cfr,run,8000.0,5,0.0164,0.1685,10000,100
etc_simplified_cfr,run,8000.0,6,-0.0104,0.149,10000,100
etc_simplified_cfr,run,8000.0,7,-0.0116,-0.24,10000,100
etc_simplified_cfr,run,8000.0,8,0.0519,0.0535,10000,100
etc_simplified_cfr,run,8000.0,9,-0.0218,-0.1665,10000,100
etc_simplified_cfr,run,8000.0,10,0.0034,-0.015,10000,100
etc_simplified_cfr,run,8000.0,11,0.0824,0.048,10000,100
etc_simplified_cfr,run,8000.0,12,0.0231,0.164,10000,100
etc_simplified_cfr,run,8000.0,13,0.0214,-0.0535,10000,100
etc_simplified_cfr,run,8000.0,14,-0.0597,-0.2945,10000,100
etc_simplified_cfr,run,8000.0,15,0.0269,-0.008,10000,100
etc_simplified_cfr,run,8000.0,16,0.0062,0.055,10000,100
etc_simplified_cfr,run,8000.0,17,-0.0088,0.0145,10000,100
etc_simplified_cfr,run,8000.0,18,-0.0377,-0.2325,10000,100
etc_simplified_cfr,run,8000.0,19,0.0455,0.147,10000,100
etc_simplified_cfr,run,8000.0,20,-0.0029,-0.121,10000,100
etc_simplified_cfr,run,8000.0,21,0.0017,0.0075,10000,100
etc_simplified_cfr,run,8000.0,22,0.0262,-0.1155,10000,100
etc_simplified_cfr,run,8000.0,23,0.0009,0.0585,10000,100
etc_simplified_cfr,run,8000.0,24,0.0349,-0.3245,10000,100
etc_simplified_cfr,run,8000.0,25,-0.0452,-0.1265,10000,100
etc_simplified_cfr,run,8000.0,26,0.0002,-0.065,10000,100
etc_simplified_cfr,run,8000.0,27,-0.0143,-0.0735,10000,100
etc_simplified_cfr,run,8000.0,28,-0.0153,0.0435,10000,100
etc_simplified_cfr,run,8000.0,29,0.0234,0.081,10000,100
etc_simplified_cfr,run,8000.0,30,0.0065,0.044,10000,100
etc_simplified_cfr,run,8000.0,31,0.0123,-0.2105,10000,100
etc_simplified_cfr,run,8000.0,32,-0.0199,-0.229,10000,100
etc_simplified_cfr,run,8000.0,33,0.0495,0.1845,10000,100
etc_simplified_cfr,run,8000.0,34,-0.0295,-0.126,10000,100
etc_simplified_cfr,run,8000.0,35,-0.058,-0.312,10000,100
etc_simplified_cfr,run,8000.0,36,-0.0202,-0.1405,10000,100
etc_simplified_cfr,run,8000.0,37,-0.0026,-0.0795,10000,100
etc_simplified_cfr,run,8000.0,38,0.0608,0.1955,10000,100
etc_simplified_cfr,run,8000.0,39,-0.0068,0.0105,10000,100
etc_simplified_cfr,run,8000.0,40,0.0836,0.0595,10000,100
etc_simplified_cfr,run,8000.0,41,-0.0261,-0.138,10000,100
etc_simplified_cfr,run,8000.0,42,0.0206,0.081,10000,100
etc_simplified_cfr,run,8000.0,43,0.0683,0.13,10000,100
etc_simplified_cfr,run,8000.0,44,-0.0205,-0.1,10000,100
etc_simplified_cfr,run,8000.0,45,-0.0139,-0.1985,10000,100
etc_simplified_cfr,run,8000.0,46,0.0555,-0.041,10000,100
etc_simplified_cfr,run,8000.0,47,0.0002,0.0405,10000,100
etc_simplified_cfr,run,8000.0,48,0.0345,0.1095,10000,100
etc_simplified_cfr,run,8000.0,49,0.0039,0.0205,10000,100
etc_simplified_cfr,run,8000.0,50,0.051,-0.0395,10000,100
etc_simplified_cfr,run,8000.0,51,-0.0122,-0.097,10000,100
etc_simplified_cfr,run,8000.0,52,0.0387,0.202,10000,100
etc_simplified_cfr,run,8000.0,53,-0.0158,-0.1705,10000,100
etc_simplified_cfr,run,8000.0,54,0.0948,0.2915,10000,100
etc_simplified_cfr,run,8000.0,55,-0.0133,-0.201,10000,100
etc_simplified_cfr,run,8000.0,56,-0.0613,-0.263,10000,100
etc_simplified_cfr,run,8000.0,57,0.0654,0.1915,10000,100
etc_simplified_cfr,run,8000.0,58,-0.0151,0.009,10000,100
etc_simplified_cfr,run,8000.0,59,0.0249,-0.01,10000,100
etc_simplified_cfr,run,8000.0,60,0.0533,0.3905,10000,100
etc_simplified_cfr,run,8000.0,61,-0.0496,0.004,10000,100
etc_simplified_cfr,run,8000.0,62,0.0133,0.0505,10000,100
etc_simplified_cfr,run,8000.0,63,0.0581,0.149,10000,100
etc_simplified_cfr,run,8000.0,64,0.0517,0.3135,10000,100
etc_simplified_cfr,run,8000.0,65,-0.0152,-0.2245,10000,100
etc_simplified_cfr,run,8000.0,66,0.0364,0.1435,10000,100
etc_simplified_cfr,run,8000.0,67,0.0593,0.09,10000,100
etc_simplified_cfr,run,8000.0,68,0.0263,0.025,10000,100
etc_simplified_cfr,run,8000.0,69,0.0161,-0.012,10000,100
etc_simplified_cfr,run,8000.0,70,0.0066,0.102,10000,100
etc_simplified_cfr,run,8000.0,71,0.0191,0.0385,10000,100
etc_simplified_cfr,run,8000.0,72,0.0713,0.124,10000,100
etc_simplified_cfr,run,8000.0,73,0.0433,0.0505,10000,100
etc_simplified_cfr,run,8000.0,74,0.0751,0.445,10000,100
etc_simplified_cfr,run,8000.0,75,0.0346,-0.053,10000,100
etc_simplified_cfr,run,8000.0,76,-0.0461,-0.1525,10000,100
etc_simplified_cfr,run,8000.0,77,0.0214,0.0245,10000,100
etc_simplified_cfr,run,8000.0,78,-0.0353,0.0025,10000,100
etc_simplified_cfr,run,8000.0,79,-0.0194,0.0595,10000,100
etc_simplified_cfr,run,8000.0,80,0.0361,0.0315,10000,100
etc_simplified_cfr,run,8000.0,81,-0.019,-0.025,10000,100
etc_simplified_cfr,run,8000.0,82,0.0567,-0.057,10000,100
etc_simplified_cfr,run,8000.0,83,0.0541,0.1135,10000,100
etc_simplified_cfr,run,8000.0,84,0.0352,0.1205,10000,100
etc_simplified_cfr,run,8000.0,85,-0.0589,0.0005,10000,100
etc_simplified_cfr,run,8000.0,86,0.0701,-0.045,10000,100
etc_simplified_cfr,run,8000.0,87,0.036,0.2515,10000,100
etc_simplified_cfr,run,8000.0,88,-0.0452,-0.1035,10000,100
etc_simplified_cfr,run,8000.0,89,0.0548,0.065,10000,100
etc_simplified_cfr,run,8000.0,90,0.044,0.0515,10000,100
etc_simplified_cfr,run,8000.0,91,0.0528,-0.021,10000,100
etc_simplified_cfr,run,8000.0,92,0.0523,-0.0805,10000,100
etc_simplified_cfr,run,8000.0,93,0.0491,-0.069,10000,100
etc_simplified_cfr,run,8000.0,94,0.022,0.044,10000,100
etc_simplified_cfr,run,8000.0,95,0.0326,0.103,10000,100
etc_simplified_cfr,run,8000.0,96,0.0234,-0.0555,10000,100
etc_simplified_cfr,run,8000.0,97,0.0674,0.127,10000,100
etc_simplified_cfr,run,8000.0,98,-0.0748,-0.18,10000,100
etc_simplified_cfr,run,8000.0,99,-0.0065,-0.0285,10000,100
etc_simplified_cfr,run,9000.0,0,0.0148,0.243,10000,100
etc_simplified_cfr,run,9000.0,1,0.0336,0.384,10000,100
etc_simplified_cfr,run,9000.0,2,0.0155,0.123,10000,100
etc_simplified_cfr,run,9000.0,3,0.0266,0.037,10000,100
etc_simplified_cfr,run,9000.0,4,0.0244,-0.095,10000,100
etc_simplified_cfr,run,9000.0,5,-0.0087,0.023,10000,100
etc_simplified_cfr,run,9000.0,6,0.0175,0.19,10000,100
etc_simplified_cfr,run,9000.0,7,0.0707,0.282,10000,100
etc_simplified_cfr,run,9000.0,8,0.0612,0.325,10000,100
etc_simplified_cfr,run,9000.0,9,0.0482,-0.042,10000,100
etc_simplified_cfr,run,9000.0,10,0.0619,0.249,10000,100
etc_simplified_cfr,run,9000.0,11,0.0348,-0.01,10000,100
etc_simplified_cfr,run,9000.0,12,0.0992,0.499,10000,100
etc_simplified_cfr,run,9000.0,13,-0.0219,-0.444,10000,100
etc_simplified_cfr,run,9000.0,14,0.0426,0.103,10000,100
etc_simplified_cfr,run,9000.0,15,0.0988,0.213,10000,100
etc_simplified_cfr,run,9000.0,16,0.0095,-0.044,10000,100
etc_simplified_cfr,run,9000.0,17,0.1023,0.036,10000,100
etc_simplified_cfr,run,9000.0,18,-0.0134,-0.508,10000,100
etc_simplified_cfr,run,9000.0,19,0.0122,0.04,10000,100
etc_simplified_cfr,run,9000.0,20,0.0796,0.097,10000,100
etc_simplified_cfr,run,9000.0,21,0.0293,-0.173,10000,100
etc_simplified_cfr,run,9000.0,22,0.086,0.475,10000,100
etc_simplified_cfr,run,9000.0,23,-0.006,-0.039,10000,100
etc_simplified_cfr,run,9000.0,24,0.0419,0.004,10000,100
etc_simplified_cfr,run,9000.0,25,0.0139,0.128,10000,100
etc_simplified_cfr,run,9000.0,26,0.0779,0.244,10000,100
etc_simplified_cfr,run,9000.0,27,-0.0007,-0.039,10000,100
etc_simplified_cfr,run,9000.0,28,-0.0378,-0.242,10000,100
etc_simplified_cfr,run,9000.0,29,-0.0032,-0.032,10000,100
etc_simplified_cfr,run,9000.0,30,0.0265,0.093,10000,100
etc_simplified_cfr,run,9000.0,31,0.001,-0.231,10000,100
etc_simplified_cfr,run,9000.0,32,-0.0132,0.112,10000,100
etc_simplified_cfr,run,9000.0,33,-0.0488,-0.288,10000,100
etc_simplified_cfr,run,9000.0,34,-0.0703,0.029,10000,100
etc_simplified_cfr,run,9000.0,35,-0.0506,-0.209,10000,100
etc_simplified_cfr,run,9000.0,36,0.0619,0.066,10000,100
etc_simplified_cfr,run,9000.0,37,0.0064,-0.076,10000,100
etc_simplified_cfr,run,9000.0,38,0.0613,-0.022,10000,100
etc_simplified_cfr,run,9000.0,39,0.0538,0.485,10000,100
etc_simplified_cfr,run,9000.0,40,0.0655,-0.06,10000,100
etc_simplified_cfr,run,9000.0,41,0.0191,0.306,10000,100
etc_simplified_cfr,run,9000.0,42,0.0915,0.076,10000,100
etc_simplified_cfr,run,9000.0,43,0.0723,0.174,10000,100
etc_simplified_cfr,run,9000.0,44,0.0266,-0.126,10000,100
etc_simplified_cfr,run,9000.0,45,0.0322,0.045,10000,100
etc_simplified_cfr,run,9000.0,46,0.0836,0.405,10000,100
etc_simplified_cfr,run,9000.0,47,-0.0307,0.036,10000,100
etc_simplified_cfr,run,9000.0,48,0.0496,0.322,10000,100
etc_simplified_cfr,run,9000.0,49,-0.049,-0.252,10000,100
etc_simplified_cfr,run,9000.0,50,-0.0198,-0.151,10000,100
etc_simplified_cfr,run,9000.0,51,0.014,-0.232,10000,100
etc_simplified_cfr,run,9000.0,52,0.054,0.063,10000,100
etc_simplified_cfr,run,9000.0,53,0.0093,0.053,10000,100
etc_simplified_cfr,run,9000.0,54,-0.0388,-0.178,10000,100
etc_simplified_cfr,run,9000.0,55,0.0843,0.31,10000,100
etc_simplified_cfr,run,9000.0,56,-0.0043,-0.153,10000,100
etc_simplified_cfr,run,9000.0,57,-0.014,-0.173,10000,100
etc_simplified_cfr,run,9000.0,58,-0.0194,0.174,10000,100
etc_simplified_cfr,run,9000.0,59,-0.0463,0.041,10000,100
etc_simplified_cfr,run,9000.0,60,-0.0253,0.032,10000,100
etc_simplified_cfr,run,9000.0,61,0.0648,0.01,10000,100
etc_simplified_cfr,run,9000.0,62,0.0243,-0.056,10000,100
etc_simplified_cfr,run,9000.0,63,0.0558,0.236,10000,100
etc_simplified_cfr,run,9000.0,64,-0.0315,-0.114,10000,100
etc_simplified_cfr,run,9000.0,65,-0.0011,-0.051,10000,100
etc_simplified_cfr,run,9000.0,66,0.0823,0.171,10000,100
etc_simplified_cfr,run,9000.0,67,0.0125,0.082,10000,100
etc_simplified_cfr,run,9000.0,68,-0.0218,0.308,10000,100
etc_simplified_cfr,run,9000.0,69,-0.0048,-0.531,10000,100
etc_simplified_cfr,run,9000.0,70,0.0655,0.489,10000,100
etc_simplified_cfr,run,9000.0,71,0.0512,0.331,10000,100
etc_simplified_cfr,run,9000.0,72,-0.0314,0.101,10000,100
etc_simplified_cfr,run,9000.0,73,0.0165,-0.04,10000,100
etc_simplified_cfr,run,9000.0,74,0.0447,0.181,10000,100
etc_simplified_cfr,run,9000.0,75,0.0014,0.015,10000,100
etc_simplified_cfr,run,9000.0,76,0.1054,0.269,10000,100
etc_simplified_cfr,run,9000.0,77,0.0879,0.468,10000,100
etc_simplified_cfr,run,9000.0,78,0.0062,-0.141,10000,100
etc_simplified_cfr,run,9000.0,79,0.0702,0.401,10000,100
etc_simplified_cfr,run,9000.0,80,-0.0554,-0.273,10000,100
etc_simplified_cfr,run,9000.0,81,-0.0561,-0.364,10000,100
etc_simplified_cfr,run,9000.0,82,0.022,0.492,10000,100
etc_simplified_cfr,run,9000.0,83,0.0219,-0.037,10000,100
etc_simplified_cfr,run,9000.0,84,-0.0124,-0.249,10000,100
etc_simplified_cfr,run,9000.0,85,0.0272,0.073,10000,100
etc_simplified_cfr,run,9000.0,86,-0.0033,-0.044,10000,100
etc_simplified_cfr,run,9000.0,87,-0.0103,-0.293,10000,100
etc_simplified_cfr,run,9000.0,88,0.0775,0.288,10000,100
etc_simplified_cfr,run,9000.0,89,-0.0102,-0.08,10000,100
etc_simplified_cfr,run,9000.0,90,0.0459,0.363,10000,100
etc_simplified_cfr,run,9000.0,91,0.0171,0.01,10000,100
etc_simplified_cfr,run,9000.0,92,-0.0419,-0.005,10000,100
etc_simplified_cfr,run,9000.0,93,0.0566,0.275,10000,100
etc_simplified_cfr,run,9000.0,94,0.044,0.261,10000,100
etc_simplified_cfr,run,9000.0,95,0.0417,0.079,10000,100
etc_simplified_cfr,run,9000.0,96,0.0485,0.236,10000,100
etc_simplified_cfr,run,9000.0,97,-0.0126,-0.061,10000,100
etc_simplified_cfr,run,9000.0,98,0.0695,0.099,10000,100
etc_simplified_cfr,run,9000.0,99,0.0733,0.238,10000,100
etc_simplified_cfr,run,9500.0,0,0.0149,-0.434,10000,100
etc_simplified_cfr,run,9500.0,1,-0.0709,-0.604,10000,100
etc_simplified_cfr,run,9500.0,2,0.0245,-0.186,10000,100
etc_simplified_cfr,run,9500.0,3,0.0523,0.1,10000,100
etc_simplified_cfr,run,9500.0,4,0.0252,0.402,10000,100
etc_simplified_cfr,run,9500.0,5,0.0924,0.184,10000,100
etc_simplified_cfr,run,9500.0,6,-0.0335,-0.468,10000,100
etc_simplified_cfr,run,9500.0,7,-0.0437,-0.59,10000,100
etc_simplified_cfr,run,9500.0,8,-0.0038,0.106,10000,100
etc_simplified_cfr,run,9500.0,9,-0.0188,0.044,10000,100
etc_simplified_cfr,run,9500.0,10,0.0024,0.104,10000,100
etc_simplified_cfr,run,9500.0,11,0.0437,-0.2,10000,100
etc_simplified_cfr,run,9500.0,12,-0.0011,-0.284,10000,100
etc_simplified_cfr,run,9500.0,13,0.0117,-0.256,10000,100
etc_simplified_cfr,run,9500.0,14,0.0112,0.17,10000,100
etc_simplified_cfr,run,9500.0,15,0.0386,0.364,10000,100
etc_simplified_cfr,run,9500.0,16,0.0402,0.304,10000,100
etc_simplified_cfr,run,9500.0,17,-0.0234,-0.142,10000,100
etc_simplified_cfr,run,9500.0,18,-0.0118,0.306,10000,100
etc_simplified_cfr,run,9500.0,19,-0.0078,-0.03,10000,100
etc_simplified_cfr,run,9500.0,20,-0.0487,-0.018,10000,100
etc_simplified_cfr,run,9500.0,21,0.0429,0.016,10000,100
etc_simplified_cfr,run,9500.0,22,-0.0437,-0.04,10000,100
etc_simplified_cfr,run,9500.0,23,0.0284,0.138,10000,100
etc_simplified_cfr,run,9500.0,24,0.0777,0.03,10000,100
etc_simplified_cfr,run,9500.0,25,-0.0119,-0.43,10000,100
etc_simplified_cfr,run,9500.0,26,0.0326,-0.014,10000,100
etc_simplified_cfr,run,9500.0,27,0.014,-0.036,10000,100
etc_simplified_cfr,run,9500.0,28,-0.0943,-0.064,10000,100
etc_simplified_cfr,run,9500.0,29,0.0007,-0.05,10000,100
etc_simplified_cfr,run,9500.0,30,0.0231,0.422,10000,100
etc_simplified_cfr,run,9500.0,31,-0.0112,-0.188,10000,100
etc_simplified_cfr,run,9500.0,32,-0.0086,-0.17,10000,100
etc_simplified_cfr,run,9500.0,33,0.0938,0.074,10000,100
etc_simplified_cfr,run,9500.0,34,-0.035,-0.482,10000,100
etc_simplified_cfr,run,9500.0,35,0.072,0.29,10000,100
etc_simplified_cfr,run,9500.0,36,0.0747,0.192,10000,100
etc_simplified_cfr,run,9500.0,37,-0.0114,0.316,10000,100
etc_simplified_cfr,run,9500.0,38,-0.0319,0.072,10000,100
etc_simplified_cfr,run,9500.0,39,0.0638,0.356,10000,100
etc_simplified_cfr,run,9500.0,40,-0.0329,0.406,10000,100
etc_simplified_cfr,run,9500.0,41,0.0074,-0.356,10000,100
etc_simplified_cfr,run,9500.0,42,0.0514,0.442,10000,100
etc_simplified_cfr,run,9500.0,43,0.0179,-0.218,10000,100
etc_simplified_cfr,run,9500.0,44,-0.0141,0.142,10000,100
etc_simplified_cfr,run,9500.0,45,0.0641,-0.11,10000,100
etc_simplified_cfr,run,9500.0,46,0.1004,0.13,10000,100
etc_simplified_cfr,run,9500.0,47,-0.0067,0.376,10000,100
etc_simplified_cfr,run,9500.0,48,0.0046,-0.266,10000,100
etc_simplified_cfr,run,9500.0,49,-0.0053,0.012,10000,100
etc_simplified_cfr,run,9500.0,50,0.0154,-0.062,10000,100
etc_simplified_cfr,run,9500.0,51,-0.0124,0.126,10000,100
etc_simplified_cfr,run,9500.0,52,0.029,-0.156,10000,100
etc_simplified_cfr,run,9500.0,53,0.05,-0.498,10000,100
etc_simplified_cfr,run,9500.0,54,-0.0136,-0.012,10000,100
etc_simplified_cfr,run,9500.0,55,0.0136,0.386,10000,100
etc_simplified_cfr,run,9500.0,56,0.0346,-0.494,10000,100
etc_simplified_cfr,run,9500.0,57,-0.0055,-0.166,10000,100
etc_simplified_cfr,run,9500.0,58,0.026,0.13,10000,100
etc_simplified_cfr,run,9500.0,59,0.0541,0.35,10000,100
etc_simplified_cfr,run,9500.0,60,-0.0144,0.116,10000,100
etc_simplified_cfr,run,9500.0,61,0.0389,-0.376,10000,100
etc_simplified_cfr,run,9500.0,62,-0.0037,0.52,10000,100
etc_simplified_cfr,run,9500.0,63,-0.0259,-0.556,10000,100
etc_simplified_cfr,run,9500.0,64,0.027,-0.044,10000,100
etc_simplified_cfr,run,9500.0,65,0.0009,0.24,10000,100
etc_simplified_cfr,run,9500.0,66,-0.0057,-0.13,10000,100
etc_simplified_cfr,run,9500.0,67,-0.019,0.374,10000,100
etc_simplified_cfr,run,9500.0,68,0.0356,-0.018,10000,100
etc_simplified_cfr,run,9500.0,69,0.007,-0.298,10000,100
etc_simplified_cfr,run,9500.0,70,-0.0815,-0.894,10000,100
etc_simplified_cfr,run,9500.0,71,-0.0201,-0.122,10000,100
etc_simplified_cfr,run,9500.0,72,-0.0521,-0.08,10000,100
etc_simplified_cfr,run,9500.0,73,0.0294,0.364,10000,100
etc_simplified_cfr,run,9500.0,74,-0.0008,0.682,10000,100
etc_simplified_cfr,run,9500.0,75,-0.0429,-0.156,10000,100
etc_simplified_cfr,run,9500.0,76,-0.0112,-0.056,10000,100
etc_simplified_cfr,run,9500.0,77,0.0129,0.268,10000,100
etc_simplified_cfr,run,9500.0,78,0.0844,0.494,10000,100
etc_simplified_cfr,run,9500.0,79,0.0444,0.14,10000,100
etc_simplified_cfr,run,9500.0,80,0.0347,-0.334,10000,100
etc_simplified_cfr,run,9500.0,81,0.0492,-0.468,10000,100
etc_simplified_cfr,run,9500.0,82,0.0573,0.604,10000,100
etc_simplified_cfr,run,9500.0,83,0.0306,-0.172,10000,100
etc_simplified_cfr,run,9500.0,84,0.0395,0.146,10000,100
etc_simplified_cfr,run,9500.0,85,-0.0457,-0.358,10000,100
etc_simplified_cfr,run,9500.0,86,0.0363,-0.31,10000,100
etc_simplified_cfr,run,9500.0,87,0.0867,0.004,10000,100
etc_simplified_cfr,run,9500.0,88,-0.0254,-0.282,10000,100
etc_simplified_cfr,run,9500.0,89,0.057,-0.144,10000,100
etc_simplified_cfr,run,9500.0,90,-0.0165,-0.602,10000,100
etc_simplified_cfr,run,9500.0,91,0.0129,-0.008,10000,100
etc_simplified_cfr,run,9500.0,92,-0.016,-0.094,10000,100
etc_simplified_cfr,run,9500.0,93,0.0101,-0.208,10000,100
etc_simplified_cfr,run,9500.0,94,0.0099,-0.324,10000,100
etc_simplified_cfr,run,9500.0,95,0.048,0.268,10000,100
etc_simplified_cfr,run,9500.0,96,0.0388,0.516,10000,100
etc_simplified_cfr,run,9500.0,97,-0.0118,0.0,10000,100
etc_simplified_cfr,run,9500.0,98,0.0002,0.086,10000,100
etc_simplified_cfr,run,9500.0,99,-0.0004,0.208,10000,100
etc_vs_cfr,run,1000.0,0,-0.4977,-0.4582222222222222,10000,100
etc_vs_cfr,run,1000.0,1,-0.2543,-0.2106666666666666,10000,100
etc_vs_cfr,run,1000.0,2,-0.4234,-0.4105555555555555,10000,100
etc_vs_cfr,run,1000.0,3,-0.2752,-0.2094444444444444,10000,100
etc_vs_cfr,run,1000.0,4,-0.2492,-0.1975555555555555,10000,100
etc_vs_cfr,run,1000.0,5,-0.2102,-0.1683333333333333,10000,100
etc_vs_cfr,run,1000.0,6,-0.3141,-0.2693333333333333,10000,100
etc_vs_cfr,run,1000.0,7,-0.3301,-0.2763333333333333,10000,100
etc_vs_cfr,run,1000.0,8,-0.2874,-0.2264444444444444,10000,100
etc_vs_cfr,run,1000.0,9,-0.3572,-0.2931111111111111,10000,100
etc_vs_cfr,run,1000.0,10,-0.3758,-0.3533333333333333,10000,100
etc_vs_cfr,run,1000.0,11,-0.2863,-0.223,10000,100
etc_vs_cfr,run,1000.0,12,-0.343,-0.3112222222222222,10000,100
etc_vs_cfr,run,1000.0,13,-0.4627,-0.4337777777777777,10000,100
etc_vs_cfr,run,1000.0,14,-0.2899,-0.248,10000,100
etc_vs_cfr,run,1000.0,15,-0.185,-0.1273333333333333,10000,100
etc_vs_cfr,run,1000.0,16,-0.2581,-0.2024444444444444,10000,100
etc_vs_cfr,run,1000.0,17,-0.2404,-0.1958888888888889,10000,100
etc_vs_cfr,run,1000.0,18,-0.3051,-0.2741111111111111,10000,100
etc_vs_cfr,run,1000.0,19,-0.318,-0.2548888888888889,10000,100
etc_vs_cfr,run,1000.0,20,-0.4122,-0.3712222222222222,10000,100
etc_vs_cfr,run,1000.0,21,-0.1781,-0.1292222222222222,10000,100
etc_vs_cfr,run,1000.0,22,-0.4307,-0.406,10000,100
etc_vs_cfr,run,1000.0,23,-0.2807,-0.2265555555555555,10000,100
etc_vs_cfr,run,1000.0,24,-0.2189,-0.1668888888888889,10000,100
etc_vs_cfr,run,1000.0,25,-0.3243,-0.2814444444444444,10000,100
etc_vs_cfr,run,1000.0,26,-0.3221,-0.2646666666666666,10000,100
etc_vs_cfr,run,1000.0,27,-0.2797,-0.2166666666666666,10000,100
etc_vs_cfr,run,1000.0,28,-0.2784,-0.236,10000,100
etc_vs_cfr,run,1000.0,29,-0.2126,-0.1661111111111111,10000,100
etc_vs_cfr,run,1000.0,30,-0.3352,-0.2884444444444444,10000,100
etc_vs_cfr,run,1000.0,31,-0.4279,-0.3946666666666666,10000,100
etc_vs_cfr,run,1000.0,32,-0.2996,-0.2718888888888889,10000,100
etc_vs_cfr,run,1000.0,33,-0.4333,-0.4074444444444444,10000,100
etc_vs_cfr,run,1000.0,34,-0.1364,-0.0896666666666666,10000,100
etc_vs_cfr,run,1000.0,35,-0.3005,-0.2561111111111111,10000,100
etc_vs_cfr,run,1000.0,36,-0.3773,-0.338,10000,100
etc_vs_cfr,run,1000.0,37,-0.3543,-0.3054444444444444,10000,100
etc_vs_cfr,run,1000.0,38,-0.3333,-0.2864444444444444,10000,100
etc_vs_cfr,run,1000.0,39,-0.2931,-0.2005555555555555,10000,100
etc_vs_cfr,run,1000.0,40,-0.289,-0.2364444444444444,10000,100
etc_vs_cfr,run,1000.0,41,-0.3287,-0.285,10000,100
etc_vs_cfr,run,1000.0,42,-0.4628,-0.4451111111111111,10000,100
etc_vs_cfr,run,1000.0,43,-0.2882,-0.2468888888888888,10000,100
etc_vs_cfr,run,1000.0,44,-0.382,-0.378,10000,100
etc_vs_cfr,run,1000.0,45,-0.2849,-0.2328888888888889,10000,100
etc_vs_cfr,run,1000.0,46,-0.2916,-0.2797777777777778,10000,100
etc_vs_cfr,run,1000.0,47,-0.3852,-0.3784444444444444,10000,100
etc_vs_cfr,run,1000.0,48,-0.3585,-0.3164444444444444,10000,100
etc_vs_cfr,run,1000.0,49,-0.2668,-0.2181111111111111,10000,100
etc_vs_cfr,run,1000.0,50,-0.4005,-0.385,10000,100
etc_vs_cfr,run,1000.0,51,-0.4677,-0.418,10000,100
etc_vs_cfr,run,1000.0,52,-0.3978,-0.3364444444444444,10000,100
etc_vs_cfr,run,1000.0,53,-0.2836,-0.2417777777777777,10000,100
etc_vs_cfr,run,1000.0,54,-0.4015,-0.3767777777777777,10000,100
etc_vs_cfr,run,1000.0,55,-0.3137,-0.2786666666666667,10000,100
etc_vs_cfr,run,1000.0,56,-0.4855,-0.4672222222222222,10000,100
etc_vs_cfr,run,1000.0,57,-0.382,-0.3581111111111111,10000,100
etc_vs_cfr,run,1000.0,58,-0.3892,-0.34,10000,100
etc_vs_cfr,run,1000.0,59,-0.2779,-0.2314444444444444,10000,100
etc_vs_cfr,run,1000.0,60,-0.4204,-0.4035555555555555,10000,100
etc_vs_cfr,run,1000.0,61,-0.3237,-0.2748888888888889,10000,100
etc_vs_cfr,run,1000.0,62,-0.1597,-0.1254444444444444,10000,100
etc_vs_cfr,run,1000.0,63,-0.3829,-0.3228888888888889,10000,100
etc_vs_cfr,run,1000.0,64,-0.3315,-0.274,10000,100
etc_vs_cfr,run,1000.0,65,-0.1808,-0.1513333333333333,10000,100
etc_vs_cfr,run,1000.0,66,-0.3415,-0.2827777777777778,10000,100
etc_vs_cfr,run,1000.0,67,-0.594,-0.575,10000,100
etc_vs_cfr,run,1000.0,68,-0.1088,-0.0412222222222222,10000,100
etc_vs_cfr,run,1000.0,69,-0.3861,-0.3596666666666667,10000,100
etc_vs_cfr,run,1000.0,70,-0.2296,-0.192,10000,100
etc_vs_cfr,run,1000.0,71,-0.3268,-0.2791111111111111,10000,100
etc_vs_cfr,run,1000.0,72,-0.1946,-0.1391111111111111,10000,100
etc_vs_cfr,run,1000.0,73,-0.4339,-0.4052222222222222,10000,100
etc_vs_cfr,run,1000.0,74,-0.3471,-0.3011111111111111,10000,100
etc_vs_cfr,run,1000.0,75,-0.3013,-0.2364444444444444,10000,100
etc_vs_cfr,run,1000.0,76,-0.4804,-0.4427777777777777,10000,100
etc_vs_cfr,run,1000.0,77,-0.3444,-0.298,10000,100
etc_vs_cfr,run,1000.0,78,-0.1793,-0.1171111111111111,10000,100
etc_vs_cfr,run,1000.0,79,-0.3047,-0.2678888888888889,10000,100
etc_vs_cfr,run,1000.0,80,-0.3259,-0.2732222222222222,10000,100
etc_vs_cfr,run,1000.0,81,-0.6052,-0.5884444444444444,10000,100
etc_vs_cfr,run,1000.0,82,-0.2856,-0.2306666666666666,10000,100
etc_vs_cfr,run,1000.0,83,-0.4585,-0.4303333333333333,10000,100
etc_vs_cfr,run,1000.0,84,-0.3421,-0.3032222222222222,10000,100
etc_vs_cfr,run,1000.0,85,-0.2428,-0.2035555555555555,10000,100
etc_vs_cfr,run,1000.0,86,-0.2339,-0.1922222222222222,10000,100
etc_vs_cfr,run,1000.0,87,-0.3871,-0.3256666666666666,10000,100
etc_vs_cfr,run,1000.0,88,-0.3418,-0.3078888888888889,10000,100
etc_vs_cfr,run,1000.0,89,-0.3075,-0.2607777777777778,10000,100
etc_vs_cfr,run,1000.0,90,-0.4399,-0.4061111111111111,10000,100
etc_vs_cfr,run,1000.0,91,-0.3648,-0.3175555555555555,10000,100
etc_vs_cfr,run,1000.0,92,-0.375,-0.3385555555555555,10000,100
etc_vs_cfr,run,1000.0,93,-0.313,-0.2443333333333333,10000,100
etc_vs_cfr,run,1000.0,94,-0.41,-0.4017777777777778,10000,100
etc_vs_cfr,run,1000.0,95,-0.3105,-0.2466666666666666,10000,100
etc_vs_cfr,run,1000.0,96,-0.3102,-0.2556666666666666,10000,100
etc_vs_cfr,run,1000.0,97,-0.3191,-0.2788888888888889,10000,100
etc_vs_cfr,run,1000.0,98,-0.3563,-0.3192222222222222,10000,100
etc_vs_cfr,run,1000.0,99,-0.4328,-0.4155555555555555,10000,100
etc_vs_cfr,run,2000.0,0,-0.4591,-0.400625,10000,100
etc_vs_cfr,run,2000.0,1,-0.3427,-0.274875,10000,100
etc_vs_cfr,run,2000.0,2,-0.3026,-0.177875,10000,100
etc_vs_cfr,run,2000.0,3,-0.3726,-0.293125,10000,100
etc_vs_cfr,run,2000.0,4,-0.3722,-0.2845,10000,100
etc_vs_cfr,run,2000.0,5,-0.4235,-0.357125,10000,100
etc_vs_cfr,run,2000.0,6,-0.4217,-0.365625,10000,100
etc_vs_cfr,run,2000.0,7,-0.4697,-0.409125,10000,100
etc_vs_cfr,run,2000.0,8,-0.2038,-0.094125,10000,100
etc_vs_cfr,run,2000.0,9,-0.3545,-0.226125,10000,100
etc_vs_cfr,run,2000.0,10,-0.1805,-0.09725,10000,100
etc_vs_cfr,run,2000.0,11,-0.3856,-0.302375,10000,100
etc_vs_cfr,run,2000.0,12,-0.3722,-0.322625,10000,100
etc_vs_cfr,run,2000.0,13,-0.2316,-0.1325,10000,100
etc_vs_cfr,run,2000.0,14,-0.371,-0.254125,10000,100
etc_vs_cfr,run,2000.0,15,-0.4653,-0.374375,10000,100
etc_vs_cfr,run,2000.0,16,-0.3512,-0.226875,10000,100
etc_vs_cfr,run,2000.0,17,-0.3124,-0.1915,10000,100
etc_vs_cfr,run,2000.0,18,-0.1839,-0.074125,10000,100
etc_vs_cfr,run,2000.0,19,-0.2274,-0.088375,10000,100
etc_vs_cfr,run,2000.0,20,-0.443,-0.378,10000,100
etc_vs_cfr,run,2000.0,21,-0.3367,-0.2545,10000,100
etc_vs_cfr,run,2000.0,22,-0.3612,-0.252125,10000,100
etc_vs_cfr,run,2000.0,23,-0.2547,-0.152,10000,100
etc_vs_cfr,run,2000.0,24,-0.3949,-0.2955,10000,100
etc_vs_cfr,run,2000.0,25,-0.2595,-0.174375,10000,100
etc_vs_cfr,run,2000.0,26,-0.2137,-0.09925,10000,100
etc_vs_cfr,run,2000.0,27,-0.4107,-0.33825,10000,100
etc_vs_cfr,run,2000.0,28,-0.2916,-0.202625,10000,100
etc_vs_cfr,run,2000.0,29,-0.4152,-0.333375,10000,100
etc_vs_cfr,run,2000.0,30,-0.3256,-0.179625,10000,100
etc_vs_cfr,run,2000.0,31,-0.3193,-0.1905,10000,100
etc_vs_cfr,run,2000.0,32,-0.2937,-0.208625,10000,100
etc_vs_cfr,run,2000.0,33,-0.3669,-0.233125,10000,100
etc_vs_cfr,run,2000.0,34,-0.2022,-0.067,10000,100
etc_vs_cfr,run,2000.0,35,-0.2976,-0.1885,10000,100
etc_vs_cfr,run,2000.0,36,-0.295,-0.214625,10000,100
etc_vs_cfr,run,2000.0,37,-0.3569,-0.282125,10000,100
etc_vs_cfr,run,2000.0,38,-0.3498,-0.262375,10000,100
etc_vs_cfr,run,2000.0,39,-0.2947,-0.19175,10000,100
etc_vs_cfr,run,2000.0,40,-0.2341,-0.105,10000,100
etc_vs_cfr,run,2000.0,41,-0.2577,-0.13125,10000,100
etc_vs_cfr,run,2000.0,42,-0.3898,-0.286875,10000,100
etc_vs_cfr,run,2000.0,43,-0.2203,-0.11325,10000,100
etc_vs_cfr,run,2000.0,44,-0.3814,-0.27325,10000,100
etc_vs_cfr,run,2000.0,45,-0.2285,-0.093375,10000,100
etc_vs_cfr,run,2000.0,46,-0.2727,-0.1615,10000,100
etc_vs_cfr,run,2000.0,47,-0.4939,-0.395875,10000,100
etc_vs_cfr,run,2000.0,48,-0.3091,-0.186375,10000,100
etc_vs_cfr,run,2000.0,49,-0.3666,-0.296625,10000,100
etc_vs_cfr,run,2000.0,50,-0.2987,-0.2035,10000,100
etc_vs_cfr,run,2000.0,51,-0.3238,-0.16675,10000,100
etc_vs_cfr,run,2000.0,52,-0.3667,-0.289375,10000,100
etc_vs_cfr,run,2000.0,53,-0.3754,-0.2855,10000,100
etc_vs_cfr,run,2000.0,54,-0.3668,-0.30375,10000,100
etc_vs_cfr,run,2000.0,55,-0.3823,-0.29975,10000,100
etc_vs_cfr,run,2000.0,56,-0.2381,-0.14225,10000,100
etc_vs_cfr,run,2000.0,57,-0.4871,-0.441125,10000,100
etc_vs_cfr,run,2000.0,58,-0.2896,-0.18225,10000,100
etc_vs_cfr,run,2000.0,59,-0.3443,-0.283375,10000,100
etc_vs_cfr,run,2000.0,60,-0.358,-0.244625,10000,100
etc_vs_cfr,run,2000.0,61,-0.3656,-0.29225,10000,100
etc_vs_cfr,run,2000.0,62,-0.4333,-0.394375,10000,100
etc_vs_cfr,run,2000.0,63,-0.4105,-0.32525,10000,100
etc_vs_cfr,run,2000.0,64,-0.3668,-0.30375,10000,100
etc_vs_cfr,run,2000.0,65,-0.394,-0.314,10000,100
etc_vs_cfr,run,2000.0,66,-0.2493,-0.147,10000,100
etc_vs_cfr,run,2000.0,67,-0.2821,-0.192,10000,100
etc_vs_cfr,run,2000.0,68,-0.271,-0.18,10000,100
etc_vs_cfr,run,2000.0,69,-0.4678,-0.396625,10000,100
etc_vs_cfr,run,2000.0,70,-0.2973,-0.186,10000,100
etc_vs_cfr,run,2000.0,71,-0.2825,-0.184125,10000,100
etc_vs_cfr,run,2000.0,72,-0.4028,-0.33,10000,100
etc_vs_cfr,run,2000.0,73,-0.266,-0.17625,10000,100
etc_vs_cfr,run,2000.0,74,-0.3819,-0.270875,10000,100
etc_vs_cfr,run,2000.0,75,-0.3676,-0.26025,10000,100
etc_vs_cfr,run,2000.0,76,-0.49,-0.40975,10000,100
etc_vs_cfr,run,2000.0,77,-0.4025,-0.307625,10000,100
etc_vs_cfr,run,2000.0,78,-0.2924,-0.179125,10000,100
etc_vs_cfr,run,2000.0,79,-0.294,-0.1785,10000,100
etc_vs_cfr,run,2000.0,80,-0.3695,-0.2705,10000,100
etc_vs_cfr,run,2000.0,81,-0.3577,-0.2545,10000,100
etc_vs_cfr,run,2000.0,82,-0.2731,-0.13275,10000,100
etc_vs_cfr,run,2000.0,83,-0.3442,-0.274625,10000,100
etc_vs_cfr,run,2000.0,84,-0.3162,-0.255,10000,100
etc_vs_cfr,run,2000.0,85,-0.2207,-0.105125,10000,100
etc_vs_cfr,run,2000.0,86,-0.3308,-0.212,10000,100
etc_vs_cfr,run,2000.0,87,-0.2611,-0.15525,10000,100
etc_vs_cfr,run,2000.0,88,-0.4069,-0.324625,10000,100
etc_vs_cfr,run,2000.0,89,-0.3974,-0.329375,10000,100
etc_vs_cfr,run,2000.0,90,-0.3132,-0.23825,10000,100
etc_vs_cfr,run,2000.0,91,-0.3387,-0.253125,10000,100
etc_vs_cfr,run,2000.0,92,-0.3095,-0.20625,10000,100
etc_vs_cfr,run,2000.0,93,-0.3044,-0.228875,10000,100
etc_vs_cfr,run,2000.0,94,-0.2931,-0.203625,10000,100
etc_vs_cfr,run,2000.0,95,-0.3814,-0.308375,10000,100
etc_vs_cfr,run,2000.0,96,-0.3303,-0.22025,10000,100
etc_vs_cfr,run,2000.0,97,-0.2661,-0.161,10000,100
etc_vs_cfr,run,2000.0,98,-0.3104,-0.1875,10000,100
etc_vs_cfr,run,2000.0,99,-0.2284,-0.08225,10000,100
etc_vs_cfr,run,4000.0,0,-0.4002,-0.208,10000,100
etc_vs_cfr,run,4000.0,1,-0.3463,-0.0793333333333333,10000,100
etc_vs_cfr,run,4000.0,2,-0.3727,-0.1835,10000,100
etc_vs_cfr,run,4000.0,3,-0.3469,-0.1168333333333333,10000,100
etc_vs_cfr,run,4000.0,4,-0.4687,-0.3096666666666666,10000,100
etc_vs_cfr,run,4000.0,5,-0.4668,-0.2985,10000,100
etc_vs_cfr,run,4000.0,6,-0.3806,-0.1971666666666666,10000,100
etc_vs_cfr,run,4000.0,7,-0.52,-0.3425,10000,100
etc_vs_cfr,run,4000.0,8,-0.5216,-0.3858333333333333,10000,100
etc_vs_cfr,run,4000.0,9,-0.3743,-0.1396666666666666,10000,100
etc_vs_cfr,run,4000.0,10,-0.384,-0.1608333333333333,10000,100
etc_vs_cfr,run,4000.0,11,-0.5943,-0.38,10000,100
etc_vs_cfr,run,4000.0,12,-0.3652,-0.1576666666666666,10000,100
etc_vs_cfr,run,4000.0,13,-0.3608,-0.1826666666666666,10000,100
etc_vs_cfr,run,4000.0,14,-0.4218,-0.1653333333333333,10000,100
etc_vs_cfr,run,4000.0,15,-0.3685,-0.1845,10000,100
etc_vs_cfr,run,4000.0,16,-0.4419,-0.2986666666666667,10000,100
etc_vs_cfr,run,4000.0,17,-0.4393,-0.2585,10000,100
etc_vs_cfr,run,4000.0,18,-0.395,-0.2208333333333333,10000,100
etc_vs_cfr,run,4000.0,19,-0.3042,-0.0191666666666666,10000,100
etc_vs_cfr,run,4000.0,20,-0.412,-0.1916666666666666,10000,100
etc_vs_cfr,run,4000.0,21,-0.4175,-0.2458333333333333,10000,100
etc_vs_cfr,run,4000.0,22,-0.3762,-0.2555,10000,100
etc_vs_cfr,run,4000.0,23,-0.4576,-0.2898333333333333,10000,100
etc_vs_cfr,run,4000.0,24,-0.3704,-0.2158333333333333,10000,100
etc_vs_cfr,run,4000.0,25,-0.4457,-0.2666666666666666,10000,100
etc_vs_cfr,run,4000.0,26,-0.4592,-0.3113333333333333,10000,100
etc_vs_cfr,run,4000.0,27,-0.4203,-0.2573333333333333,10000,100
etc_vs_cfr,run,4000.0,28,-0.5506,-0.4508333333333333,10000,100
etc_vs_cfr,run,4000.0,29,-0.4835,-0.31,10000,100
etc_vs_cfr,run,4000.0,30,-0.4528,-0.327,10000,100
etc_vs_cfr,run,4000.0,31,-0.4079,-0.2261666666666666,10000,100
etc_vs_cfr,run,4000.0,32,-0.3987,-0.2111666666666666,10000,100
etc_vs_cfr,run,4000.0,33,-0.45,-0.2145,10000,100
etc_vs_cfr,run,4000.0,34,-0.3873,-0.1683333333333333,10000,100
etc_vs_cfr,run,4000.0,35,-0.4034,-0.1825,10000,100
etc_vs_cfr,run,4000.0,36,-0.3902,-0.2115,10000,100
etc_vs_cfr,run,4000.0,37,-0.3129,-0.1725,10000,100
etc_vs_cfr,run,4000.0,38,-0.5127,-0.4053333333333333,10000,100
etc_vs_cfr,run,4000.0,39,-0.4432,-0.2188333333333333,10000,100
etc_vs_cfr,run,4000.0,40,-0.4447,-0.1813333333333333,10000,100
etc_vs_cfr,run,4000.0,41,-0.3501,-0.1461666666666666,10000,100
etc_vs_cfr,run,4000.0,42,-0.4062,-0.2016666666666666,10000,100
etc_vs_cfr,run,4000.0,43,-0.3837,-0.161,10000,100
etc_vs_cfr,run,4000.0,44,-0.2609,0.023,10000,100
etc_vs_cfr,run,4000.0,45,-0.4638,-0.2648333333333333,10000,100
etc_vs_cfr,run,4000.0,46,-0.4015,-0.1236666666666666,10000,100
etc_vs_cfr,run,4000.0,47,-0.3969,-0.1801666666666666,10000,100
etc_vs_cfr,run,4000.0,48,-0.4862,-0.3176666666666666,10000,100
etc_vs_cfr,run,4000.0,49,-0.3494,-0.0993333333333333,10000,100
etc_vs_cfr,run,4000.0,50,-0.4091,-0.234,10000,100
etc_vs_cfr,run,4000.0,51,-0.4132,-0.3178333333333333,10000,100
etc_vs_cfr,run,4000.0,52,-0.3815,-0.187,10000,100
etc_vs_cfr,run,4000.0,53,-0.3535,-0.173,10000,100
etc_vs_cfr,run,4000.0,54,-0.4198,-0.1963333333333333,10000,100
etc_vs_cfr,run,4000.0,55,-0.4547,-0.3168333333333333,10000,100
etc_vs_cfr,run,4000.0,56,-0.4251,-0.2398333333333333,10000,100
etc_vs_cfr,run,4000.0,57,-0.582,-0.4675,10000,100
etc_vs_cfr,run,4000.0,58,-0.314,-0.0488333333333333,10000,100
etc_vs_cfr,run,4000.0,59,-0.3301,-0.0931666666666666,10000,100
etc_vs_cfr,run,4000.0,60,-0.3492,-0.1471666666666666,10000,100
etc_vs_cfr,run,4000.0,61,-0.4732,-0.3016666666666667,10000,100
etc_vs_cfr,run,4000.0,62,-0.371,-0.133,10000,100
etc_vs_cfr,run,4000.0,63,-0.3712,-0.1995,10000,100
etc_vs_cfr,run,4000.0,64,-0.4347,-0.1586666666666666,10000,100
etc_vs_cfr,run,4000.0,65,-0.3924,-0.1423333333333333,10000,100
etc_vs_cfr,run,4000.0,66,-0.4894,-0.3376666666666666,10000,100
etc_vs_cfr,run,4000.0,67,-0.4049,-0.3163333333333333,10000,100
etc_vs_cfr,run,4000.0,68,-0.4729,-0.2885,10000,100
etc_vs_cfr,run,4000.0,69,-0.4189,-0.2328333333333333,10000,100
etc_vs_cfr,run,4000.0,70,-0.4102,-0.3485,10000,100
etc_vs_cfr,run,4000.0,71,-0.4685,-0.2986666666666667,10000,100
etc_vs_cfr,run,4000.0,72,-0.4641,-0.319,10000,100
etc_vs_cfr,run,4000.0,73,-0.4328,-0.1761666666666666,10000,100
etc_vs_cfr,run,4000.0,74,-0.3404,-0.1253333333333333,10000,100
etc_vs_cfr,run,4000.0,75,-0.3962,-0.214,10000,100
etc_vs_cfr,run,4000.0,76,-0.4388,-0.3305,10000,100
etc_vs_cfr,run,4000.0,77,-0.3992,-0.2175,10000,100
etc_vs_cfr,run,4000.0,78,-0.3967,-0.1531666666666666,10000,100
etc_vs_cfr,run,4000.0,79,-0.3208,-0.1178333333333333,10000,100
etc_vs_cfr,run,4000.0,80,-0.4221,-0.267,10000,100
etc_vs_cfr,run,4000.0,81,-0.4515,-0.2255,10000,100
etc_vs_cfr,run,4000.0,82,-0.2891,-0.1081666666666666,10000,100
etc_vs_cfr,run,4000.0,83,-0.2998,-0.0408333333333333,10000,100
etc_vs_cfr,run,4000.0,84,-0.3831,-0.1666666666666666,10000,100
etc_vs_cfr,run,4000.0,85,-0.437,-0.2121666666666666,10000,100
etc_vs_cfr,run,4000.0,86,-0.5708,-0.4463333333333333,10000,100
etc_vs_cfr,run,4000.0,87,-0.4601,-0.2626666666666666,10000,100
etc_vs_cfr,run,4000.0,88,-0.4696,-0.2726666666666666,10000,100
etc_vs_cfr,run,4000.0,89,-0.3257,-0.106,10000,100
etc_vs_cfr,run,4000.0,90,-0.3892,-0.1345,10000,100
etc_vs_cfr,run,4000.0,91,-0.4195,-0.2856666666666667,10000,100
etc_vs_cfr,run,4000.0,92,-0.4265,-0.2421666666666666,10000,100
etc_vs_cfr,run,4000.0,93,-0.4118,-0.199,10000,100
etc_vs_cfr,run,4000.0,94,-0.3449,-0.1401666666666666,10000,100
etc_vs_cfr,run,4000.0,95,-0.4772,-0.3501666666666667,10000,100
etc_vs_cfr,run,4000.0,96,-0.3932,-0.2408333333333333,10000,100
etc_vs_cfr,run,4000.0,97,-0.3315,-0.1468333333333333,10000,100
etc_vs_cfr,run,4000.0,98,-0.4745,-0.3061666666666666,10000,100
etc_vs_cfr,run,4000.0,99,-0.3587,-0.1648333333333333,10000,100
etc_vs_cfr,run,6000.0,0,-0.527,-0.23825,10000,100
etc_vs_cfr,run,6000.0,1,-0.492,-0.17125,10000,100
etc_vs_cfr,run,6000.0,2,-0.5088,-0.15725,10000,100
etc_vs_cfr,run,6000.0,3,-0.5087,-0.324,10000,100
etc_vs_cfr,run,6000.0,4,-0.4709,-0.263,10000,100
etc_vs_cfr,run,6000.0,5,-0.5031,-0.21225,10000,100
etc_vs_cfr,run,6000.0,6,-0.3559,0.024,10000,100
etc_vs_cfr,run,6000.0,7,-0.549,-0.3155,10000,100
etc_vs_cfr,run,6000.0,8,-0.4047,-0.0725,10000,100
etc_vs_cfr,run,6000.0,9,-0.5257,-0.274,10000,100
etc_vs_cfr,run,6000.0,10,-0.4639,-0.1755,10000,100
etc_vs_cfr,run,6000.0,11,-0.5709,-0.28975,10000,100
etc_vs_cfr,run,6000.0,12,-0.5273,-0.14425,10000,100
etc_vs_cfr,run,6000.0,13,-0.5028,-0.17925,10000,100
etc_vs_cfr,run,6000.0,14,-0.4798,-0.34075,10000,100
etc_vs_cfr,run,6000.0,15,-0.5152,-0.2175,10000,100
etc_vs_cfr,run,6000.0,16,-0.5258,-0.215,10000,100
etc_vs_cfr,run,6000.0,17,-0.4631,-0.08725,10000,100
etc_vs_cfr,run,6000.0,18,-0.5208,-0.22675,10000,100
etc_vs_cfr,run,6000.0,19,-0.5393,-0.2805,10000,100
etc_vs_cfr,run,6000.0,20,-0.5209,-0.156,10000,100
etc_vs_cfr,run,6000.0,21,-0.4308,-0.18925,10000,100
etc_vs_cfr,run,6000.0,22,-0.4382,-0.13425,10000,100
etc_vs_cfr,run,6000.0,23,-0.5184,-0.199,10000,100
etc_vs_cfr,run,6000.0,24,-0.5017,-0.15025,10000,100
etc_vs_cfr,run,6000.0,25,-0.4548,-0.20975,10000,100
etc_vs_cfr,run,6000.0,26,-0.4918,-0.22975,10000,100
etc_vs_cfr,run,6000.0,27,-0.549,-0.23675,10000,100
etc_vs_cfr,run,6000.0,28,-0.5134,-0.28125,10000,100
etc_vs_cfr,run,6000.0,29,-0.4921,-0.143,10000,100
etc_vs_cfr,run,6000.0,30,-0.4398,-0.14925,10000,100
etc_vs_cfr,run,6000.0,31,-0.5597,-0.26125,10000,100
etc_vs_cfr,run,6000.0,32,-0.4507,-0.172,10000,100
etc_vs_cfr,run,6000.0,33,-0.4978,-0.13175,10000,100
etc_vs_cfr,run,6000.0,34,-0.4813,-0.012,10000,100
etc_vs_cfr,run,6000.0,35,-0.4786,-0.12475,10000,100
etc_vs_cfr,run,6000.0,36,-0.5411,-0.31475,10000,100
etc_vs_cfr,run,6000.0,37,-0.5124,-0.27025,10000,100
etc_vs_cfr,run,6000.0,38,-0.4776,-0.26025,10000,100
etc_vs_cfr,run,6000.0,39,-0.5447,-0.31025,10000,100
etc_vs_cfr,run,6000.0,40,-0.5913,-0.29975,10000,100
etc_vs_cfr,run,6000.0,41,-0.5424,-0.34,10000,100
etc_vs_cfr,run,6000.0,42,-0.5189,-0.1645,10000,100
etc_vs_cfr,run,6000.0,43,-0.4513,-0.06925,10000,100
etc_vs_cfr,run,6000.0,44,-0.4841,-0.18225,10000,100
etc_vs_cfr,run,6000.0,45,-0.4555,-0.22,10000,100
etc_vs_cfr,run,6000.0,46,-0.4803,-0.10575,10000,100
etc_vs_cfr,run,6000.0,47,-0.5587,-0.1835,10000,100
etc_vs_cfr,run,6000.0,48,-0.5416,-0.215,10000,100
etc_vs_cfr,run,6000.0,49,-0.4874,-0.0775,10000,100
etc_vs_cfr,run,6000.0,50,-0.5149,-0.3145,10000,100
etc_vs_cfr,run,6000.0,51,-0.4428,-0.209,10000,100
etc_vs_cfr,run,6000.0,52,-0.4614,-0.1735,10000,100
etc_vs_cfr,run,6000.0,53,-0.5395,-0.29625,10000,100
etc_vs_cfr,run,6000.0,54,-0.4548,-0.1885,10000,100
etc_vs_cfr,run,6000.0,55,-0.5055,-0.282,10000,100
etc_vs_cfr,run,6000.0,56,-0.4439,-0.17425,10000,100
etc_vs_cfr,run,6000.0,57,-0.6187,-0.3745,10000,100
etc_vs_cfr,run,6000.0,58,-0.4313,-0.1095,10000,100
etc_vs_cfr,run,6000.0,59,-0.5808,-0.41675,10000,100
etc_vs_cfr,run,6000.0,60,-0.5028,-0.24975,10000,100
etc_vs_cfr,run,6000.0,61,-0.4679,-0.223,10000,100
etc_vs_cfr,run,6000.0,62,-0.5887,-0.3885,10000,100
etc_vs_cfr,run,6000.0,63,-0.4029,0.029,10000,100
etc_vs_cfr,run,6000.0,64,-0.4802,-0.12325,10000,100
etc_vs_cfr,run,6000.0,65,-0.4859,-0.292,10000,100
etc_vs_cfr,run,6000.0,66,-0.4066,0.0055,10000,100
etc_vs_cfr,run,6000.0,67,-0.5127,-0.11,10000,100
etc_vs_cfr,run,6000.0,68,-0.4954,-0.322,10000,100
etc_vs_cfr,run,6000.0,69,-0.4591,-0.232,10000,100
etc_vs_cfr,run,6000.0,70,-0.5527,-0.2345,10000,100
etc_vs_cfr,run,6000.0,71,-0.5265,-0.309,10000,100
etc_vs_cfr,run,6000.0,72,-0.4778,-0.27475,10000,100
etc_vs_cfr,run,6000.0,73,-0.5398,-0.33175,10000,100
etc_vs_cfr,run,6000.0,74,-0.6182,-0.3465,10000,100
etc_vs_cfr,run,6000.0,75,-0.5102,-0.178,10000,100
etc_vs_cfr,run,6000.0,76,-0.5619,-0.36075,10000,100
etc_vs_cfr,run,6000.0,77,-0.5424,-0.123,10000,100
etc_vs_cfr,run,6000.0,78,-0.6171,-0.3685,10000,100
etc_vs_cfr,run,6000.0,79,-0.5358,-0.32425,10000,100
etc_vs_cfr,run,6000.0,80,-0.515,-0.29675,10000,100
etc_vs_cfr,run,6000.0,81,-0.4226,-0.216,10000,100
etc_vs_cfr,run,6000.0,82,-0.5234,-0.21325,10000,100
etc_vs_cfr,run,6000.0,83,-0.494,-0.2665,10000,100
etc_vs_cfr,run,6000.0,84,-0.4409,-0.046,10000,100
etc_vs_cfr,run,6000.0,85,-0.4283,-0.167,10000,100
etc_vs_cfr,run,6000.0,86,-0.4099,-0.04325,10000,100
etc_vs_cfr,run,6000.0,87,-0.4737,-0.12375,10000,100
etc_vs_cfr,run,6000.0,88,-0.5054,-0.12325,10000,100
etc_vs_cfr,run,6000.0,89,-0.5189,-0.2375,10000,100
etc_vs_cfr,run,6000.0,90,-0.5362,-0.19125,10000,100
etc_vs_cfr,run,6000.0,91,-0.5654,-0.182,10000,100
etc_vs_cfr,run,6000.0,92,-0.5449,-0.1475,10000,100
etc_vs_cfr,run,6000.0,93,-0.5494,-0.2605,10000,100
etc_vs_cfr,run,6000.0,94,-0.5308,-0.23025,10000,100
etc_vs_cfr,run,6000.0,95,-0.5287,-0.13575,10000,100
etc_vs_cfr,run,6000.0,96,-0.4563,-0.1275,10000,100
etc_vs_cfr,run,6000.0,97,-0.5107,-0.2685,10000,100
etc_vs_cfr,run,6000.0,98,-0.5812,-0.2215,10000,100
etc_vs_cfr,run,6000.0,99,-0.475,-0.27325,10000,100
etc_vs_cfr,run,8000.0,0,-0.5821,-0.0175,10000,100
etc_vs_cfr,run,8000.0,1,-0.676,-0.177,10000,100
etc_vs_cfr,run,8000.0,2,-0.5901,-0.18,10000,100
etc_vs_cfr,run,8000.0,3,-0.4892,0.0745,10000,100
etc_vs_cfr,run,8000.0,4,-0.5091,0.106,10000,100
etc_vs_cfr,run,8000.0,5,-0.6633,-0.2905,10000,100
etc_vs_cfr,run,8000.0,6,-0.6411,-0.235,10000,100
etc_vs_cfr,run,8000.0,7,-0.603,-0.214,10000,100
etc_vs_cfr,run,8000.0,8,-0.5722,-0.43,10000,100
etc_vs_cfr,run,8000.0,9,-0.6077,-0.288,10000,100
etc_vs_cfr,run,8000.0,10,-0.6479,-0.328,10000,100
etc_vs_cfr,run,8000.0,11,-0.508,-0.033,10000,100
etc_vs_cfr,run,8000.0,12,-0.5651,-0.0785,10000,100
etc_vs_cfr,run,8000.0,13,-0.5911,-0.1765,10000,100
etc_vs_cfr,run,8000.0,14,-0.5177,0.057,10000,100
etc_vs_cfr,run,8000.0,15,-0.7176,-0.381,10000,100
etc_vs_cfr,run,8000.0,16,-0.592,-0.166,10000,100
etc_vs_cfr,run,8000.0,17,-0.5638,-0.09,10000,100
etc_vs_cfr,run,8000.0,18,-0.6286,-0.176,10000,100
etc_vs_cfr,run,8000.0,19,-0.5872,-0.0665,10000,100
etc_vs_cfr,run,8000.0,20,-0.6858,-0.4495,10000,100
etc_vs_cfr,run,8000.0,21,-0.5902,-0.2535,10000,100
etc_vs_cfr,run,8000.0,22,-0.6135,-0.2815,10000,100
etc_vs_cfr,run,8000.0,23,-0.6257,-0.254,10000,100
etc_vs_cfr,run,8000.0,24,-0.5543,-0.2615,10000,100
etc_vs_cfr,run,8000.0,25,-0.5648,-0.11,10000,100
etc_vs_cfr,run,8000.0,26,-0.5635,-0.173,10000,100
etc_vs_cfr,run,8000.0,27,-0.6277,-0.172,10000,100
etc_vs_cfr,run,8000.0,28,-0.5767,-0.0755,10000,100
etc_vs_cfr,run,8000.0,29,-0.7432,-0.5485,10000,100
etc_vs_cfr,run,8000.0,30,-0.6218,-0.1535,10000,100
etc_vs_cfr,run,8000.0,31,-0.5978,-0.164,10000,100
etc_vs_cfr,run,8000.0,32,-0.6559,-0.254,10000,100
etc_vs_cfr,run,8000.0,33,-0.5422,-0.0245,10000,100
etc_vs_cfr,run,8000.0,34,-0.6052,-0.312,10000,100
etc_vs_cfr,run,8000.0,35,-0.6307,-0.1075,10000,100
etc_vs_cfr,run,8000.0,36,-0.5798,-0.126,10000,100
etc_vs_cfr,run,8000.0,37,-0.6139,-0.2065,10000,100
etc_vs_cfr,run,8000.0,38,-0.6052,-0.055,10000,100
etc_vs_cfr,run,8000.0,39,-0.5121,-0.2065,10000,100
etc_vs_cfr,run,8000.0,40,-0.5831,-0.1715,10000,100
etc_vs_cfr,run,8000.0,41,-0.7059,-0.4475,10000,100
etc_vs_cfr,run,8000.0,42,-0.6837,-0.3375,10000,100
etc_vs_cfr,run,8000.0,43,-0.5726,-0.0835,10000,100
etc_vs_cfr,run,8000.0,44,-0.6354,-0.2125,10000,100
etc_vs_cfr,run,8000.0,45,-0.6112,-0.2095,10000,100
etc_vs_cfr,run,8000.0,46,-0.6941,-0.289,10000,100
etc_vs_cfr,run,8000.0,47,-0.5732,-0.162,10000,100
etc_vs_cfr,run,8000.0,48,-0.7187,-0.4465,10000,100
etc_vs_cfr,run,8000.0,49,-0.6897,-0.57,10000,100
etc_vs_cfr,run,8000.0,50,-0.606,-0.2135,10000,100
etc_vs_cfr,run,8000.0,51,-0.5965,-0.386,10000,100
etc_vs_cfr,run,8000.0,52,-0.5809,-0.1635,10000,100
etc_vs_cfr,run,8000.0,53,-0.5938,-0.1715,10000,100
etc_vs_cfr,run,8000.0,54,-0.6056,-0.2155,10000,100
etc_vs_cfr,run,8000.0,55,-0.593,-0.294,10000,100
etc_vs_cfr,run,8000.0,56,-0.675,-0.243,10000,100
etc_vs_cfr,run,8000.0,57,-0.5647,-0.1755,10000,100
etc_vs_cfr,run,8000.0,58,-0.6037,-0.1435,10000,100
etc_vs_cfr,run,8000.0,59,-0.6277,-0.311,10000,100
etc_vs_cfr,run,8000.0,60,-0.5876,-0.363,10000,100
etc_vs_cfr,run,8000.0,61,-0.6968,-0.3355,10000,100
etc_vs_cfr,run,8000.0,62,-0.5685,-0.027,10000,100
etc_vs_cfr,run,8000.0,63,-0.6421,-0.14,10000,100
etc_vs_cfr,run,8000.0,64,-0.6691,-0.2325,10000,100
etc_vs_cfr,run,8000.0,65,-0.7129,-0.2255,10000,100
etc_vs_cfr,run,8000.0,66,-0.6179,-0.1225,10000,100
etc_vs_cfr,run,8000.0,67,-0.6412,-0.29,10000,100
etc_vs_cfr,run,8000.0,68,-0.5997,-0.2355,10000,100
etc_vs_cfr,run,8000.0,69,-0.6796,-0.263,10000,100
etc_vs_cfr,run,8000.0,70,-0.6082,-0.3125,10000,100
etc_vs_cfr,run,8000.0,71,-0.6958,-0.284,10000,100
etc_vs_cfr,run,8000.0,72,-0.4488,0.3405,10000,100
etc_vs_cfr,run,8000.0,73,-0.619,-0.1415,10000,100
etc_vs_cfr,run,8000.0,74,-0.5672,-0.181,10000,100
etc_vs_cfr,run,8000.0,75,-0.5437,-0.2635,10000,100
etc_vs_cfr,run,8000.0,76,-0.6728,-0.23,10000,100
etc_vs_cfr,run,8000.0,77,-0.6352,-0.379,10000,100
etc_vs_cfr,run,8000.0,78,-0.6309,-0.384,10000,100
etc_vs_cfr,run,8000.0,79,-0.5431,-0.0405,10000,100
etc_vs_cfr,run,8000.0,80,-0.5683,-0.1505,10000,100
etc_vs_cfr,run,8000.0,81,-0.5926,-0.1695,10000,100
etc_vs_cfr,run,8000.0,82,-0.5854,-0.082,10000,100
etc_vs_cfr,run,8000.0,83,-0.6535,-0.1845,10000,100
etc_vs_cfr,run,8000.0,84,-0.5925,-0.2775,10000,100
etc_vs_cfr,run,8000.0,85,-0.6352,-0.511,10000,100
etc_vs_cfr,run,8000.0,86,-0.627,-0.082,10000,100
etc_vs_cfr,run,8000.0,87,-0.5784,0.006,10000,100
etc_vs_cfr,run,8000.0,88,-0.5372,-0.1655,10000,100
etc_vs_cfr,run,8000.0,89,-0.6002,-0.1955,10000,100
etc_vs_cfr,run,8000.0,90,-0.6571,-0.345,10000,100
etc_vs_cfr,run,8000.0,91,-0.5508,-0.1335,10000,100
etc_vs_cfr,run,8000.0,92,-0.6281,0.0555,10000,100
etc_vs_cfr,run,8000.0,93,-0.6394,-0.3585,10000,100
etc_vs_cfr,run,8000.0,94,-0.5659,-0.156,10000,100
etc_vs_cfr,run,8000.0,95,-0.638,-0.338,10000,100
etc_vs_cfr,run,8000.0,96,-0.6191,-0.4305,10000,100
etc_vs_cfr,run,8000.0,97,-0.6315,-0.14,10000,100
etc_vs_cfr,run,8000.0,98,-0.5644,-0.213,10000,100
etc_vs_cfr,run,8000.0,99,-0.6003,-0.2755,10000,100
etc_vs_cfr,run,9000.0,0,-0.661,-0.221,10000,100
etc_vs_cfr,run,9000.0,1,-0.6657,-0.167,10000,100
etc_vs_cfr,run,9000.0,2,-0.7152,-0.417,10000,100
etc_vs_cfr,run,9000.0,3,-0.6454,-0.181,10000,100
etc_vs_cfr,run,9000.0,4,-0.6342,-0.274,10000,100
etc_vs_cfr,run,9000.0,5,-0.6877,-0.534,10000,100
etc_vs_cfr,run,9000.0,6,-0.6645,-0.224,10000,100
etc_vs_cfr,run,9000.0,7,-0.6137,-0.288,10000,100
etc_vs_cfr,run,9000.0,8,-0.7637,-0.434,10000,100
etc_vs_cfr,run,9000.0,9,-0.6652,-0.152,10000,100
etc_vs_cfr,run,9000.0,10,-0.7314,-0.119,10000,100
etc_vs_cfr,run,9000.0,11,-0.7057,-0.558,10000,100
etc_vs_cfr,run,9000.0,12,-0.6266,-0.406,10000,100
etc_vs_cfr,run,9000.0,13,-0.7088,-0.29,10000,100
etc_vs_cfr,run,9000.0,14,-0.756,-0.257,10000,100
etc_vs_cfr,run,9000.0,15,-0.6805,-0.165,10000,100
etc_vs_cfr,run,9000.0,16,-0.6923,-0.143,10000,100
etc_vs_cfr,run,9000.0,17,-0.6057,-0.101,10000,100
etc_vs_cfr,run,9000.0,18,-0.6363,0.021,10000,100
etc_vs_cfr,run,9000.0,19,-0.5811,-0.41,10000,100
etc_vs_cfr,run,9000.0,20,-0.623,-0.056,10000,100
etc_vs_cfr,run,9000.0,21,-0.6229,-0.198,10000,100
etc_vs_cfr,run,9000.0,22,-0.6515,-0.217,10000,100
etc_vs_cfr,run,9000.0,23,-0.6879,-0.492,10000,100
etc_vs_cfr,run,9000.0,24,-0.6177,0.04,10000,100
etc_vs_cfr,run,9000.0,25,-0.7016,-0.144,10000,100
etc_vs_cfr,run,9000.0,26,-0.6898,-0.412,10000,100
etc_vs_cfr,run,9000.0,27,-0.7006,-0.272,10000,100
etc_vs_cfr,run,9000.0,28,-0.6101,-0.033,10000,100
etc_vs_cfr,run,9000.0,29,-0.6779,-0.152,10000,100
etc_vs_cfr,run,9000.0,30,-0.6857,-0.115,10000,100
etc_vs_cfr,run,9000.0,31,-0.6474,-0.12,10000,100
etc_vs_cfr,run,9000.0,32,-0.6032,-0.167,10000,100
etc_vs_cfr,run,9000.0,33,-0.6616,-0.34,10000,100
etc_vs_cfr,run,9000.0,34,-0.6997,-0.384,10000,100
etc_vs_cfr,run,9000.0,35,-0.6688,-0.318,10000,100
etc_vs_cfr,run,9000.0,36,-0.5575,0.34,10000,100
etc_vs_cfr,run,9000.0,37,-0.6658,-0.021,10000,100
etc_vs_cfr,run,9000.0,38,-0.6586,-0.098,10000,100
etc_vs_cfr,run,9000.0,39,-0.6218,0.091,10000,100
etc_vs_cfr,run,9000.0,40,-0.6931,-0.42,10000,100
etc_vs_cfr,run,9000.0,41,-0.6923,-0.303,10000,100
etc_vs_cfr,run,9000.0,42,-0.6896,-0.072,10000,100
etc_vs_cfr,run,9000.0,43,-0.5707,0.193,10000,100
etc_vs_cfr,run,9000.0,44,-0.5741,0.305,10000,100
etc_vs_cfr,run,9000.0,45,-0.6533,-0.328,10000,100
etc_vs_cfr,run,9000.0,46,-0.6477,-0.074,10000,100
etc_vs_cfr,run,9000.0,47,-0.6561,-0.029,10000,100
etc_vs_cfr,run,9000.0,48,-0.6014,-0.132,10000,100
etc_vs_cfr,run,9000.0,49,-0.6315,-0.207,10000,100
etc_vs_cfr,run,9000.0,50,-0.6104,-0.282,10000,100
etc_vs_cfr,run,9000.0,51,-0.6669,-0.023,10000,100
etc_vs_cfr,run,9000.0,52,-0.6089,-0.307,10000,100
etc_vs_cfr,run,9000.0,53,-0.6179,-0.184,10000,100
etc_vs_cfr,run,9000.0,54,-0.64,-0.305,10000,100
etc_vs_cfr,run,9000.0,55,-0.609,0.175,10000,100
etc_vs_cfr,run,9000.0,56,-0.6497,-0.238,10000,100
etc_vs_cfr,run,9000.0,57,-0.7117,-0.344,10000,100
etc_vs_cfr,run,9000.0,58,-0.7103,0.066,10000,100
etc_vs_cfr,run,9000.0,59,-0.6333,-0.052,10000,100
etc_vs_cfr,run,9000.0,60,-0.6019,-0.044,10000,100
etc_vs_cfr,run,9000.0,61,-0.6192,-0.567,10000,100
etc_vs_cfr,run,9000.0,62,-0.6575,-0.114,10000,100
etc_vs_cfr,run,9000.0,63,-0.6676,-0.106,10000,100
etc_vs_cfr,run,9000.0,64,-0.5977,-0.298,10000,100
etc_vs_cfr,run,9000.0,65,-0.6324,-0.147,10000,100
etc_vs_cfr,run,9000.0,66,-0.5986,-0.103,10000,100
etc_vs_cfr,run,9000.0,67,-0.6302,0.136,10000,100
etc_vs_cfr,run,9000.0,68,-0.6943,-0.308,10000,100
etc_vs_cfr,run,9000.0,69,-0.7114,-0.151,10000,100
etc_vs_cfr,run,9000.0,70,-0.5681,-0.302,10000,100
etc_vs_cfr,run,9000.0,71,-0.6527,-0.025,10000,100
etc_vs_cfr,run,9000.0,72,-0.6452,-0.064,10000,100
etc_vs_cfr,run,9000.0,73,-0.6083,-0.038,10000,100
etc_vs_cfr,run,9000.0,74,-0.657,-0.223,10000,100
etc_vs_cfr,run,9000.0,75,-0.7631,-0.454,10000,100
etc_vs_cfr,run,9000.0,76,-0.603,-0.094,10000,100
etc_vs_cfr,run,9000.0,77,-0.6179,-0.036,10000,100
etc_vs_cfr,run,9000.0,78,-0.6743,0.037,10000,100
etc_vs_cfr,run,9000.0,79,-0.6825,-0.209,10000,100
etc_vs_cfr,run,9000.0,80,-0.7292,-0.437,10000,100
etc_vs_cfr,run,9000.0,81,-0.6514,-0.278,10000,100
etc_vs_cfr,run,9000.0,82,-0.606,-0.173,10000,100
etc_vs_cfr,run,9000.0,83,-0.5761,-0.038,10000,100
etc_vs_cfr,run,9000.0,84,-0.6056,0.016,10000,100
etc_vs_cfr,run,9000.0,85,-0.5841,0.105,10000,100
etc_vs_cfr,run,9000.0,86,-0.6891,-0.21,10000,100
etc_vs_cfr,run,9000.0,87,-0.6111,0.048,10000,100
etc_vs_cfr,run,9000.0,88,-0.7001,-0.583,10000,100
etc_vs_cfr,run,9000.0,89,-0.7148,-0.409,10000,100
etc_vs_cfr,run,9000.0,90,-0.6527,-0.22,10000,100
etc_vs_cfr,run,9000.0,91,-0.662,-0.376,10000,100
etc_vs_cfr,run,9000.0,92,-0.654,-0.323,10000,100
etc_vs_cfr,run,9000.0,93,-0.7593,-0.545,10000,100
etc_vs_cfr,run,9000.0,94,-0.5891,0.218,10000,100
etc_vs_cfr,run,9000.0,95,-0.6309,-0.265,10000,100
etc_vs_cfr,run,9000.0,96,-0.6873,-0.022,10000,100
etc_vs_cfr,run,9000.0,97,-0.6905,-0.391,10000,100
etc_vs_cfr,run,9000.0,98,-0.6331,-0.02,10000,100
etc_vs_cfr,run,9000.0,99,-0.6249,-0.258,10000,100
etc_vs_cfr,run,9500.0,0,-0.7027,-0.158,10000,100
etc_vs_cfr,run,9500.0,1,-0.5985,0.174,10000,100
etc_vs_cfr,run,9500.0,2,-0.6993,0.048,10000,100
etc_vs_cfr,run,9500.0,3,-0.7104,0.21,10000,100
etc_vs_cfr,run,9500.0,4,-0.689,-0.588,10000,100
etc_vs_cfr,run,9500.0,5,-0.6629,-0.194,10000,100
etc_vs_cfr,run,9500.0,6,-0.6301,0.16,10000,100
etc_vs_cfr,run,9500.0,7,-0.707,0.22,10000,100
etc_vs_cfr,run,9500.0,8,-0.703,0.226,10000,100
etc_vs_cfr,run,9500.0,9,-0.6931,-0.688,10000,100
etc_vs_cfr,run,9500.0,10,-0.6175,-0.186,10000,100
etc_vs_cfr,run,9500.0,11,-0.6613,-0.386,10000,100
etc_vs_cfr,run,9500.0,12,-0.6341,-0.214,10000,100
etc_vs_cfr,run,9500.0,13,-0.7448,-0.22,10000,100
etc_vs_cfr,run,9500.0,14,-0.7218,-0.156,10000,100
etc_vs_cfr,run,9500.0,15,-0.6116,-0.254,10000,100
etc_vs_cfr,run,9500.0,16,-0.7231,-0.534,10000,100
etc_vs_cfr,run,9500.0,17,-0.7272,0.06,10000,100
etc_vs_cfr,run,9500.0,18,-0.7121,-0.678,10000,100
etc_vs_cfr,run,9500.0,19,-0.6982,-0.264,10000,100
etc_vs_cfr,run,9500.0,20,-0.6711,-0.09,10000,100
etc_vs_cfr,run,9500.0,21,-0.6702,0.08,10000,100
etc_vs_cfr,run,9500.0,22,-0.7142,0.0,10000,100
etc_vs_cfr,run,9500.0,23,-0.6876,0.016,10000,100
etc_vs_cfr,run,9500.0,24,-0.6835,-0.106,10000,100
etc_vs_cfr,run,9500.0,25,-0.7471,-0.262,10000,100
etc_vs_cfr,run,9500.0,26,-0.6467,0.336,10000,100
etc_vs_cfr,run,9500.0,27,-0.6694,-0.324,10000,100
etc_vs_cfr,run,9500.0,28,-0.6695,0.022,10000,100
etc_vs_cfr,run,9500.0,29,-0.6647,-0.382,10000,100
etc_vs_cfr,run,9500.0,30,-0.7234,-0.798,10000,100
etc_vs_cfr,run,9500.0,31,-0.6791,-0.258,10000,100
etc_vs_cfr,run,9500.0,32,-0.6842,-0.19,10000,100
etc_vs_cfr,run,9500.0,33,-0.7084,-0.612,10000,100
etc_vs_cfr,run,9500.0,34,-0.6918,-0.004,10000,100
etc_vs_cfr,run,9500.0,35,-0.6953,0.014,10000,100
etc_vs_cfr,run,9500.0,36,-0.7009,-0.348,10000,100
etc_vs_cfr,run,9500.0,37,-0.6636,0.062,10000,100
etc_vs_cfr,run,9500.0,38,-0.643,0.328,10000,100
etc_vs_cfr,run,9500.0,39,-0.7347,-0.45,10000,100
etc_vs_cfr,run,9500.0,40,-0.7296,-0.232,10000,100
etc_vs_cfr,run,9500.0,41,-0.7023,-0.696,10000,100
etc_vs_cfr,run,9500.0,42,-0.653,-0.158,10000,100
etc_vs_cfr,run,9500.0,43,-0.6914,-0.968,10000,100
etc_vs_cfr,run,9500.0,44,-0.6963,-0.48,10000,100
etc_vs_cfr,run,9500.0,45,-0.6347,-0.368,10000,100
etc_vs_cfr,run,9500.0,46,-0.6506,-0.286,10000,100
etc_vs_cfr,run,9500.0,47,-0.6435,-0.808,10000,100
etc_vs_cfr,run,9500.0,48,-0.6798,-0.272,10000,100
etc_vs_cfr,run,9500.0,49,-0.681,-0.226,10000,100
etc_vs_cfr,run,9500.0,50,-0.7445,0.092,10000,100
etc_vs_cfr,run,9500.0,51,-0.6342,-0.392,10000,100
etc_vs_cfr,run,9500.0,52,-0.6447,-0.05,10000,100
etc_vs_cfr,run,9500.0,53,-0.7377,-1.066,10000,100
etc_vs_cfr,run,9500.0,54,-0.6844,-0.326,10000,100
etc_vs_cfr,run,9500.0,55,-0.64,0.062,10000,100
etc_vs_cfr,run,9500.0,56,-0.6726,0.208,10000,100
etc_vs_cfr,run,9500.0,57,-0.7071,-0.214,10000,100
etc_vs_cfr,run,9500.0,58,-0.7084,-0.44,10000,100
etc_vs_cfr,run,9500.0,59,-0.6809,0.164,10000,100
etc_vs_cfr,run,9500.0,60,-0.6769,-0.25,10000,100
etc_vs_cfr,run,9500.0,61,-0.7082,-0.308,10000,100
etc_vs_cfr,run,9500.0,62,-0.7492,-0.296,10000,100
etc_vs_cfr,run,9500.0,63,-0.6451,0.362,10000,100
etc_vs_cfr,run,9500.0,64,-0.7153,-0.62,10000,100
etc_vs_cfr,run,9500.0,65,-0.6717,0.334,10000,100
etc_vs_cfr,run,9500.0,66,-0.6467,0.168,10000,100
etc_vs_cfr,run,9500.0,67,-0.7408,0.036,10000,100
etc_vs_cfr,run,9500.0,68,-0.6473,-0.044,10000,100
etc_vs_cfr,run,9500.0,69,-0.6991,-0.468,10000,100
etc_vs_cfr,run,9500.0,70,-0.7594,-0.528,10000,100
etc_vs_cfr,run,9500.0,71,-0.7315,-0.41,10000,100
etc_vs_cfr,run,9500.0,72,-0.6543,-0.238,10000,100
etc_vs_cfr,run,9500.0,73,-0.7013,-0.456,10000,100
etc_vs_cfr,run,9500.0,74,-0.724,-0.192,10000,100
etc_vs_cfr,run,9500.0,75,-0.7467,-0.612,10000,100
etc_vs_cfr,run,9500.0,76,-0.6453,-0.454,10000,100
etc_vs_cfr,run,9500.0,77,-0.6494,-0.192,10000,100
etc_vs_cfr,run,9500.0,78,-0.6306,-0.01,10000,100
etc_vs_cfr,run,9500.0,79,-0.6959,0.238,10000,100
etc_vs_cfr,run,9500.0,80,-0.6273,-0.146,10000,100
etc_vs_cfr,run,9500.0,81,-0.5754,-0.324,10000,100
etc_vs_cfr,run,9500.0,82,-0.6453,-0.202,10000,100
etc_vs_cfr,run,9500.0,83,-0.6381,0.254,10000,100
etc_vs_cfr,run,9500.0,84,-0.686,-0.512,10000,100
etc_vs_cfr,run,9500.0,85,-0.7276,0.27,10000,100
etc_vs_cfr,run,9500.0,86,-0.6688,-0.636,10000,100
etc_vs_cfr,run,9500.0,87,-0.6185,0.186,10000,100
etc_vs_cfr,run,9500.0,88,-0.7062,0.096,10000,100
etc_vs_cfr,run,9500.0,89,-0.7118,-0.144,10000,100
etc_vs_cfr,run,9500.0,90,-0.7697,-0.064,10000,100
etc_vs_cfr,run,9500.0,91,-0.7209,0.044,10000,100
etc_vs_cfr,run,9500.0,92,-0.7033,-0.294,10000,100
etc_vs_cfr,run,9500.0,93,-0.6287,-0.586,10000,100
etc_vs_cfr,run,9500.0,94,-0.6366,-0.35,10000,100
etc_vs_cfr,run,9500.0,95,-0.7726,-0.354,10000,100
etc_vs_cfr,run,9500.0,96,-0.7728,-0.35,10000,100
etc_vs_cfr,run,9500.0,97,-0.69,0.196,10000,100
etc_vs_cfr,run,9500.0,98,-0.6612,-0.086,10000,100
etc_vs_cfr,run,9500.0,99,-0.7163,-0.418,10000,100
etc_simplified_large,run,100.0,0,-0.4573,-0.4571071071071071,100000,100
etc_simplified_large,run,100.0,1,-0.02855,-0.0282282282282282,100000,100
etc_simplified_large,run,100.0,2,-0.35812,-0.357987987987988,100000,100
etc_simplified_large,run,100.0,3,-0.17765,-0.1774274274274274,100000,100
etc_simplified_large,run,100.0,4,-0.36031,-0.3597597597597597,100000,100
etc_simplified_large,run,100.0,5,-0.70904,-0.7096096096096096,100000,100
etc_simplified_large,run,100.0,6,-1.18109,-1.182142142142142,100000,100
etc_simplified_large,run,100.0,7,-0.17863,-0.1781681681681681,100000,100
etc_simplified_large,run,100.0,8,-0.33138,-0.3308608608608608,100000,100
etc_simplified_large,run,100.0,9,-0.79668,-0.797017017017017,100000,100
etc_simplified_large,run,100.0,10,-0.08195,-0.0821121121121121,100000,100
etc_simplified_large,run,100.0,11,-0.15278,-0.1526826826826826,100000,100
etc_simplified_large,run,100.0,12,-0.82539,-0.8255355355355355,100000,100
etc_simplified_large,run,100.0,13,-0.07423,-0.0737437437437437,100000,100
etc_simplified_large,run,100.0,14,-0.59338,-0.5938938938938939,100000,100
etc_simplified_large,run,100.0,15,-0.11308,-0.1121421421421421,100000,100
etc_simplified_large,run,100.0,16,-0.60589,-0.6052652652652653,100000,100
etc_simplified_large,run,100.0,17,-0.2144,-0.2138438438438438,100000,100
etc_simplified_large,run,100.0,18,-0.75354,-0.7538938938938939,100000,100
etc_simplified_large,run,100.0,19,-0.35804,-0.3578878878878879,100000,100
etc_simplified_large,run,100.0,20,-0.93567,-0.9354854854854856,100000,100
etc_simplified_large,run,100.0,21,-0.67355,-0.6738538538538539,100000,100
etc_simplified_large,run,100.0,22,-0.03813,-0.0378778778778778,100000,100
etc_simplified_large,run,100.0,23,-0.52587,-0.5257257257257257,100000,100
etc_simplified_large,run,100.0,24,-0.15658,-0.1554954954954955,100000,100
etc_simplified_large,run,100.0,25,-0.57809,-0.5775375375375376,100000,100
etc_simplified_large,run,100.0,26,-0.20184,-0.2011011011011011,100000,100
etc_simplified_large,run,100.0,27,-0.1037,-0.1036336336336336,100000,100
etc_simplified_large,run,100.0,28,-0.41501,-0.4141741741741742,100000,100
etc_simplified_large,run,100.0,29,-0.08708,-0.0865665665665665,100000,100
etc_simplified_large,run,100.0,30,-0.4406,-0.4405005005005005,100000,100
etc_simplified_large,run,100.0,31,-0.13138,-0.1307207207207207,100000,100
etc_simplified_large,run,100.0,32,-0.25122,-0.2507707707707707,100000,100
etc_simplified_large,run,100.0,33,-0.12318,-0.1219519519519519,100000,100
etc_simplified_large,run,100.0,34,-0.46487,-0.4653953953953954,100000,100
etc_simplified_large,run,100.0,35,-0.50215,-0.5018118118118118,100000,100
etc_simplified_large,run,100.0,36,-1.03103,-1.031911911911912,100000,100
etc_simplified_large,run,100.0,37,-0.13419,-0.1345345345345345,100000,100
etc_simplified_large,run,100.0,38,-0.00273,-0.002012012012012,100000,100
etc_simplified_large,run,100.0,39,-0.6462,-0.6456956956956957,100000,100
etc_simplified_large,run,100.0,40,-0.47303,-0.4728328328328328,100000,100
etc_simplified_large,run,100.0,41,-0.13822,-0.1384484484484484,100000,100
etc_simplified_large,run,100.0,42,-0.57008,-0.5702902902902903,100000,100
etc_simplified_large,run,100.0,43,-0.47843,-0.4777677677677677,100000,100
etc_simplified_large,run,100.0,44,-0.62047,-0.621011011011011,100000,100
etc_simplified_large,run,100.0,45,-0.58843,-0.5888688688688689,100000,100
etc_simplified_large,run,100.0,46,-0.61174,-0.6117117117117117,100000,100
etc_simplified_large,run,100.0,47,-0.28813,-0.2876776776776776,100000,100
etc_simplified_large,run,100.0,48,-0.29147,-0.2905205205205205,100000,100
etc_simplified_large,run,100.0,49,-0.15217,-0.1517517517517517,100000,100
etc_simplified_large,run,100.0,50,-1.02714,-1.0275475475475475,100000,100
etc_simplified_large,run,100.0,51,-0.96478,-0.9652552552552552,100000,100
etc_simplified_large,run,100.0,52,-1.20792,-1.2081781781781782,100000,100
etc_simplified_large,run,100.0,53,-0.84684,-0.8464764764764765,100000,100
etc_simplified_large,run,100.0,54,-0.69725,-0.6972672672672673,100000,100
etc_simplified_large,run,100.0,55,-0.67302,-0.6724824824824824,100000,100
etc_simplified_large,run,100.0,56,-0.32214,-0.321031031031031,100000,100
etc_simplified_large,run,100.0,57,-0.06316,-0.0633633633633633,100000,100
etc_simplified_large,run,100.0,58,-0.27152,-0.2705305305305305,100000,100
etc_simplified_large,run,100.0,59,-0.00784,-0.0068968968968968,100000,100
etc_simplified_large,run,100.0,60,-0.39893,-0.3983583583583583,100000,100
etc_simplified_large,run,100.0,61,-0.50112,-0.5014514514514514,100000,100
etc_simplified_large,run,100.0,62,-0.86851,-0.869039039039039,100000,100
etc_simplified_large,run,100.0,63,-0.99965,-0.9998498498498498,100000,100
etc_simplified_large,run,100.0,64,-0.61112,-0.6103003003003002,100000,100
etc_simplified_large,run,100.0,65,-0.19826,-0.1974774774774775,100000,100
etc_simplified_large,run,100.0,66,-0.17939,-0.1786286286286286,100000,100
etc_simplified_large,run,100.0,67,-0.23429,-0.2339339339339339,100000,100
etc_simplified_large,run,100.0,68,0.04615,0.0463463463463463,100000,100
etc_simplified_large,run,100.0,69,0.04096,0.0422522522522522,100000,100
etc_simplified_large,run,100.0,70,-0.11533,-0.1153853853853853,100000,100
etc_simplified_large,run,100.0,71,-0.37896,-0.3795995995995996,100000,100
etc_simplified_large,run,100.0,72,-0.56947,-0.5694494494494494,100000,100
etc_simplified_large,run,100.0,73,-0.51583,-0.5150750750750751,100000,100
etc_simplified_large,run,100.0,74,-0.32904,-0.3287987987987988,100000,100
etc_simplified_large,run,100.0,75,-0.81197,-0.8118118118118118,100000,100
etc_simplified_large,run,100.0,76,-0.09398,-0.0931231231231231,100000,100
etc_simplified_large,run,100.0,77,-0.92055,-0.9207807807807808,100000,100
etc_simplified_large,run,100.0,78,-0.51326,-0.5135135135135135,100000,100
etc_simplified_large,run,100.0,79,-0.81797,-0.818018018018018,100000,100
etc_simplified_large,run,100.0,80,-0.31669,-0.316096096096096,100000,100
etc_simplified_large,run,100.0,81,-0.39385,-0.3937437437437437,100000,100
etc_simplified_large,run,100.0,82,-0.22712,-0.2273873873873874,100000,100
etc_simplified_large,run,100.0,83,-0.57546,-0.575945945945946,100000,100
etc_simplified_large,run,100.0,84,-0.13525,-0.1347547547547547,100000,100
etc_simplified_large,run,100.0,85,-0.76187,-0.7620820820820821,100000,100
etc_simplified_large,run,100.0,86,-0.31829,-0.3178978978978979,100000,100
etc_simplified_large,run,100.0,87,-0.05194,-0.0525325325325325,100000,100
etc_simplified_large,run,100.0,88,-0.39468,-0.3946846846846847,100000,100
etc_simplified_large,run,100.0,89,-0.50299,-0.5028428428428429,100000,100
etc_simplified_large,run,100.0,90,-0.20444,-0.2038138138138138,100000,100
etc_simplified_large,run,100.0,91,-0.61323,-0.6143043043043043,100000,100
etc_simplified_large,run,100.0,92,-0.52069,-0.5208808808808809,100000,100
etc_simplified_large,run,100.0,93,-0.09382,-0.0935935935935936,100000,100
etc_simplified_large,run,100.0,94,-0.69045,-0.6911911911911912,100000,100
etc_simplified_large,run,100.0,95,-0.25853,-0.2569669669669669,100000,100
etc_simplified_large,run,100.0,96,-0.76919,-0.7697297297297298,100000,100
etc_simplified_large,run,100.0,97,-0.64237,-0.6417817817817818,100000,100
etc_simplified_large,run,100.0,98,0.13608,0.1366666666666666,100000,100
etc_simplified_large,run,100.0,99,-0.12521,-0.125055055055055,100000,100
etc_simplified_large,run,500.0,0,-0.5956,-0.5945025125628141,100000,100
etc_simplified_large,run,500.0,1,-0.29198,-0.290070351758794,100000,100
etc_simplified_large,run,500.0,2,-0.25371,-0.2511658291457286,100000,100
etc_simplified_large,run,500.0,3,0.24272,0.2467236180904522,100000,100
etc_simplified_large,run,500.0,4,-0.09003,-0.0877487437185929,100000,100
etc_simplified_large,run,500.0,5,0.29676,0.3025829145728643,100000,100
etc_simplified_large,run,500.0,6,-0.24096,-0.2407336683417085,100000,100
etc_simplified_large,run,500.0,7,-0.16795,-0.1649949748743718,100000,100
etc_simplified_large,run,500.0,8,0.19558,0.2015175879396984,100000,100
etc_simplified_large,run,500.0,9,-0.14339,-0.1426733668341708,100000,100
etc_simplified_large,run,500.0,10,-0.0299,-0.0267035175879397,100000,100
etc_simplified_large,run,500.0,11,0.27878,0.2844623115577889,100000,100
etc_simplified_large,run,500.0,12,0.15167,0.1562211055276381,100000,100
etc_simplified_large,run,500.0,13,0.21703,0.2196884422110552,100000,100
etc_simplified_large,run,500.0,14,-0.06633,-0.0613366834170854,100000,100
etc_simplified_large,run,500.0,15,0.04045,0.0431959798994974,100000,100
etc_simplified_large,run,500.0,16,0.02319,0.0263115577889447,100000,100
etc_simplified_large,run,500.0,17,0.11187,0.116251256281407,100000,100
etc_simplified_large,run,500.0,18,-0.35091,-0.3495879396984924,100000,100
etc_simplified_large,run,500.0,19,0.03453,0.037537688442211,100000,100
etc_simplified_large,run,500.0,20,-0.39666,-0.3948140703517588,100000,100
etc_simplified_large,run,500.0,21,0.00176,0.0047437185929648,100000,100
etc_simplified_large,run,500.0,22,-0.34161,-0.3417688442211055,100000,100
etc_simplified_large,run,500.0,23,0.06083,0.0658391959798995,100000,100
etc_simplified_large,run,500.0,24,-0.15234,-0.1497587939698492,100000,100
etc_simplified_large,run,500.0,25,0.11128,0.1145326633165829,100000,100
etc_simplified_large,run,500.0,26,-0.03312,-0.0301909547738693,100000,100
etc_simplified_large,run,500.0,27,0.04603,0.0500804020100502,100000,100
etc_simplified_large,run,500.0,28,0.07979,0.0845326633165829,100000,100
etc_simplified_large,run,500.0,29,0.03288,0.0356884422110552,100000,100
etc_simplified_large,run,500.0,30,-0.14917,-0.1484221105527638,100000,100
etc_simplified_large,run,500.0,31,0.35105,0.355608040201005,100000,100
etc_simplified_large,run,500.0,32,-0.44993,-0.4497989949748743,100000,100
etc_simplified_large,run,500.0,33,0.17793,0.1822914572864321,100000,100
etc_simplified_large,run,500.0,34,0.05666,0.0615276381909547,100000,100
etc_simplified_large,run,500.0,35,0.15218,0.1552663316582914,100000,100
etc_simplified_large,run,500.0,36,0.06459,0.0671758793969849,100000,100
etc_simplified_large,run,500.0,37,-0.04484,-0.0413768844221105,100000,100
etc_simplified_large,run,500.0,38,0.16551,0.169356783919598,100000,100
etc_simplified_large,run,500.0,39,-0.06073,-0.0594974874371859,100000,100
etc_simplified_large,run,500.0,40,-0.00506,-0.0013969849246231,100000,100
etc_simplified_large,run,500.0,41,0.11459,0.1202814070351758,100000,100
etc_simplified_large,run,500.0,42,-0.05991,-0.0576884422110552,100000,100
etc_simplified_large,run,500.0,43,0.04773,0.0503718592964824,100000,100
etc_simplified_large,run,500.0,44,0.1587,0.1647738693467336,100000,100
etc_simplified_large,run,500.0,45,-0.05987,-0.0574271356783919,100000,100
etc_simplified_large,run,500.0,46,0.13065,0.1346934673366834,100000,100
etc_simplified_large,run,500.0,47,0.07421,0.0763819095477387,100000,100
etc_simplified_large,run,500.0,48,-0.08721,-0.0831356783919598,100000,100
etc_simplified_large,run,500.0,49,0.178,0.1812361809045226,100000,100
etc_simplified_large,run,500.0,50,0.07905,0.0809346733668341,100000,100
etc_simplified_large,run,500.0,51,0.03627,0.0393065326633165,100000,100
etc_simplified_large,run,500.0,52,0.13029,0.1330954773869346,100000,100
etc_simplified_large,run,500.0,53,-0.65484,-0.6538693467336684,100000,100
etc_simplified_large,run,500.0,54,0.0834,0.0862613065326633,100000,100
etc_simplified_large,run,500.0,55,-0.3053,-0.3041909547738693,100000,100
etc_simplified_large,run,500.0,56,-0.07593,-0.0729849246231155,100000,100
etc_simplified_large,run,500.0,57,0.12718,0.1304623115577889,100000,100
etc_simplified_large,run,500.0,58,0.06352,0.0670854271356783,100000,100
etc_simplified_large,run,500.0,59,0.27646,0.2822713567839196,100000,100
etc_simplified_large,run,500.0,60,0.0051,0.0085829145728643,100000,100
etc_simplified_large,run,500.0,61,-0.35674,-0.3548643216080402,100000,100
etc_simplified_large,run,500.0,62,-0.01018,-0.0070351758793969,100000,100
etc_simplified_large,run,500.0,63,0.04503,0.0474572864321608,100000,100
etc_simplified_large,run,500.0,64,0.15147,0.1553165829145728,100000,100
etc_simplified_large,run,500.0,65,-0.15412,-0.1523115577889447,100000,100
etc_simplified_large,run,500.0,66,0.04581,0.046964824120603,100000,100
etc_simplified_large,run,500.0,67,-0.20902,-0.207537688442211,100000,100
etc_simplified_large,run,500.0,68,0.13855,0.1433969849246231,100000,100
etc_simplified_large,run,500.0,69,0.24199,0.2456984924623115,100000,100
etc_simplified_large,run,500.0,70,-0.16741,-0.1652361809045226,100000,100
etc_simplified_large,run,500.0,71,-0.25935,-0.2574673366834171,100000,100
etc_simplified_large,run,500.0,72,0.14945,0.1530150753768844,100000,100
etc_simplified_large,run,500.0,73,-0.65295,-0.6538994974874371,100000,100
etc_simplified_large,run,500.0,74,0.21077,0.2166633165829145,100000,100
etc_simplified_large,run,500.0,75,0.1048,0.1080502512562814,100000,100
etc_simplified_large,run,500.0,76,-0.20986,-0.2080201005025125,100000,100
etc_simplified_large,run,500.0,77,-0.14276,-0.1402010050251256,100000,100
etc_simplified_large,run,500.0,78,-0.10114,-0.0981206030150753,100000,100
etc_simplified_large,run,500.0,79,0.13755,0.1432663316582914,100000,100
etc_simplified_large,run,500.0,80,0.16457,0.1689547738693467,100000,100
etc_simplified_large,run,500.0,81,0.15641,0.1583718592964824,100000,100
etc_simplified_large,run,500.0,82,0.1165,0.1198391959798995,100000,100
etc_simplified_large,run,500.0,83,0.35959,0.3637788944723618,100000,100
etc_simplified_large,run,500.0,84,-0.33099,-0.3293768844221105,100000,100
etc_simplified_large,run,500.0,85,0.12205,0.126180904522613,100000,100
etc_simplified_large,run,500.0,86,0.04463,0.0474070351758793,100000,100
etc_simplified_large,run,500.0,87,0.02028,0.0222311557788944,100000,100
etc_simplified_large,run,500.0,88,0.03913,0.0423618090452261,100000,100
etc_simplified_large,run,500.0,89,-0.00529,-0.0022412060301507,100000,100
etc_simplified_large,run,500.0,90,0.3562,0.3601005025125628,100000,100
etc_simplified_large,run,500.0,91,-0.06249,-0.0604422110552763,100000,100
etc_simplified_large,run,500.0,92,0.1682,0.1720301507537688,100000,100
etc_simplified_large,run,500.0,93,0.096,0.0991356783919598,100000,100
etc_simplified_large,run,500.0,94,0.11537,0.1198291457286432,100000,100
etc_simplified_large,run,500.0,95,-0.11511,-0.1135979899497487,100000,100
etc_simplified_large,run,500.0,96,0.01501,0.0185326633165829,100000,100
etc_simplified_large,run,500.0,97,0.24699,0.2509748743718593,100000,100
etc_simplified_large,run,500.0,98,-0.23162,-0.2291256281407035,100000,100
etc_simplified_large,run,500.0,99,-0.40093,-0.4003819095477386,100000,100
etc_simplified_large,run,1000.0,0,0.41734,0.4266464646464646,100000,100
etc_simplified_large,run,1000.0,1,0.49427,0.5054848484848485,100000,100
etc_simplified_large,run,1000.0,2,0.3876,0.3962929292929293,100000,100
etc_simplified_large,run,1000.0,3,0.07916,0.0858080808080808,100000,100
etc_simplified_large,run,1000.0,4,0.11459,0.1218888888888889,100000,100
etc_simplified_large,run,1000.0,5,0.39157,0.4008181818181818,100000,100
etc_simplified_large,run,1000.0,6,0.01949,0.0273737373737373,100000,100
etc_simplified_large,run,1000.0,7,0.32314,0.3316868686868687,100000,100
etc_simplified_large,run,1000.0,8,0.21275,0.2223535353535353,100000,100
etc_simplified_large,run,1000.0,9,0.34111,0.350010101010101,100000,100
etc_simplified_large,run,1000.0,10,-0.06756,-0.0611313131313131,100000,100
etc_simplified_large,run,1000.0,11,0.25078,0.2567070707070707,100000,100
etc_simplified_large,run,1000.0,12,0.27625,0.2845252525252525,100000,100
etc_simplified_large,run,1000.0,13,-0.25007,-0.2457676767676767,100000,100
etc_simplified_large,run,1000.0,14,0.17048,0.1775454545454545,100000,100
etc_simplified_large,run,1000.0,15,0.21236,0.222070707070707,100000,100
etc_simplified_large,run,1000.0,16,0.16862,0.1766969696969696,100000,100
etc_simplified_large,run,1000.0,17,0.18376,0.1879595959595959,100000,100
etc_simplified_large,run,1000.0,18,0.18459,0.1913939393939394,100000,100
etc_simplified_large,run,1000.0,19,0.11419,0.118040404040404,100000,100
etc_simplified_large,run,1000.0,20,0.00675,0.0115353535353535,100000,100
etc_simplified_large,run,1000.0,21,0.31108,0.3208383838383838,100000,100
etc_simplified_large,run,1000.0,22,0.05661,0.0633737373737373,100000,100
etc_simplified_large,run,1000.0,23,0.03275,0.0414747474747474,100000,100
etc_simplified_large,run,1000.0,24,0.2779,0.2872323232323232,100000,100
etc_simplified_large,run,1000.0,25,0.218,0.2281111111111111,100000,100
etc_simplified_large,run,1000.0,26,0.29383,0.3021111111111111,100000,100
etc_simplified_large,run,1000.0,27,0.08527,0.0929797979797979,100000,100
etc_simplified_large,run,1000.0,28,-0.0527,-0.0468181818181818,100000,100
etc_simplified_large,run,1000.0,29,0.13601,0.142989898989899,100000,100
etc_simplified_large,run,1000.0,30,0.11084,0.1196464646464646,100000,100
etc_simplified_large,run,1000.0,31,0.17791,0.1861818181818181,100000,100
etc_simplified_large,run,1000.0,32,-0.05625,-0.0499797979797979,100000,100
etc_simplified_large,run,1000.0,33,-0.0682,-0.0603131313131313,100000,100
etc_simplified_large,run,1000.0,34,0.2008,0.2107373737373737,100000,100
etc_simplified_large,run,1000.0,35,0.19998,0.2082727272727272,100000,100
etc_simplified_large,run,1000.0,36,0.42173,0.4308989898989899,100000,100
etc_simplified_large,run,1000.0,37,0.07757,0.0842626262626262,100000,100
etc_simplified_large,run,1000.0,38,0.11557,0.1251313131313131,100000,100
etc_simplified_large,run,1000.0,39,0.2496,0.2569494949494949,100000,100
etc_simplified_large,run,1000.0,40,0.13029,0.1374040404040404,100000,100
etc_simplified_large,run,1000.0,41,0.3207,0.3314444444444444,100000,100
etc_simplified_large,run,1000.0,42,0.20039,0.2099898989898989,100000,100
etc_simplified_large,run,1000.0,43,0.15407,0.1613939393939394,100000,100
etc_simplified_large,run,1000.0,44,0.16173,0.1683636363636363,100000,100
etc_simplified_large,run,1000.0,45,-0.05437,-0.0477777777777777,100000,100
etc_simplified_large,run,1000.0,46,0.12121,0.1259292929292929,100000,100
etc_simplified_large,run,1000.0,47,0.26844,0.278969696969697,100000,100
etc_simplified_large,run,1000.0,48,0.12503,0.132080808080808,100000,100
etc_simplified_large,run,1000.0,49,0.25378,0.2635050505050505,100000,100
etc_simplified_large,run,1000.0,50,-0.2275,-0.2236262626262626,100000,100
etc_simplified_large,run,1000.0,51,0.11726,0.1237070707070707,100000,100
etc_simplified_large,run,1000.0,52,0.07461,0.0825757575757575,100000,100
etc_simplified_large,run,1000.0,53,0.31801,0.3257373737373737,100000,100
etc_simplified_large,run,1000.0,54,0.07272,0.0798383838383838,100000,100
etc_simplified_large,run,1000.0,55,0.35811,0.3679191919191919,100000,100
etc_simplified_large,run,1000.0,56,0.29397,0.3047777777777777,100000,100
etc_simplified_large,run,1000.0,57,0.15155,0.1627575757575757,100000,100
etc_simplified_large,run,1000.0,58,0.36584,0.3772424242424242,100000,100
etc_simplified_large,run,1000.0,59,0.08878,0.0962222222222222,100000,100
etc_simplified_large,run,1000.0,60,0.19666,0.2051515151515151,100000,100
etc_simplified_large,run,1000.0,61,0.29002,0.2979494949494949,100000,100
etc_simplified_large,run,1000.0,62,0.15657,0.1658585858585858,100000,100
etc_simplified_large,run,1000.0,63,0.40857,0.4206666666666667,100000,100
etc_simplified_large,run,1000.0,64,-0.08514,-0.0812626262626262,100000,100
etc_simplified_large,run,1000.0,65,0.13634,0.1467070707070707,100000,100
etc_simplified_large,run,1000.0,66,0.29046,0.2978181818181818,100000,100
etc_simplified_large,run,1000.0,67,0.1294,0.1356868686868687,100000,100
etc_simplified_large,run,1000.0,68,-0.16852,-0.1653030303030303,100000,100
etc_simplified_large,run,1000.0,69,0.20371,0.2117575757575757,100000,100
etc_simplified_large,run,1000.0,70,0.1361,0.144010101010101,100000,100
etc_simplified_large,run,1000.0,71,-0.02905,-0.0218989898989899,100000,100
etc_simplified_large,run,1000.0,72,0.28353,0.2912929292929292,100000,100
etc_simplified_large,run,1000.0,73,0.15864,0.1681111111111111,100000,100
etc_simplified_large,run,1000.0,74,-0.01748,-0.0123434343434343,100000,100
etc_simplified_large,run,1000.0,75,0.04417,0.0502727272727272,100000,100
etc_simplified_large,run,1000.0,76,0.0054,0.0116161616161616,100000,100
etc_simplified_large,run,1000.0,77,0.20961,0.2169898989898989,100000,100
etc_simplified_large,run,1000.0,78,0.18943,0.1965858585858585,100000,100
etc_simplified_large,run,1000.0,79,-0.17587,-0.1738787878787878,100000,100
etc_simplified_large,run,1000.0,80,0.03309,0.0378686868686868,100000,100
etc_simplified_large,run,1000.0,81,-0.00898,-0.0024343434343434,100000,100
etc_simplified_large,run,1000.0,82,-0.15236,-0.1463737373737373,100000,100
etc_simplified_large,run,1000.0,83,0.10777,0.1159090909090909,100000,100
etc_simplified_large,run,1000.0,84,0.18722,0.1975353535353535,100000,100
etc_simplified_large,run,1000.0,85,0.2779,0.2871616161616162,100000,100
etc_simplified_large,run,1000.0,86,0.29541,0.3039090909090909,100000,100
etc_simplified_large,run,1000.0,87,0.31207,0.3225151515151515,100000,100
etc_simplified_large,run,1000.0,88,0.16454,0.1737575757575757,100000,100
etc_simplified_large,run,1000.0,89,0.07837,0.085020202020202,100000,100
etc_simplified_large,run,1000.0,90,0.22285,0.2326464646464646,100000,100
etc_simplified_large,run,1000.0,91,0.25166,0.2594747474747474,100000,100
etc_simplified_large,run,1000.0,92,0.11234,0.1214747474747474,100000,100
etc_simplified_large,run,1000.0,93,0.23289,0.2386666666666666,100000,100
etc_simplified_large,run,1000.0,94,0.26677,0.2733535353535353,100000,100
etc_simplified_large,run,1000.0,95,0.1944,0.2011313131313131,100000,100
etc_simplified_large,run,1000.0,96,0.20306,0.2115252525252525,100000,100
etc_simplified_large,run,1000.0,97,-0.01913,-0.0117676767676767,100000,100
etc_simplified_large,run,1000.0,98,0.23844,0.2493838383838383,100000,100
etc_simplified_large,run,1000.0,99,0.18053,0.1883030303030303,100000,100
etc_simplified_large,run,1500.0,0,0.25452,0.2678781725888325,100000,100
etc_simplified_large,run,1500.0,1,0.14493,0.1568527918781725,100000,100
etc_simplified_large,run,1500.0,2,0.26855,0.281989847715736,100000,100
etc_simplified_large,run,1500.0,3,0.1799,0.1932791878172589,100000,100
etc_simplified_large,run,1500.0,4,-0.08312,-0.073746192893401,100000,100
etc_simplified_large,run,1500.0,5,0.10533,0.1136345177664974,100000,100
etc_simplified_large,run,1500.0,6,0.22024,0.2328426395939086,100000,100
etc_simplified_large,run,1500.0,7,0.31911,0.3319593908629442,100000,100
etc_simplified_large,run,1500.0,8,-0.15225,-0.1459289340101522,100000,100
etc_simplified_large,run,1500.0,9,0.15283,0.1661624365482233,100000,100
etc_simplified_large,run,1500.0,10,0.26571,0.2805482233502538,100000,100
etc_simplified_large,run,1500.0,11,0.16884,0.1825279187817259,100000,100
etc_simplified_large,run,1500.0,12,0.24016,0.2537258883248731,100000,100
etc_simplified_large,run,1500.0,13,0.20732,0.2214010152284264,100000,100
etc_simplified_large,run,1500.0,14,0.35346,0.3654720812182741,100000,100
etc_simplified_large,run,1500.0,15,0.16845,0.1813096446700507,100000,100
etc_simplified_large,run,1500.0,16,0.21752,0.2290152284263959,100000,100
etc_simplified_large,run,1500.0,17,0.17404,0.1862639593908629,100000,100
etc_simplified_large,run,1500.0,18,0.30127,0.3150558375634518,100000,100
etc_simplified_large,run,1500.0,19,0.22514,0.2352081218274111,100000,100
etc_simplified_large,run,1500.0,20,0.15616,0.1653299492385787,100000,100
etc_simplified_large,run,1500.0,21,0.1219,0.1354619289340101,100000,100
etc_simplified_large,run,1500.0,22,0.30139,0.3159187817258883,100000,100
etc_simplified_large,run,1500.0,23,0.27406,0.2867005076142132,100000,100
etc_simplified_large,run,1500.0,24,0.30455,0.3180203045685279,100000,100
etc_simplified_large,run,1500.0,25,0.24041,0.2514010152284264,100000,100
etc_simplified_large,run,1500.0,26,0.27209,0.2876243654822335,100000,100
etc_simplified_large,run,1500.0,27,0.06393,0.0717157360406091,100000,100
etc_simplified_large,run,1500.0,28,-0.08368,-0.0742741116751269,100000,100
etc_simplified_large,run,1500.0,29,0.3673,0.3825482233502538,100000,100
etc_simplified_large,run,1500.0,30,0.28385,0.2967309644670051,100000,100
etc_simplified_large,run,1500.0,31,0.15282,0.1599187817258883,100000,100
etc_simplified_large,run,1500.0,32,0.20323,0.2136649746192893,100000,100
etc_simplified_large,run,1500.0,33,0.1275,0.1377969543147208,100000,100
etc_simplified_large,run,1500.0,34,0.19916,0.2116751269035533,100000,100
etc_simplified_large,run,1500.0,35,0.2071,0.2166598984771573,100000,100
etc_simplified_large,run,1500.0,36,0.22994,0.2436142131979695,100000,100
etc_simplified_large,run,1500.0,37,0.01038,0.0193096446700507,100000,100
etc_simplified_large,run,1500.0,38,0.11167,0.1237868020304568,100000,100
etc_simplified_large,run,1500.0,39,0.17229,0.1840913705583756,100000,100
etc_simplified_large,run,1500.0,40,0.141,0.1521928934010152,100000,100
etc_simplified_large,run,1500.0,41,0.30904,0.3234213197969543,100000,100
etc_simplified_large,run,1500.0,42,0.21046,0.2198071065989847,100000,100
etc_simplified_large,run,1500.0,43,-0.08453,-0.0753096446700507,100000,100
etc_simplified_large,run,1500.0,44,0.11276,0.1252588832487309,100000,100
etc_simplified_large,run,1500.0,45,0.32241,0.3354416243654822,100000,100
etc_simplified_large,run,1500.0,46,0.25511,0.2670355329949239,100000,100
etc_simplified_large,run,1500.0,47,0.19224,0.2034619289340101,100000,100
etc_simplified_large,run,1500.0,48,0.21449,0.2261319796954314,100000,100
etc_simplified_large,run,1500.0,49,0.26763,0.2807005076142132,100000,100
etc_simplified_large,run,1500.0,50,0.26905,0.2842131979695431,100000,100
etc_simplified_large,run,1500.0,51,-0.03011,-0.0193604060913705,100000,100
etc_simplified_large,run,1500.0,52,0.33777,0.3552893401015228,100000,100
etc_simplified_large,run,1500.0,53,0.30528,0.3155126903553299,100000,100
etc_simplified_large,run,1500.0,54,0.01074,0.0203857868020304,100000,100
etc_simplified_large,run,1500.0,55,0.27975,0.2935532994923858,100000,100
etc_simplified_large,run,1500.0,56,0.05123,0.0607918781725888,100000,100
etc_simplified_large,run,1500.0,57,0.13243,0.1460812182741116,100000,100
etc_simplified_large,run,1500.0,58,0.23725,0.2492081218274111,100000,100
etc_simplified_large,run,1500.0,59,0.26856,0.2794010152284264,100000,100
etc_simplified_large,run,1500.0,60,0.1489,0.156233502538071,100000,100
etc_simplified_large,run,1500.0,61,-0.03489,-0.0281421319796954,100000,100
etc_simplified_large,run,1500.0,62,0.20175,0.2137258883248731,100000,100
etc_simplified_large,run,1500.0,63,0.26682,0.2815126903553299,100000,100
etc_simplified_large,run,1500.0,64,0.29021,0.3031573604060913,100000,100
etc_simplified_large,run,1500.0,65,0.14409,0.1573401015228426,100000,100
etc_simplified_large,run,1500.0,66,0.02232,0.0315634517766497,100000,100
etc_simplified_large,run,1500.0,67,0.05659,0.0669137055837563,100000,100
etc_simplified_large,run,1500.0,68,-0.07574,-0.0715939086294416,100000,100
etc_simplified_large,run,1500.0,69,0.40118,0.4181218274111675,100000,100
etc_simplified_large,run,1500.0,70,0.11755,0.129502538071066,100000,100
etc_simplified_large,run,1500.0,71,-0.17324,-0.1685583756345177,100000,100
etc_simplified_large,run,1500.0,72,0.36743,0.386984771573604,100000,100
etc_simplified_large,run,1500.0,73,0.21086,0.2230862944162436,100000,100
etc_simplified_large,run,1500.0,74,-0.01725,-0.0050355329949238,100000,100
etc_simplified_large,run,1500.0,75,0.38029,0.3970253807106599,100000,100
etc_simplified_large,run,1500.0,76,0.26869,0.2863248730964467,100000,100
etc_simplified_large,run,1500.0,77,0.26341,0.2775532994923858,100000,100
etc_simplified_large,run,1500.0,78,0.13994,0.1491167512690355,100000,100
etc_simplified_large,run,1500.0,79,0.27767,0.2896243654822335,100000,100
etc_simplified_large,run,1500.0,80,0.26614,0.2790152284263959,100000,100
etc_simplified_large,run,1500.0,81,0.19414,0.2090761421319797,100000,100
etc_simplified_large,run,1500.0,82,0.31414,0.3252690355329949,100000,100
etc_simplified_large,run,1500.0,83,0.20465,0.2181725888324873,100000,100
etc_simplified_large,run,1500.0,84,0.21148,0.2265380710659898,100000,100
etc_simplified_large,run,1500.0,85,0.13274,0.1452893401015228,100000,100
etc_simplified_large,run,1500.0,86,0.22615,0.2383654822335025,100000,100
etc_simplified_large,run,1500.0,87,0.12738,0.136741116751269,100000,100
etc_simplified_large,run,1500.0,88,0.31617,0.3311979695431472,100000,100
etc_simplified_large,run,1500.0,89,-0.00969,-0.000243654822335,100000,100
etc_simplified_large,run,1500.0,90,0.21318,0.2270862944162436,100000,100
etc_simplified_large,run,1500.0,91,-0.33904,-0.3395939086294416,100000,100
etc_simplified_large,run,1500.0,92,0.22896,0.2423654822335025,100000,100
etc_simplified_large,run,1500.0,93,0.15868,0.1715939086294416,100000,100
etc_simplified_large,run,1500.0,94,0.24388,0.2571573604060914,100000,100
etc_simplified_large,run,1500.0,95,0.16258,0.1743959390862944,100000,100
etc_simplified_large,run,1500.0,96,0.22884,0.2394111675126903,100000,100
etc_simplified_large,run,1500.0,97,0.16204,0.172497461928934,100000,100
etc_simplified_large,run,1500.0,98,0.23691,0.2515634517766497,100000,100
etc_simplified_large,run,1500.0,99,0.14783,0.1610862944162436,100000,100
etc_simplified_large,run,2000.0,0,0.01213,0.0271530612244897,100000,100
etc_simplified_large,run,2000.0,1,0.17075,0.1856632653061224,100000,100
etc_simplified_large,run,2000.0,2,0.21435,0.231969387755102,100000,100
etc_simplified_large,run,2000.0,3,0.2685,0.2866836734693878,100000,100
etc_simplified_large,run,2000.0,4,0.10158,0.1178877551020408,100000,100
etc_simplified_large,run,2000.0,5,0.25814,0.2743877551020408,100000,100
etc_simplified_large,run,2000.0,6,0.12121,0.1340714285714285,100000,100
etc_simplified_large,run,2000.0,7,0.30692,0.3265510204081632,100000,100
etc_simplified_large,run,2000.0,8,0.10395,0.1185204081632653,100000,100
etc_simplified_large,run,2000.0,9,0.35561,0.3761836734693877,100000,100
etc_simplified_large,run,2000.0,10,0.29729,0.3119591836734693,100000,100
etc_simplified_large,run,2000.0,11,0.25175,0.2696326530612244,100000,100
etc_simplified_large,run,2000.0,12,0.20852,0.2240306122448979,100000,100
etc_simplified_large,run,2000.0,13,0.21193,0.2288979591836734,100000,100
etc_simplified_large,run,2000.0,14,0.2774,0.2932755102040816,100000,100
etc_simplified_large,run,2000.0,15,0.21902,0.2350816326530612,100000,100
etc_simplified_large,run,2000.0,16,0.09551,0.1077551020408163,100000,100
etc_simplified_large,run,2000.0,17,0.19127,0.2075510204081632,100000,100
etc_simplified_large,run,2000.0,18,0.23115,0.2488469387755102,100000,100
etc_simplified_large,run,2000.0,19,0.03193,0.042204081632653,100000,100
etc_simplified_large,run,2000.0,20,0.20304,0.2200510204081632,100000,100
etc_simplified_large,run,2000.0,21,0.22671,0.2419897959183673,100000,100
etc_simplified_large,run,2000.0,22,0.20674,0.2241530612244898,100000,100
etc_simplified_large,run,2000.0,23,0.30968,0.3256326530612244,100000,100
etc_simplified_large,run,2000.0,24,0.27477,0.2963469387755102,100000,100
etc_simplified_large,run,2000.0,25,0.27687,0.2954489795918367,100000,100
etc_simplified_large,run,2000.0,26,0.16868,0.1851836734693877,100000,100
etc_simplified_large,run,2000.0,27,0.20521,0.222204081632653,100000,100
etc_simplified_large,run,2000.0,28,0.22652,0.2420510204081632,100000,100
etc_simplified_large,run,2000.0,29,0.26594,0.2838367346938775,100000,100
etc_simplified_large,run,2000.0,30,0.26599,0.2883367346938775,100000,100
etc_simplified_large,run,2000.0,31,0.29342,0.313,100000,100
etc_simplified_large,run,2000.0,32,0.20891,0.2262959183673469,100000,100
etc_simplified_large,run,2000.0,33,0.14931,0.1668469387755102,100000,100
etc_simplified_large,run,2000.0,34,0.2529,0.267734693877551,100000,100
etc_simplified_large,run,2000.0,35,0.1399,0.1592244897959183,100000,100
etc_simplified_large,run,2000.0,36,0.20786,0.2251122448979592,100000,100
etc_simplified_large,run,2000.0,37,-0.11521,-0.1073775510204081,100000,100
etc_simplified_large,run,2000.0,38,0.12497,0.1427653061224489,100000,100
etc_simplified_large,run,2000.0,39,0.26552,0.2824489795918367,100000,100
etc_simplified_large,run,2000.0,40,0.40441,0.4264387755102041,100000,100
etc_simplified_large,run,2000.0,41,0.16132,0.1782653061224489,100000,100
etc_simplified_large,run,2000.0,42,0.20031,0.2207959183673469,100000,100
etc_simplified_large,run,2000.0,43,0.25008,0.265469387755102,100000,100
etc_simplified_large,run,2000.0,44,0.18105,0.1955816326530612,100000,100
etc_simplified_large,run,2000.0,45,0.37897,0.3996020408163265,100000,100
etc_simplified_large,run,2000.0,46,0.18743,0.2052142857142857,100000,100
etc_simplified_large,run,2000.0,47,0.24354,0.2653571428571428,100000,100
etc_simplified_large,run,2000.0,48,0.18248,0.1977755102040816,100000,100
etc_simplified_large,run,2000.0,49,0.0234,0.0340816326530612,100000,100
etc_simplified_large,run,2000.0,50,0.24776,0.2661938775510204,100000,100
etc_simplified_large,run,2000.0,51,0.28278,0.3013367346938775,100000,100
etc_simplified_large,run,2000.0,52,0.14318,0.156938775510204,100000,100
etc_simplified_large,run,2000.0,53,0.34776,0.3641020408163265,100000,100
etc_simplified_large,run,2000.0,54,0.19101,0.2085,100000,100
etc_simplified_large,run,2000.0,55,0.44855,0.4683367346938775,100000,100
etc_simplified_large,run,2000.0,56,0.19542,0.2085204081632653,100000,100
etc_simplified_large,run,2000.0,57,0.20927,0.228969387755102,100000,100
etc_simplified_large,run,2000.0,58,0.20101,0.2160510204081632,100000,100
etc_simplified_large,run,2000.0,59,0.32039,0.3401632653061224,100000,100
etc_simplified_large,run,2000.0,60,0.28265,0.3003673469387755,100000,100
etc_simplified_large,run,2000.0,61,0.21114,0.2283775510204081,100000,100
etc_simplified_large,run,2000.0,62,0.27585,0.2947142857142857,100000,100
etc_simplified_large,run,2000.0,63,0.18819,0.2035714285714285,100000,100
etc_simplified_large,run,2000.0,64,0.26053,0.2788469387755102,100000,100
etc_simplified_large,run,2000.0,65,0.25478,0.2721632653061224,100000,100
etc_simplified_large,run,2000.0,66,-0.09761,-0.0863775510204081,100000,100
etc_simplified_large,run,2000.0,67,0.22888,0.2447244897959183,100000,100
etc_simplified_large,run,2000.0,68,-0.12643,-0.115969387755102,100000,100
etc_simplified_large,run,2000.0,69,0.33583,0.3566530612244898,100000,100
etc_simplified_large,run,2000.0,70,0.34745,0.3669591836734694,100000,100
etc_simplified_large,run,2000.0,71,0.1892,0.206,100000,100
etc_simplified_large,run,2000.0,72,0.27212,0.2898979591836734,100000,100
etc_simplified_large,run,2000.0,73,0.25487,0.2735408163265306,100000,100
etc_simplified_large,run,2000.0,74,0.04019,0.0537959183673469,100000,100
etc_simplified_large,run,2000.0,75,0.04182,0.0583469387755102,100000,100
etc_simplified_large,run,2000.0,76,0.2812,0.2984387755102041,100000,100
etc_simplified_large,run,2000.0,77,0.12186,0.1386836734693877,100000,100
etc_simplified_large,run,2000.0,78,0.06011,0.0717755102040816,100000,100
etc_simplified_large,run,2000.0,79,0.29602,0.3097653061224489,100000,100
etc_simplified_large,run,2000.0,80,0.33262,0.3510714285714286,100000,100
etc_simplified_large,run,2000.0,81,0.23009,0.2491938775510204,100000,100
etc_simplified_large,run,2000.0,82,-0.06145,-0.050734693877551,100000,100
etc_simplified_large,run,2000.0,83,0.2817,0.2990816326530612,100000,100
etc_simplified_large,run,2000.0,84,0.24391,0.2617755102040816,100000,100
etc_simplified_large,run,2000.0,85,0.24447,0.2631428571428571,100000,100
etc_simplified_large,run,2000.0,86,0.28125,0.2992755102040816,100000,100
etc_simplified_large,run,2000.0,87,0.18589,0.2023877551020408,100000,100
etc_simplified_large,run,2000.0,88,0.41413,0.4329183673469388,100000,100
etc_simplified_large,run,2000.0,89,0.16937,0.1869795918367346,100000,100
etc_simplified_large,run,2000.0,90,0.23672,0.2534591836734693,100000,100
etc_simplified_large,run,2000.0,91,0.08744,0.1027551020408163,100000,100
etc_simplified_large,run,2000.0,92,0.01683,0.0282755102040816,100000,100
etc_simplified_large,run,2000.0,93,0.31015,0.3316224489795918,100000,100
etc_simplified_large,run,2000.0,94,0.25142,0.2691734693877551,100000,100
etc_simplified_large,run,2000.0,95,0.31644,0.3394285714285714,100000,100
etc_simplified_large,run,2000.0,96,0.31552,0.3339591836734694,100000,100
etc_simplified_large,run,2000.0,97,0.18372,0.1986734693877551,100000,100
etc_simplified_large,run,2000.0,98,0.21214,0.2261734693877551,100000,100
etc_simplified_large,run,2000.0,99,0.13599,0.154,100000,100
etc_simplified_large,run,5000.0,0,0.31404,0.3579368421052631,100000,100
etc_simplified_large,run,5000.0,1,0.2153,0.2589052631578947,100000,100
etc_simplified_large,run,5000.0,2,0.23186,0.2718842105263158,100000,100
etc_simplified_large,run,5000.0,3,0.27572,0.3252526315789473,100000,100
etc_simplified_large,run,5000.0,4,0.40468,0.4629894736842105,100000,100
etc_simplified_large,run,5000.0,5,0.24587,0.2960736842105263,100000,100
etc_simplified_large,run,5000.0,6,0.23426,0.2802736842105263,100000,100
etc_simplified_large,run,5000.0,7,0.35055,0.4022210526315789,100000,100
etc_simplified_large,run,5000.0,8,0.13624,0.1732947368421052,100000,100
etc_simplified_large,run,5000.0,9,0.17827,0.2232105263157894,100000,100
etc_simplified_large,run,5000.0,10,0.39868,0.4544315789473684,100000,100
etc_simplified_large,run,5000.0,11,0.24131,0.2856105263157895,100000,100
etc_simplified_large,run,5000.0,12,0.14898,0.1912947368421052,100000,100
etc_simplified_large,run,5000.0,13,0.28279,0.330178947368421,100000,100
etc_simplified_large,run,5000.0,14,0.29299,0.3398,100000,100
etc_simplified_large,run,5000.0,15,0.22275,0.2707157894736842,100000,100
etc_simplified_large,run,5000.0,16,0.19515,0.2407473684210526,100000,100
etc_simplified_large,run,5000.0,17,0.24365,0.2902105263157895,100000,100
etc_simplified_large,run,5000.0,18,0.15203,0.192,100000,100
etc_simplified_large,run,5000.0,19,0.24076,0.2868842105263158,100000,100
etc_simplified_large,run,5000.0,20,0.1785,0.2217578947368421,100000,100
etc_simplified_large,run,5000.0,21,0.29147,0.3436210526315789,100000,100
etc_simplified_large,run,5000.0,22,0.21281,0.2636421052631579,100000,100
etc_simplified_large,run,5000.0,23,0.32632,0.3787473684210526,100000,100
etc_simplified_large,run,5000.0,24,0.19879,0.238378947368421,100000,100
etc_simplified_large,run,5000.0,25,0.33141,0.3786105263157894,100000,100
etc_simplified_large,run,5000.0,26,0.31351,0.3644631578947368,100000,100
etc_simplified_large,run,5000.0,27,0.21193,0.2591473684210526,100000,100
etc_simplified_large,run,5000.0,28,0.18541,0.2280210526315789,100000,100
etc_simplified_large,run,5000.0,29,0.20438,0.2500315789473684,100000,100
etc_simplified_large,run,5000.0,30,0.32257,0.3720947368421052,100000,100
etc_simplified_large,run,5000.0,31,0.33716,0.3876421052631579,100000,100
etc_simplified_large,run,5000.0,32,0.38494,0.436,100000,100
etc_simplified_large,run,5000.0,33,0.18454,0.2273157894736842,100000,100
etc_simplified_large,run,5000.0,34,0.18956,0.2393684210526316,100000,100
etc_simplified_large,run,5000.0,35,0.31186,0.3645894736842105,100000,100
etc_simplified_large,run,5000.0,36,0.18118,0.2207684210526315,100000,100
etc_simplified_large,run,5000.0,37,0.16534,0.2098947368421052,100000,100
etc_simplified_large,run,5000.0,38,0.16063,0.2026947368421052,100000,100
etc_simplified_large,run,5000.0,39,0.2569,0.3066105263157895,100000,100
etc_simplified_large,run,5000.0,40,0.25132,0.2957263157894736,100000,100
etc_simplified_large,run,5000.0,41,0.09682,0.1356421052631579,100000,100
etc_simplified_large,run,5000.0,42,0.271,0.3189263157894736,100000,100
etc_simplified_large,run,5000.0,43,0.16091,0.2066842105263157,100000,100
etc_simplified_large,run,5000.0,44,0.25249,0.2950210526315789,100000,100
etc_simplified_large,run,5000.0,45,0.2512,0.2956421052631579,100000,100
etc_simplified_large,run,5000.0,46,0.26475,0.3064315789473684,100000,100
etc_simplified_large,run,5000.0,47,0.11999,0.1648631578947368,100000,100
etc_simplified_large,run,5000.0,48,0.36505,0.412378947368421,100000,100
etc_simplified_large,run,5000.0,49,0.29958,0.3474842105263158,100000,100
etc_simplified_large,run,5000.0,50,0.20471,0.2530842105263158,100000,100
etc_simplified_large,run,5000.0,51,0.28427,0.3348210526315789,100000,100
etc_simplified_large,run,5000.0,52,0.15217,0.1935473684210526,100000,100
etc_simplified_large,run,5000.0,53,0.24069,0.2857368421052632,100000,100
etc_simplified_large,run,5000.0,54,0.16156,0.2110421052631579,100000,100
etc_simplified_large,run,5000.0,55,0.26259,0.3035263157894737,100000,100
etc_simplified_large,run,5000.0,56,0.2675,0.3151684210526316,100000,100
etc_simplified_large,run,5000.0,57,0.43074,0.4816526315789474,100000,100
etc_simplified_large,run,5000.0,58,0.42977,0.4825263157894737,100000,100
etc_simplified_large,run,5000.0,59,0.33794,0.3899473684210526,100000,100
etc_simplified_large,run,5000.0,60,0.16793,0.2077052631578947,100000,100
etc_simplified_large,run,5000.0,61,0.18498,0.2269263157894736,100000,100
etc_simplified_large,run,5000.0,62,0.33288,0.3868842105263158,100000,100
etc_simplified_large,run,5000.0,63,0.24153,0.2853473684210526,100000,100
etc_simplified_large,run,5000.0,64,0.35175,0.4049473684210526,100000,100
etc_simplified_large,run,5000.0,65,0.31863,0.3652947368421053,100000,100
etc_simplified_large,run,5000.0,66,0.21959,0.2693684210526316,100000,100
etc_simplified_large,run,5000.0,67,0.30228,0.3489684210526316,100000,100
etc_simplified_large,run,5000.0,68,0.22584,0.2684315789473684,100000,100
etc_simplified_large,run,5000.0,69,0.18855,0.2302421052631579,100000,100
etc_simplified_large,run,5000.0,70,0.26381,0.3117578947368421,100000,100
etc_simplified_large,run,5000.0,71,0.32726,0.3734526315789473,100000,100
etc_simplified_large,run,5000.0,72,0.17015,0.2088210526315789,100000,100
etc_simplified_large,run,5000.0,73,0.31335,0.3656526315789474,100000,100
etc_simplified_large,run,5000.0,74,0.20937,0.2530210526315789,100000,100
etc_simplified_large,run,5000.0,75,0.29411,0.3392631578947368,100000,100
etc_simplified_large,run,5000.0,76,0.13272,0.1659263157894736,100000,100
etc_simplified_large,run,5000.0,77,0.26408,0.3092421052631579,100000,100
etc_simplified_large,run,5000.0,78,0.22509,0.2652631578947368,100000,100
etc_simplified_large,run,5000.0,79,0.18538,0.2326105263157894,100000,100
etc_simplified_large,run,5000.0,80,0.2992,0.3485578947368421,100000,100
etc_simplified_large,run,5000.0,81,0.20331,0.2407578947368421,100000,100
etc_simplified_large,run,5000.0,82,0.30001,0.3469684210526316,100000,100
etc_simplified_large,run,5000.0,83,0.2143,0.2558947368421053,100000,100
etc_simplified_large,run,5000.0,84,0.39839,0.4500842105263158,100000,100
etc_simplified_large,run,5000.0,85,0.22605,0.2783473684210526,100000,100
etc_simplified_large,run,5000.0,86,0.20062,0.2484736842105263,100000,100
etc_simplified_large,run,5000.0,87,0.15619,0.192178947368421,100000,100
etc_simplified_large,run,5000.0,88,0.24135,0.2890842105263158,100000,100
etc_simplified_large,run,5000.0,89,0.10604,0.1480210526315789,100000,100
etc_simplified_large,run,5000.0,90,0.39523,0.4457263157894737,100000,100
etc_simplified_large,run,5000.0,91,-0.0054,0.0278105263157894,100000,100
etc_simplified_large,run,5000.0,92,0.17536,0.2125578947368421,100000,100
etc_simplified_large,run,5000.0,93,0.2165,0.2642842105263158,100000,100
etc_simplified_large,run,5000.0,94,0.26406,0.3110947368421052,100000,100
etc_simplified_large,run,5000.0,95,0.29205,0.3381684210526315,100000,100
etc_simplified_large,run,5000.0,96,0.21319,0.2567052631578947,100000,100
etc_simplified_large,run,5000.0,97,0.2641,0.3039473684210526,100000,100
etc_simplified_large,run,5000.0,98,0.33255,0.3850105263157894,100000,100
etc_simplified_large,run,5000.0,99,0.3441,0.3932947368421052,100000,100
etc_simplified_large,run,10000.0,0,0.30239,0.3994555555555555,100000,100
etc_simplified_large,run,10000.0,1,0.23037,0.3246333333333333,100000,100
etc_simplified_large,run,10000.0,2,0.15099,0.2284666666666666,100000,100
etc_simplified_large,run,10000.0,3,0.19248,0.2793888888888889,100000,100
etc_simplified_large,run,10000.0,4,0.204,0.2933,100000,100
etc_simplified_large,run,10000.0,5,0.18873,0.2788888888888889,100000,100
etc_simplified_large,run,10000.0,6,0.24098,0.3425888888888889,100000,100
etc_simplified_large,run,10000.0,7,0.11996,0.2108,100000,100
etc_simplified_large,run,10000.0,8,0.21776,0.3084333333333333,100000,100
etc_simplified_large,run,10000.0,9,0.23812,0.3306111111111111,100000,100
etc_simplified_large,run,10000.0,10,0.21095,0.3081444444444444,100000,100
etc_simplified_large,run,10000.0,11,0.18605,0.2776444444444444,100000,100
etc_simplified_large,run,10000.0,12,0.32767,0.4273555555555555,100000,100
etc_simplified_large,run,10000.0,13,0.25769,0.3561666666666667,100000,100
etc_simplified_large,run,10000.0,14,0.2366,0.3375,100000,100
etc_simplified_large,run,10000.0,15,0.31836,0.4245333333333333,100000,100
etc_simplified_large,run,10000.0,16,0.17751,0.2680777777777778,100000,100
etc_simplified_large,run,10000.0,17,0.22816,0.3189,100000,100
etc_simplified_large,run,10000.0,18,0.29841,0.4071,100000,100
etc_simplified_large,run,10000.0,19,0.23045,0.3194222222222222,100000,100
etc_simplified_large,run,10000.0,20,0.25321,0.3490888888888889,100000,100
etc_simplified_large,run,10000.0,21,0.2246,0.3224555555555555,100000,100
etc_simplified_large,run,10000.0,22,0.31036,0.4122222222222222,100000,100
etc_simplified_large,run,10000.0,23,0.1759,0.2601222222222222,100000,100
etc_simplified_large,run,10000.0,24,0.19747,0.2853555555555555,100000,100
etc_simplified_large,run,10000.0,25,0.20459,0.2982222222222222,100000,100
etc_simplified_large,run,10000.0,26,0.21089,0.3095777777777778,100000,100
etc_simplified_large,run,10000.0,27,0.21333,0.3083333333333333,100000,100
etc_simplified_large,run,10000.0,28,0.18175,0.2636888888888888,100000,100
etc_simplified_large,run,10000.0,29,0.26501,0.3687777777777777,100000,100
etc_simplified_large,run,10000.0,30,0.06634,0.1440333333333333,100000,100
etc_simplified_large,run,10000.0,31,0.27869,0.3767222222222222,100000,100
etc_simplified_large,run,10000.0,32,0.19812,0.2823555555555556,100000,100
etc_simplified_large,run,10000.0,33,0.23561,0.3293666666666666,100000,100
etc_simplified_large,run,10000.0,34,0.2062,0.2972555555555555,100000,100
etc_simplified_large,run,10000.0,35,0.26566,0.3717222222222222,100000,100
etc_simplified_large,run,10000.0,36,0.19311,0.2828333333333333,100000,100
etc_simplified_large,run,10000.0,37,0.20991,0.2988333333333333,100000,100
etc_simplified_large,run,10000.0,38,0.25576,0.3486222222222222,100000,100
etc_simplified_large,run,10000.0,39,0.27153,0.3639,100000,100
etc_simplified_large,run,10000.0,40,0.10355,0.1927666666666666,100000,100
etc_simplified_large,run,10000.0,41,0.14654,0.2273444444444444,100000,100
etc_simplified_large,run,10000.0,42,0.21738,0.3113333333333333,100000,100
etc_simplified_large,run,10000.0,43,0.18841,0.2810222222222222,100000,100
etc_simplified_large,run,10000.0,44,0.12255,0.2110777777777777,100000,100
etc_simplified_large,run,10000.0,45,0.10615,0.1934666666666666,100000,100
etc_simplified_large,run,10000.0,46,0.15808,0.2524444444444444,100000,100
etc_simplified_large,run,10000.0,47,0.08813,0.1769666666666666,100000,100
etc_simplified_large,run,10000.0,48,0.10537,0.1899777777777777,100000,100
etc_simplified_large,run,10000.0,49,0.20178,0.2883222222222222,100000,100
etc_simplified_large,run,10000.0,50,0.28542,0.3887111111111111,100000,100
etc_simplified_large,run,10000.0,51,0.28133,0.3925666666666667,100000,100
etc_simplified_large,run,10000.0,52,0.11542,0.1924555555555555,100000,100
etc_simplified_large,run,10000.0,53,0.17334,0.2552888888888889,100000,100
etc_simplified_large,run,10000.0,54,0.32133,0.4205222222222222,100000,100
etc_simplified_large,run,10000.0,55,0.2631,0.3536222222222222,100000,100
etc_simplified_large,run,10000.0,56,0.13392,0.2190333333333333,100000,100
etc_simplified_large,run,10000.0,57,0.25968,0.3533777777777778,100000,100
etc_simplified_large,run,10000.0,58,0.20103,0.2872,100000,100
etc_simplified_large,run,10000.0,59,0.23119,0.3260222222222222,100000,100
etc_simplified_large,run,10000.0,60,0.16836,0.2567555555555555,100000,100
etc_simplified_large,run,10000.0,61,0.23112,0.3246333333333333,100000,100
etc_simplified_large,run,10000.0,62,0.34463,0.4426,100000,100
etc_simplified_large,run,10000.0,63,0.2049,0.3006,100000,100
etc_simplified_large,run,10000.0,64,0.21294,0.2984333333333333,100000,100
etc_simplified_large,run,10000.0,65,0.27319,0.3740666666666666,100000,100
etc_simplified_large,run,10000.0,66,0.25328,0.3443666666666666,100000,100
etc_simplified_large,run,10000.0,67,0.1839,0.2747333333333333,100000,100
etc_simplified_large,run,10000.0,68,0.25294,0.3593,100000,100
etc_simplified_large,run,10000.0,69,0.12132,0.2017444444444444,100000,100
etc_simplified_large,run,10000.0,70,0.29243,0.3969222222222222,100000,100
etc_simplified_large,run,10000.0,71,0.24696,0.3463444444444444,100000,100
etc_simplified_large,run,10000.0,72,0.27767,0.3753444444444444,100000,100
etc_simplified_large,run,10000.0,73,0.26612,0.3634555555555555,100000,100
etc_simplified_large,run,10000.0,74,0.316,0.4105888888888889,100000,100
etc_simplified_large,run,10000.0,75,0.20104,0.2941333333333333,100000,100
etc_simplified_large,run,10000.0,76,0.16364,0.2450777777777777,100000,100
etc_simplified_large,run,10000.0,77,0.17514,0.263,100000,100
etc_simplified_large,run,10000.0,78,0.27977,0.3810222222222222,100000,100
etc_simplified_large,run,10000.0,79,0.22669,0.3196555555555556,100000,100
etc_simplified_large,run,10000.0,80,0.35621,0.4626555555555555,100000,100
etc_simplified_large,run,10000.0,81,0.25083,0.3481111111111111,100000,100
etc_simplified_large,run,10000.0,82,0.25552,0.3438,100000,100
etc_simplified_large,run,10000.0,83,0.19171,0.2700444444444444,100000,100
etc_simplified_large,run,10000.0,84,0.18429,0.2741444444444444,100000,100
etc_simplified_large,run,10000.0,85,0.2549,0.3459888888888889,100000,100
etc_simplified_large,run,10000.0,86,0.20673,0.2978555555555555,100000,100
etc_simplified_large,run,10000.0,87,0.21833,0.3068555555555555,100000,100
etc_simplified_large,run,10000.0,88,0.25391,0.3484,100000,100
etc_simplified_large,run,10000.0,89,0.30621,0.4185444444444444,100000,100
etc_simplified_large,run,10000.0,90,0.20897,0.3013444444444444,100000,100
etc_simplified_large,run,10000.0,91,0.11519,0.1876444444444444,100000,100
etc_simplified_large,run,10000.0,92,0.25614,0.3496222222222222,100000,100
etc_simplified_large,run,10000.0,93,0.23152,0.3269666666666667,100000,100
etc_simplified_large,run,10000.0,94,0.23757,0.3246666666666666,100000,100
etc_simplified_large,run,10000.0,95,0.22013,0.3058333333333333,100000,100
etc_simplified_large,run,10000.0,96,0.1834,0.2737333333333333,100000,100
etc_simplified_large,run,10000.0,97,0.24958,0.3513,100000,100
etc_simplified_large,run,10000.0,98,0.19043,0.2836111111111111,100000,100
etc_simplified_large,run,10000.0,99,0.336,0.4413,100000,100
etc_simplified_large,run,20000.0,0,0.12217,0.3123,100000,100
etc_simplified_large,run,20000.0,1,0.11785,0.3010625,100000,100
etc_simplified_large,run,20000.0,2,0.18925,0.3814125,100000,100
etc_simplified_large,run,20000.0,3,0.13433,0.3255125,100000,100
etc_simplified_large,run,20000.0,4,0.13761,0.3275375,100000,100
etc_simplified_large,run,20000.0,5,0.07794,0.2471125,100000,100
etc_simplified_large,run,20000.0,6,0.09446,0.277475,100000,100
etc_simplified_large,run,20000.0,7,0.18555,0.386075,100000,100
etc_simplified_large,run,20000.0,8,0.05778,0.2402125,100000,100
etc_simplified_large,run,20000.0,9,0.14645,0.31805,100000,100
etc_simplified_large,run,20000.0,10,0.06089,0.22155,100000,100
etc_simplified_large,run,20000.0,11,0.11479,0.2837375,100000,100
etc_simplified_large,run,20000.0,12,0.20327,0.4068,100000,100
etc_simplified_large,run,20000.0,13,0.15995,0.3478875,100000,100
etc_simplified_large,run,20000.0,14,0.18355,0.3724375,100000,100
etc_simplified_large,run,20000.0,15,0.24707,0.4662,100000,100
etc_simplified_large,run,20000.0,16,0.15214,0.3288375,100000,100
etc_simplified_large,run,20000.0,17,0.02313,0.1781625,100000,100
etc_simplified_large,run,20000.0,18,0.13534,0.3185625,100000,100
etc_simplified_large,run,20000.0,19,0.13367,0.3272,100000,100
etc_simplified_large,run,20000.0,20,0.15427,0.342975,100000,100
etc_simplified_large,run,20000.0,21,0.11965,0.30195,100000,100
etc_simplified_large,run,20000.0,22,0.21067,0.4139875,100000,100
etc_simplified_large,run,20000.0,23,0.21006,0.416675,100000,100
etc_simplified_large,run,20000.0,24,0.20166,0.398275,100000,100
etc_simplified_large,run,20000.0,25,0.03064,0.2013625,100000,100
etc_simplified_large,run,20000.0,26,0.22547,0.434875,100000,100
etc_simplified_large,run,20000.0,27,0.12586,0.3159375,100000,100
etc_simplified_large,run,20000.0,28,0.20194,0.410175,100000,100
etc_simplified_large,run,20000.0,29,0.11366,0.3062125,100000,100
etc_simplified_large,run,20000.0,30,0.21137,0.434175,100000,100
etc_simplified_large,run,20000.0,31,0.25411,0.4802625,100000,100
etc_simplified_large,run,20000.0,32,0.04791,0.2161125,100000,100
etc_simplified_large,run,20000.0,33,0.10533,0.2902375,100000,100
etc_simplified_large,run,20000.0,34,0.16968,0.3627375,100000,100
etc_simplified_large,run,20000.0,35,0.05433,0.213025,100000,100
etc_simplified_large,run,20000.0,36,0.12911,0.317525,100000,100
etc_simplified_large,run,20000.0,37,0.11601,0.310625,100000,100
etc_simplified_large,run,20000.0,38,0.14292,0.3239,100000,100
etc_simplified_large,run,20000.0,39,0.22574,0.4347125,100000,100
etc_simplified_large,run,20000.0,40,0.13497,0.3245,100000,100
etc_simplified_large,run,20000.0,41,0.10597,0.2768625,100000,100
etc_simplified_large,run,20000.0,42,0.13953,0.317625,100000,100
etc_simplified_large,run,20000.0,43,0.10552,0.28695,100000,100
etc_simplified_large,run,20000.0,44,0.12374,0.3003875,100000,100
etc_simplified_large,run,20000.0,45,0.12111,0.320975,100000,100
etc_simplified_large,run,20000.0,46,0.15602,0.35415,100000,100
etc_simplified_large,run,20000.0,47,0.12453,0.3169,100000,100
etc_simplified_large,run,20000.0,48,0.22429,0.4393625,100000,100
etc_simplified_large,run,20000.0,49,0.10048,0.2936625,100000,100
etc_simplified_large,run,20000.0,50,0.21324,0.41665,100000,100
etc_simplified_large,run,20000.0,51,0.13085,0.32315,100000,100
etc_simplified_large,run,20000.0,52,0.21833,0.4177125,100000,100
etc_simplified_large,run,20000.0,53,0.07099,0.242825,100000,100
etc_simplified_large,run,20000.0,54,0.21615,0.4202375,100000,100
etc_simplified_large,run,20000.0,55,0.20258,0.394625,100000,100
etc_simplified_large,run,20000.0,56,0.12521,0.31915,100000,100
etc_simplified_large,run,20000.0,57,0.10957,0.2920375,100000,100
etc_simplified_large,run,20000.0,58,0.08176,0.2464875,100000,100
etc_simplified_large,run,20000.0,59,0.14723,0.3263,100000,100
etc_simplified_large,run,20000.0,60,0.15254,0.344825,100000,100
etc_simplified_large,run,20000.0,61,0.11443,0.293575,100000,100
etc_simplified_large,run,20000.0,62,0.14679,0.3421375,100000,100
etc_simplified_large,run,20000.0,63,0.23792,0.4430875,100000,100
etc_simplified_large,run,20000.0,64,0.11022,0.2955625,100000,100
etc_simplified_large,run,20000.0,65,0.21558,0.4212375,100000,100
etc_simplified_large,run,20000.0,66,0.14858,0.354825,100000,100
etc_simplified_large,run,20000.0,67,0.11224,0.2890125,100000,100
etc_simplified_large,run,20000.0,68,0.14878,0.3368875,100000,100
etc_simplified_large,run,20000.0,69,0.11191,0.299475,100000,100
etc_simplified_large,run,20000.0,70,0.05404,0.2337375,100000,100
etc_simplified_large,run,20000.0,71,0.12056,0.3179125,100000,100
etc_simplified_large,run,20000.0,72,0.10981,0.305125,100000,100
etc_simplified_large,run,20000.0,73,0.20929,0.4112625,100000,100
etc_simplified_large,run,20000.0,74,0.09015,0.2739,100000,100
etc_simplified_large,run,20000.0,75,0.1637,0.3589625,100000,100
etc_simplified_large,run,20000.0,76,0.12396,0.316825,100000,100
etc_simplified_large,run,20000.0,77,0.11094,0.2881375,100000,100
etc_simplified_large,run,20000.0,78,0.12795,0.313275,100000,100
etc_simplified_large,run,20000.0,79,0.10702,0.3008875,100000,100
etc_simplified_large,run,20000.0,80,0.13354,0.316475,100000,100
etc_simplified_large,run,20000.0,81,0.1443,0.3397875,100000,100
etc_simplified_large,run,20000.0,82,0.11299,0.301275,100000,100
etc_simplified_large,run,20000.0,83,0.23373,0.4429875,100000,100
etc_simplified_large,run,20000.0,84,0.06214,0.2287625,100000,100
etc_simplified_large,run,20000.0,85,0.12327,0.3123875,100000,100
etc_simplified_large,run,20000.0,86,0.09067,0.2800125,100000,100
etc_simplified_large,run,20000.0,87,0.13089,0.3266625,100000,100
etc_simplified_large,run,20000.0,88,0.15276,0.3500875,100000,100
etc_simplified_large,run,20000.0,89,0.02833,0.1784875,100000,100
etc_simplified_large,run,20000.0,90,0.10794,0.2872375,100000,100
etc_simplified_large,run,20000.0,91,0.16936,0.361475,100000,100
etc_simplified_large,run,20000.0,92,0.13592,0.3117125,100000,100
etc_simplified_large,run,20000.0,93,0.11086,0.2965625,100000,100
etc_simplified_large,run,20000.0,94,0.05103,0.2164625,100000,100
etc_simplified_large,run,20000.0,95,0.07506,0.2581125,100000,100
etc_simplified_large,run,20000.0,96,0.12384,0.302925,100000,100
etc_simplified_large,run,20000.0,97,0.07123,0.2371625,100000,100
etc_simplified_large,run,20000.0,98,0.09767,0.2853875,100000,100
etc_simplified_large,run,20000.0,99,0.18218,0.397625,100000,100
etc_simplified_large,run,40000.0,0,-0.06642,0.30425,100000,100
etc_simplified_large,run,40000.0,1,0.01079,0.4327833333333333,100000,100
etc_simplified_large,run,40000.0,2,-0.11137,0.2116666666666666,100000,100
etc_simplified_large,run,40000.0,3,-0.01104,0.4019166666666666,100000,100
etc_simplified_large,run,40000.0,4,-0.07075,0.3203333333333333,100000,100
etc_simplified_large,run,40000.0,5,-0.06266,0.2799833333333333,100000,100
etc_simplified_large,run,40000.0,6,-0.00641,0.3963166666666666,100000,100
etc_simplified_large,run,40000.0,7,-0.04876,0.3221,100000,100
etc_simplified_large,run,40000.0,8,0.00914,0.4377,100000,100
etc_simplified_large,run,40000.0,9,-0.08215,0.28685,100000,100
etc_simplified_large,run,40000.0,10,-0.05435,0.3281666666666666,100000,100
etc_simplified_large,run,40000.0,11,-0.05589,0.3255,100000,100
etc_simplified_large,run,40000.0,12,-0.07576,0.2942166666666667,100000,100
etc_simplified_large,run,40000.0,13,-0.06097,0.2843666666666666,100000,100
etc_simplified_large,run,40000.0,14,-0.06775,0.2916666666666667,100000,100
etc_simplified_large,run,40000.0,15,-0.02665,0.3466,100000,100
etc_simplified_large,run,40000.0,16,-0.08145,0.3041666666666666,100000,100
etc_simplified_large,run,40000.0,17,-0.06695,0.2859333333333333,100000,100
etc_simplified_large,run,40000.0,18,-0.04885,0.3266166666666666,100000,100
etc_simplified_large,run,40000.0,19,-0.06682,0.3088666666666667,100000,100
etc_simplified_large,run,40000.0,20,-0.06298,0.2934333333333333,100000,100
etc_simplified_large,run,40000.0,21,-0.05684,0.3323,100000,100
etc_simplified_large,run,40000.0,22,-0.06188,0.3087333333333333,100000,100
etc_simplified_large,run,40000.0,23,-0.06871,0.3148833333333333,100000,100
etc_simplified_large,run,40000.0,24,-0.05372,0.32755,100000,100
etc_simplified_large,run,40000.0,25,-0.04323,0.3426166666666667,100000,100
etc_simplified_large,run,40000.0,26,-5e-05,0.3931,100000,100
etc_simplified_large,run,40000.0,27,-0.00794,0.3981666666666666,100000,100
etc_simplified_large,run,40000.0,28,-0.06196,0.3061833333333333,100000,100
etc_simplified_large,run,40000.0,29,-0.04855,0.3410833333333333,100000,100
etc_simplified_large,run,40000.0,30,-0.0889,0.29315,100000,100
etc_simplified_large,run,40000.0,31,-0.04797,0.3292333333333333,100000,100
etc_simplified_large,run,40000.0,32,-0.09753,0.2411333333333333,100000,100
etc_simplified_large,run,40000.0,33,-0.0113,0.3805166666666666,100000,100
etc_simplified_large,run,40000.0,34,-0.04486,0.3203666666666667,100000,100
etc_simplified_large,run,40000.0,35,-0.05096,0.3248666666666667,100000,100
etc_simplified_large,run,40000.0,36,-0.0273,0.345,100000,100
etc_simplified_large,run,40000.0,37,-0.09802,0.2601,100000,100
etc_simplified_large,run,40000.0,38,-0.07989,0.2650666666666667,100000,100
etc_simplified_large,run,40000.0,39,-0.05629,0.2991833333333333,100000,100
etc_simplified_large,run,40000.0,40,-0.05647,0.3543333333333333,100000,100
etc_simplified_large,run,40000.0,41,-0.06081,0.3267333333333333,100000,100
etc_simplified_large,run,40000.0,42,-0.07424,0.30145,100000,100
etc_simplified_large,run,40000.0,43,0.00369,0.45015,100000,100
etc_simplified_large,run,40000.0,44,-0.10652,0.23875,100000,100
etc_simplified_large,run,40000.0,45,-0.05259,0.3332833333333333,100000,100
etc_simplified_large,run,40000.0,46,0.01156,0.4324833333333333,100000,100
etc_simplified_large,run,40000.0,47,-0.04021,0.3558833333333333,100000,100
etc_simplified_large,run,40000.0,48,-0.0653,0.2940666666666666,100000,100
etc_simplified_large,run,40000.0,49,-0.10836,0.2049333333333333,100000,100
etc_simplified_large,run,40000.0,50,0.01869,0.4401166666666666,100000,100
etc_simplified_large,run,40000.0,51,0.00244,0.4105166666666666,100000,100
etc_simplified_large,run,40000.0,52,-0.10758,0.2503166666666667,100000,100
etc_simplified_large,run,40000.0,53,-0.07071,0.3022166666666667,100000,100
etc_simplified_large,run,40000.0,54,-0.08882,0.2617166666666666,100000,100
etc_simplified_large,run,40000.0,55,-0.09139,0.2495833333333333,100000,100
etc_simplified_large,run,40000.0,56,-0.04419,0.3191833333333333,100000,100
etc_simplified_large,run,40000.0,57,-0.04072,0.3441833333333333,100000,100
etc_simplified_large,run,40000.0,58,0.02181,0.4535333333333333,100000,100
etc_simplified_large,run,40000.0,59,-0.05622,0.2976666666666667,100000,100
etc_simplified_large,run,40000.0,60,-0.05895,0.3208833333333333,100000,100
etc_simplified_large,run,40000.0,61,-0.07242,0.3063333333333333,100000,100
etc_simplified_large,run,40000.0,62,-0.06919,0.3148,100000,100
etc_simplified_large,run,40000.0,63,-0.07584,0.29545,100000,100
etc_simplified_large,run,40000.0,64,-0.1209,0.2215166666666666,100000,100
etc_simplified_large,run,40000.0,65,-0.07266,0.3122166666666666,100000,100
etc_simplified_large,run,40000.0,66,-0.00382,0.41435,100000,100
etc_simplified_large,run,40000.0,67,-0.07345,0.2793166666666666,100000,100
etc_simplified_large,run,40000.0,68,0.03677,0.4338166666666667,100000,100
etc_simplified_large,run,40000.0,69,-0.08406,0.2990666666666666,100000,100
etc_simplified_large,run,40000.0,70,-0.07992,0.2804333333333333,100000,100
etc_simplified_large,run,40000.0,71,-0.07773,0.2743,100000,100
etc_simplified_large,run,40000.0,72,-0.08311,0.30025,100000,100
etc_simplified_large,run,40000.0,73,-0.04616,0.3198833333333333,100000,100
etc_simplified_large,run,40000.0,74,-0.06089,0.3232166666666666,100000,100
etc_simplified_large,run,40000.0,75,0.00288,0.4151833333333333,100000,100
etc_simplified_large,run,40000.0,76,-0.00186,0.42635,100000,100
etc_simplified_large,run,40000.0,77,-0.05617,0.3237,100000,100
etc_simplified_large,run,40000.0,78,-0.0353,0.35065,100000,100
etc_simplified_large,run,40000.0,79,-0.06461,0.3084666666666666,100000,100
etc_simplified_large,run,40000.0,80,-0.00902,0.3986,100000,100
etc_simplified_large,run,40000.0,81,-0.04728,0.3043666666666667,100000,100
etc_simplified_large,run,40000.0,82,-0.08191,0.2859833333333333,100000,100
etc_simplified_large,run,40000.0,83,-0.09314,0.2574833333333333,100000,100
etc_simplified_large,run,40000.0,84,-0.11866,0.2335,100000,100
etc_simplified_large,run,40000.0,85,-0.05664,0.3274,100000,100
etc_simplified_large,run,40000.0,86,-0.06767,0.3171166666666666,100000,100
etc_simplified_large,run,40000.0,87,-0.0709,0.30315,100000,100
etc_simplified_large,run,40000.0,88,-0.10396,0.2550166666666666,100000,100
etc_simplified_large,run,40000.0,89,-0.07119,0.2840833333333333,100000,100
etc_simplified_large,run,40000.0,90,-0.0542,0.31815,100000,100
etc_simplified_large,run,40000.0,91,-0.07975,0.2885666666666667,100000,100
etc_simplified_large,run,40000.0,92,-0.06423,0.3141833333333333,100000,100
etc_simplified_large,run,40000.0,93,-0.0043,0.4213333333333333,100000,100
etc_simplified_large,run,40000.0,94,0.00128,0.3959166666666666,100000,100
etc_simplified_large,run,40000.0,95,-0.05662,0.32155,100000,100
etc_simplified_large,run,40000.0,96,-0.03904,0.3029333333333333,100000,100
etc_simplified_large,run,40000.0,97,-0.01902,0.3862,100000,100
etc_simplified_large,run,40000.0,98,-0.03951,0.3384166666666666,100000,100
etc_simplified_large,run,40000.0,99,0.00087,0.4121333333333333,100000,100
etc_simplified_large,run,60000.0,0,-0.23398,0.33115,100000,100
etc_simplified_large,run,60000.0,1,-0.25526,0.2912,100000,100
etc_simplified_large,run,60000.0,2,-0.23149,0.374575,100000,100
etc_simplified_large,run,60000.0,3,-0.26402,0.277775,100000,100
etc_simplified_large,run,60000.0,4,-0.17259,0.480925,100000,100
etc_simplified_large,run,60000.0,5,-0.24357,0.324875,100000,100
etc_simplified_large,run,60000.0,6,-0.25078,0.2994,100000,100
etc_simplified_large,run,60000.0,7,-0.25162,0.285675,100000,100
etc_simplified_large,run,60000.0,8,-0.26619,0.25315,100000,100
etc_simplified_large,run,60000.0,9,-0.25153,0.3308,100000,100
etc_simplified_large,run,60000.0,10,-0.24709,0.28005,100000,100
etc_simplified_large,run,60000.0,11,-0.24536,0.32445,100000,100
etc_simplified_large,run,60000.0,12,-0.22407,0.396425,100000,100
etc_simplified_large,run,60000.0,13,-0.26506,0.283575,100000,100
etc_simplified_large,run,60000.0,14,-0.25016,0.330725,100000,100
etc_simplified_large,run,60000.0,15,-0.18262,0.419975,100000,100
etc_simplified_large,run,60000.0,16,-0.24245,0.266075,100000,100
etc_simplified_large,run,60000.0,17,-0.24594,0.309325,100000,100
etc_simplified_large,run,60000.0,18,-0.20422,0.427875,100000,100
etc_simplified_large,run,60000.0,19,-0.27222,0.25445,100000,100
etc_simplified_large,run,60000.0,20,-0.25315,0.326,100000,100
etc_simplified_large,run,60000.0,21,-0.25209,0.29495,100000,100
etc_simplified_large,run,60000.0,22,-0.19509,0.4426,100000,100
etc_simplified_large,run,60000.0,23,-0.26425,0.273925,100000,100
etc_simplified_large,run,60000.0,24,-0.23352,0.33495,100000,100
etc_simplified_large,run,60000.0,25,-0.26775,0.284725,100000,100
etc_simplified_large,run,60000.0,26,-0.25264,0.3537,100000,100
etc_simplified_large,run,60000.0,27,-0.26797,0.30475,100000,100
etc_simplified_large,run,60000.0,28,-0.25811,0.266,100000,100
etc_simplified_large,run,60000.0,29,-0.25209,0.271975,100000,100
etc_simplified_large,run,60000.0,30,-0.25709,0.2879,100000,100
etc_simplified_large,run,60000.0,31,-0.21708,0.357,100000,100
etc_simplified_large,run,60000.0,32,-0.22414,0.368975,100000,100
etc_simplified_large,run,60000.0,33,-0.26272,0.2769,100000,100
etc_simplified_large,run,60000.0,34,-0.23033,0.321025,100000,100
etc_simplified_large,run,60000.0,35,-0.26827,0.260775,100000,100
etc_simplified_large,run,60000.0,36,-0.21392,0.36555,100000,100
etc_simplified_large,run,60000.0,37,-0.25854,0.270125,100000,100
etc_simplified_large,run,60000.0,38,-0.25416,0.2851,100000,100
etc_simplified_large,run,60000.0,39,-0.25534,0.2416,100000,100
etc_simplified_large,run,60000.0,40,-0.24934,0.328175,100000,100
etc_simplified_large,run,60000.0,41,-0.26539,0.30835,100000,100
etc_simplified_large,run,60000.0,42,-0.29107,0.22745,100000,100
etc_simplified_large,run,60000.0,43,-0.26358,0.2838,100000,100
etc_simplified_large,run,60000.0,44,-0.24558,0.2741,100000,100
etc_simplified_large,run,60000.0,45,-0.23682,0.3317,100000,100
etc_simplified_large,run,60000.0,46,-0.26576,0.30335,100000,100
etc_simplified_large,run,60000.0,47,-0.21629,0.4227,100000,100
etc_simplified_large,run,60000.0,48,-0.25673,0.32825,100000,100
etc_simplified_large,run,60000.0,49,-0.25053,0.3068,100000,100
etc_simplified_large,run,60000.0,50,-0.25223,0.288575,100000,100
etc_simplified_large,run,60000.0,51,-0.24298,0.322425,100000,100
etc_simplified_large,run,60000.0,52,-0.22638,0.3065,100000,100
etc_simplified_large,run,60000.0,53,-0.22808,0.352025,100000,100
etc_simplified_large,run,60000.0,54,-0.25215,0.291025,100000,100
etc_simplified_large,run,60000.0,55,-0.23139,0.304275,100000,100
etc_simplified_large,run,60000.0,56,-0.21284,0.389875,100000,100
etc_simplified_large,run,60000.0,57,-0.2349,0.3267,100000,100
etc_simplified_large,run,60000.0,58,-0.2683,0.260475,100000,100
etc_simplified_large,run,60000.0,59,-0.19601,0.42355,100000,100
etc_simplified_large,run,60000.0,60,-0.26746,0.3018,100000,100
etc_simplified_large,run,60000.0,61,-0.23908,0.320125,100000,100
etc_simplified_large,run,60000.0,62,-0.24932,0.30895,100000,100
etc_simplified_large,run,60000.0,63,-0.2294,0.3499,100000,100
etc_simplified_large,run,60000.0,64,-0.20906,0.379075,100000,100
etc_simplified_large,run,60000.0,65,-0.25316,0.32175,100000,100
etc_simplified_large,run,60000.0,66,-0.24058,0.2899,100000,100
etc_simplified_large,run,60000.0,67,-0.26028,0.282775,100000,100
etc_simplified_large,run,60000.0,68,-0.24905,0.29195,100000,100
etc_simplified_large,run,60000.0,69,-0.25913,0.293575,100000,100
etc_simplified_large,run,60000.0,70,-0.27086,0.247275,100000,100
etc_simplified_large,run,60000.0,71,-0.19896,0.39965,100000,100
etc_simplified_large,run,60000.0,72,-0.24219,0.294075,100000,100
etc_simplified_large,run,60000.0,73,-0.27405,0.291825,100000,100
etc_simplified_large,run,60000.0,74,-0.2914,0.206075,100000,100
etc_simplified_large,run,60000.0,75,-0.28302,0.222125,100000,100
etc_simplified_large,run,60000.0,76,-0.24068,0.33205,100000,100
etc_simplified_large,run,60000.0,77,-0.22944,0.35195,100000,100
etc_simplified_large,run,60000.0,78,-0.23408,0.32185,100000,100
etc_simplified_large,run,60000.0,79,-0.16452,0.486225,100000,100
etc_simplified_large,run,60000.0,80,-0.25058,0.324875,100000,100
etc_simplified_large,run,60000.0,81,-0.24596,0.26425,100000,100
etc_simplified_large,run,60000.0,82,-0.18689,0.44505,100000,100
etc_simplified_large,run,60000.0,83,-0.24911,0.288425,100000,100
etc_simplified_large,run,60000.0,84,-0.23848,0.26985,100000,100
etc_simplified_large,run,60000.0,85,-0.26444,0.296975,100000,100
etc_simplified_large,run,60000.0,86,-0.26972,0.2601,100000,100
etc_simplified_large,run,60000.0,87,-0.2122,0.370875,100000,100
etc_simplified_large,run,60000.0,88,-0.26046,0.26985,100000,100
etc_simplified_large,run,60000.0,89,-0.25642,0.304925,100000,100
etc_simplified_large,run,60000.0,90,-0.26548,0.29,100000,100
etc_simplified_large,run,60000.0,91,-0.2038,0.4329,100000,100
etc_simplified_large,run,60000.0,92,-0.26932,0.2833,100000,100
etc_simplified_large,run,60000.0,93,-0.17091,0.469725,100000,100
etc_simplified_large,run,60000.0,94,-0.24916,0.2939,100000,100
etc_simplified_large,run,60000.0,95,-0.23937,0.317625,100000,100
etc_simplified_large,run,60000.0,96,-0.24365,0.311425,100000,100
etc_simplified_large,run,60000.0,97,-0.25227,0.279,100000,100
etc_simplified_large,run,60000.0,98,-0.18777,0.459425,100000,100
etc_simplified_large,run,60000.0,99,-0.25173,0.3073,100000,100
etc_simplified_large,run,80000.0,0,-0.39883,0.34425,100000,100
etc_simplified_large,run,80000.0,1,-0.38245,0.4544,100000,100
etc_simplified_large,run,80000.0,2,-0.40162,0.4616,100000,100
etc_simplified_large,run,80000.0,3,-0.41384,0.2926,100000,100
etc_simplified_large,run,80000.0,4,-0.44891,0.31545,100000,100
etc_simplified_large,run,80000.0,5,-0.43955,0.34105,100000,100
etc_simplified_large,run,80000.0,6,-0.40009,0.39015,100000,100
etc_simplified_large,run,80000.0,7,-0.44538,0.3014,100000,100
etc_simplified_large,run,80000.0,8,-0.45903,0.25205,100000,100
etc_simplified_large,run,80000.0,9,-0.44457,0.23435,100000,100
etc_simplified_large,run,80000.0,10,-0.40565,0.44405,100000,100
etc_simplified_large,run,80000.0,11,-0.40604,0.4251,100000,100
etc_simplified_large,run,80000.0,12,-0.41761,0.401,100000,100
etc_simplified_large,run,80000.0,13,-0.43906,0.2294,100000,100
etc_simplified_large,run,80000.0,14,-0.4697,0.27095,100000,100
etc_simplified_large,run,80000.0,15,-0.43382,0.2501,100000,100
etc_simplified_large,run,80000.0,16,-0.45653,0.24925,100000,100
etc_simplified_large,run,80000.0,17,-0.43135,0.2931,100000,100
etc_simplified_large,run,80000.0,18,-0.4377,0.31855,100000,100
etc_simplified_large,run,80000.0,19,-0.40896,0.3342,100000,100
etc_simplified_large,run,80000.0,20,-0.45364,0.27225,100000,100
etc_simplified_large,run,80000.0,21,-0.41147,0.4509,100000,100
etc_simplified_large,run,80000.0,22,-0.41361,0.3248,100000,100
etc_simplified_large,run,80000.0,23,-0.42673,0.34165,100000,100
etc_simplified_large,run,80000.0,24,-0.43718,0.2538,100000,100
etc_simplified_large,run,80000.0,25,-0.43878,0.3316,100000,100
etc_simplified_large,run,80000.0,26,-0.43414,0.3133,100000,100
etc_simplified_large,run,80000.0,27,-0.40762,0.3398,100000,100
etc_simplified_large,run,80000.0,28,-0.42572,0.25335,100000,100
etc_simplified_large,run,80000.0,29,-0.43378,0.16425,100000,100
etc_simplified_large,run,80000.0,30,-0.40224,0.4454,100000,100
etc_simplified_large,run,80000.0,31,-0.44182,0.3057,100000,100
etc_simplified_large,run,80000.0,32,-0.44391,0.3358,100000,100
etc_simplified_large,run,80000.0,33,-0.43756,0.2802,100000,100
etc_simplified_large,run,80000.0,34,-0.43947,0.2901,100000,100
etc_simplified_large,run,80000.0,35,-0.45251,0.24715,100000,100
etc_simplified_large,run,80000.0,36,-0.40558,0.44985,100000,100
etc_simplified_large,run,80000.0,37,-0.45261,0.27185,100000,100
etc_simplified_large,run,80000.0,38,-0.4308,0.2945,100000,100
etc_simplified_large,run,80000.0,39,-0.44305,0.27865,100000,100
etc_simplified_large,run,80000.0,40,-0.42736,0.3196,100000,100
etc_simplified_large,run,80000.0,41,-0.41476,0.3069,100000,100
etc_simplified_large,run,80000.0,42,-0.38976,0.46955,100000,100
etc_simplified_large,run,80000.0,43,-0.41247,0.40105,100000,100
etc_simplified_large,run,80000.0,44,-0.45293,0.3245,100000,100
etc_simplified_large,run,80000.0,45,-0.43821,0.2466,100000,100
etc_simplified_large,run,80000.0,46,-0.46077,0.2956,100000,100
etc_simplified_large,run,80000.0,47,-0.45906,0.19565,100000,100
etc_simplified_large,run,80000.0,48,-0.41218,0.3266,100000,100
etc_simplified_large,run,80000.0,49,-0.40345,0.44495,100000,100
etc_simplified_large,run,80000.0,50,-0.42533,0.337,100000,100
etc_simplified_large,run,80000.0,51,-0.44096,0.3867,100000,100
etc_simplified_large,run,80000.0,52,-0.45425,0.26,100000,100
etc_simplified_large,run,80000.0,53,-0.44757,0.26835,100000,100
etc_simplified_large,run,80000.0,54,-0.44974,0.3182,100000,100
etc_simplified_large,run,80000.0,55,-0.44432,0.3252,100000,100
etc_simplified_large,run,80000.0,56,-0.44369,0.2176,100000,100
etc_simplified_large,run,80000.0,57,-0.43727,0.31005,100000,100
etc_simplified_large,run,80000.0,58,-0.45062,0.25685,100000,100
etc_simplified_large,run,80000.0,59,-0.43629,0.312,100000,100
etc_simplified_large,run,80000.0,60,-0.41241,0.36765,100000,100
etc_simplified_large,run,80000.0,61,-0.39461,0.4083,100000,100
etc_simplified_large,run,80000.0,62,-0.42636,0.31725,100000,100
etc_simplified_large,run,80000.0,63,-0.42912,0.2874,100000,100
etc_simplified_large,run,80000.0,64,-0.43896,0.3322,100000,100
etc_simplified_large,run,80000.0,65,-0.43022,0.3235,100000,100
etc_simplified_large,run,80000.0,66,-0.41191,0.4122,100000,100
etc_simplified_large,run,80000.0,67,-0.41009,0.32615,100000,100
etc_simplified_large,run,80000.0,68,-0.41723,0.3629,100000,100
etc_simplified_large,run,80000.0,69,-0.43377,0.32395,100000,100
etc_simplified_large,run,80000.0,70,-0.3805,0.5402,100000,100
etc_simplified_large,run,80000.0,71,-0.4428,0.33645,100000,100
etc_simplified_large,run,80000.0,72,-0.42966,0.27925,100000,100
etc_simplified_large,run,80000.0,73,-0.42527,0.3637,100000,100
etc_simplified_large,run,80000.0,74,-0.42492,0.34175,100000,100
etc_simplified_large,run,80000.0,75,-0.43395,0.3004,100000,100
etc_simplified_large,run,80000.0,76,-0.39938,0.4541,100000,100
etc_simplified_large,run,80000.0,77,-0.43392,0.274,100000,100
etc_simplified_large,run,80000.0,78,-0.43091,0.2622,100000,100
etc_simplified_large,run,80000.0,79,-0.40853,0.43925,100000,100
etc_simplified_large,run,80000.0,80,-0.43509,0.2996,100000,100
etc_simplified_large,run,80000.0,81,-0.46749,0.21325,100000,100
etc_simplified_large,run,80000.0,82,-0.40908,0.47005,100000,100
etc_simplified_large,run,80000.0,83,-0.43574,0.32705,100000,100
etc_simplified_large,run,80000.0,84,-0.40061,0.41785,100000,100
etc_simplified_large,run,80000.0,85,-0.44227,0.30495,100000,100
etc_simplified_large,run,80000.0,86,-0.4296,0.273,100000,100
etc_simplified_large,run,80000.0,87,-0.4481,0.2889,100000,100
etc_simplified_large,run,80000.0,88,-0.41702,0.329,100000,100
etc_simplified_large,run,80000.0,89,-0.42249,0.3184,100000,100
etc_simplified_large,run,80000.0,90,-0.44656,0.31265,100000,100
etc_simplified_large,run,80000.0,91,-0.4393,0.24105,100000,100
etc_simplified_large,run,80000.0,92,-0.39406,0.5012,100000,100
etc_simplified_large,run,80000.0,93,-0.42491,0.3825,100000,100
etc_simplified_large,run,80000.0,94,-0.41426,0.3334,100000,100
etc_simplified_large,run,80000.0,95,-0.44789,0.2982,100000,100
etc_simplified_large,run,80000.0,96,-0.41033,0.2867,100000,100
etc_simplified_large,run,80000.0,97,-0.45606,0.28,100000,100
etc_simplified_large,run,80000.0,98,-0.45028,0.2671,100000,100
etc_simplified_large,run,80000.0,99,-0.4103,0.43235,100000,100
etc_simplified_cfr_large,run,100.0,0,-0.27387,-0.2741241241241241,100000,100
etc_simplified_cfr_large,run,100.0,1,-0.52488,-0.5254854854854855,100000,100
etc_simplified_cfr_large,run,100.0,2,-0.542,-0.5426126126126126,100000,100
etc_simplified_cfr_large,run,100.0,3,0.09546,0.0953653653653653,100000,100
etc_simplified_cfr_large,run,100.0,4,-0.65769,-0.6585085085085085,100000,100
etc_simplified_cfr_large,run,100.0,5,-0.06778,-0.0677477477477477,100000,100
etc_simplified_cfr_large,run,100.0,6,-0.48504,-0.4857657657657657,100000,100
etc_simplified_cfr_large,run,100.0,7,-0.34878,-0.3488688688688688,100000,100
etc_simplified_cfr_large,run,100.0,8,0.16456,0.1648348348348348,100000,100
etc_simplified_cfr_large,run,100.0,9,-0.73589,-0.7364764764764765,100000,100
etc_simplified_cfr_large,run,100.0,10,-0.23066,-0.2308408408408408,100000,100
etc_simplified_cfr_large,run,100.0,11,-0.50316,-0.5036736736736737,100000,100
etc_simplified_cfr_large,run,100.0,12,-0.64321,-0.644064064064064,100000,100
etc_simplified_cfr_large,run,100.0,13,-0.1796,-0.1802302302302302,100000,100
etc_simplified_cfr_large,run,100.0,14,-0.26011,-0.2603503503503503,100000,100
etc_simplified_cfr_large,run,100.0,15,-0.30524,-0.3057157157157157,100000,100
etc_simplified_cfr_large,run,100.0,16,-0.07991,-0.0796996996996997,100000,100
etc_simplified_cfr_large,run,100.0,17,-0.55353,-0.5543743743743744,100000,100
etc_simplified_cfr_large,run,100.0,18,-0.3463,-0.3470570570570571,100000,100
etc_simplified_cfr_large,run,100.0,19,-0.43063,-0.4315315315315315,100000,100
etc_simplified_cfr_large,run,100.0,20,-0.36761,-0.3678878878878879,100000,100
etc_simplified_cfr_large,run,100.0,21,-0.29497,-0.2949649649649649,100000,100
etc_simplified_cfr_large,run,100.0,22,-0.39957,-0.4003103103103103,100000,100
etc_simplified_cfr_large,run,100.0,23,-0.97475,-0.9757557557557558,100000,100
etc_simplified_cfr_large,run,100.0,24,-0.5003,-0.5009309309309309,100000,100
etc_simplified_cfr_large,run,100.0,25,-0.38495,-0.3861961961961962,100000,100
etc_simplified_cfr_large,run,100.0,26,-0.53664,-0.5365065065065066,100000,100
etc_simplified_cfr_large,run,100.0,27,-0.1201,-0.1206306306306306,100000,100
etc_simplified_cfr_large,run,100.0,28,-0.78606,-0.786946946946947,100000,100
etc_simplified_cfr_large,run,100.0,29,-0.37165,-0.3722722722722723,100000,100
etc_simplified_cfr_large,run,100.0,30,-0.08905,-0.0893793793793793,100000,100
etc_simplified_cfr_large,run,100.0,31,-0.00385,-0.0039139139139139,100000,100
etc_simplified_cfr_large,run,100.0,32,-0.07918,-0.0793693693693693,100000,100
etc_simplified_cfr_large,run,100.0,33,-0.05423,-0.0545745745745745,100000,100
etc_simplified_cfr_large,run,100.0,34,-0.45017,-0.450990990990991,100000,100
etc_simplified_cfr_large,run,100.0,35,-0.92712,-0.9276876876876876,100000,100
etc_simplified_cfr_large,run,100.0,36,-0.15083,-0.1508008008008008,100000,100
etc_simplified_cfr_large,run,100.0,37,0.1306,0.1308608608608608,100000,100
etc_simplified_cfr_large,run,100.0,38,0.04212,0.0425225225225225,100000,100
etc_simplified_cfr_large,run,100.0,39,-0.33197,-0.3324524524524525,100000,100
etc_simplified_cfr_large,run,100.0,40,-0.09526,-0.0946546546546546,100000,100
etc_simplified_cfr_large,run,100.0,41,-0.43594,-0.4365265265265265,100000,100
etc_simplified_cfr_large,run,100.0,42,0.09065,0.0909109109109109,100000,100
etc_simplified_cfr_large,run,100.0,43,-0.22655,-0.2267167167167167,100000,100
etc_simplified_cfr_large,run,100.0,44,-0.49899,-0.5001901901901902,100000,100
etc_simplified_cfr_large,run,100.0,45,-0.30628,-0.3068268268268268,100000,100
etc_simplified_cfr_large,run,100.0,46,-1.0198,-1.0205305305305306,100000,100
etc_simplified_cfr_large,run,100.0,47,-0.39414,-0.3944044044044044,100000,100
etc_simplified_cfr_large,run,100.0,48,0.07734,0.0772672672672672,100000,100
etc_simplified_cfr_large,run,100.0,49,-0.46126,-0.4618818818818819,100000,100
etc_simplified_cfr_large,run,100.0,50,-0.06663,-0.0666466466466466,100000,100
etc_simplified_cfr_large,run,100.0,51,0.12892,0.1294494494494494,100000,100
etc_simplified_cfr_large,run,100.0,52,-0.31457,-0.3155655655655656,100000,100
etc_simplified_cfr_large,run,100.0,53,-0.63067,-0.6313413413413413,100000,100
etc_simplified_cfr_large,run,100.0,54,-1.13357,-1.1347947947947947,100000,100
etc_simplified_cfr_large,run,100.0,55,-0.61523,-0.6157557557557558,100000,100
etc_simplified_cfr_large,run,100.0,56,-0.69436,-0.6953053053053053,100000,100
etc_simplified_cfr_large,run,100.0,57,-0.66465,-0.6647747747747748,100000,100
etc_simplified_cfr_large,run,100.0,58,-0.13315,-0.1337237237237237,100000,100
etc_simplified_cfr_large,run,100.0,59,-0.16405,-0.1639539539539539,100000,100
etc_simplified_cfr_large,run,100.0,60,-0.86758,-0.8685685685685686,100000,100
etc_simplified_cfr_large,run,100.0,61,-0.96423,-0.9645045045045044,100000,100
etc_simplified_cfr_large,run,100.0,62,-0.57029,-0.5713113113113113,100000,100
etc_simplified_cfr_large,run,100.0,63,-0.58774,-0.5880680680680681,100000,100
etc_simplified_cfr_large,run,100.0,64,-0.43525,-0.436006006006006,100000,100
etc_simplified_cfr_large,run,100.0,65,-0.29469,-0.2953453453453453,100000,100
etc_simplified_cfr_large,run,100.0,66,-0.132,-0.1323223223223223,100000,100
etc_simplified_cfr_large,run,100.0,67,-0.40799,-0.4082282282282282,100000,100
etc_simplified_cfr_large,run,100.0,68,-0.14171,-0.1425825825825825,100000,100
etc_simplified_cfr_large,run,100.0,69,-0.46006,-0.4607007007007007,100000,100
etc_simplified_cfr_large,run,100.0,70,0.01761,0.0177577577577577,100000,100
etc_simplified_cfr_large,run,100.0,71,-0.56287,-0.5636336336336336,100000,100
etc_simplified_cfr_large,run,100.0,72,-0.61476,-0.6155455455455455,100000,100
etc_simplified_cfr_large,run,100.0,73,-0.85848,-0.8595095095095096,100000,100
etc_simplified_cfr_large,run,100.0,74,-0.55411,-0.5545345345345345,100000,100
etc_simplified_cfr_large,run,100.0,75,-0.35899,-0.3587987987987988,100000,100
etc_simplified_cfr_large,run,100.0,76,-0.65928,-0.6597997997997997,100000,100
etc_simplified_cfr_large,run,100.0,77,0.04293,0.043063063063063,100000,100
etc_simplified_cfr_large,run,100.0,78,-0.25853,-0.2592892892892893,100000,100
etc_simplified_cfr_large,run,100.0,79,-0.13884,-0.1389289289289289,100000,100
etc_simplified_cfr_large,run,100.0,80,-0.45752,-0.4578078078078078,100000,100
etc_simplified_cfr_large,run,100.0,81,-0.18117,-0.1807707707707707,100000,100
etc_simplified_cfr_large,run,100.0,82,-0.75063,-0.750940940940941,100000,100
etc_simplified_cfr_large,run,100.0,83,-0.4227,-0.4233133133133133,100000,100
etc_simplified_cfr_large,run,100.0,84,-0.28496,-0.2854254254254254,100000,100
etc_simplified_cfr_large,run,100.0,85,0.03378,0.0341141141141141,100000,100
etc_simplified_cfr_large,run,100.0,86,0.10235,0.1022122122122122,100000,100
etc_simplified_cfr_large,run,100.0,87,-0.07855,-0.078998998998999,100000,100
etc_simplified_cfr_large,run,100.0,88,-0.14038,-0.1404504504504504,100000,100
etc_simplified_cfr_large,run,100.0,89,-0.35792,-0.358028028028028,100000,100
etc_simplified_cfr_large,run,100.0,90,-0.64164,-0.6427727727727728,100000,100
etc_simplified_cfr_large,run,100.0,91,-0.719,-0.7195495495495495,100000,100
etc_simplified_cfr_large,run,100.0,92,-0.57341,-0.5740440440440441,100000,100
etc_simplified_cfr_large,run,100.0,93,-0.40423,-0.4047747747747747,100000,100
etc_simplified_cfr_large,run,100.0,94,-0.26715,-0.2677277277277277,100000,100
etc_simplified_cfr_large,run,100.0,95,-0.67803,-0.6792392392392392,100000,100
etc_simplified_cfr_large,run,100.0,96,-0.25333,-0.2531531531531532,100000,100
etc_simplified_cfr_large,run,100.0,97,-0.66728,-0.6684184184184184,100000,100
etc_simplified_cfr_large,run,100.0,98,0.00756,0.0074274274274274,100000,100
etc_simplified_cfr_large,run,100.0,99,0.06967,0.0697397397397397,100000,100
etc_simplified_cfr_large,run,500.0,0,0.134,0.1345326633165829,100000,100
etc_simplified_cfr_large,run,500.0,1,0.07329,0.0732060301507537,100000,100
etc_simplified_cfr_large,run,500.0,2,-0.16449,-0.1648140703517588,100000,100
etc_simplified_cfr_large,run,500.0,3,-0.24838,-0.2492361809045226,100000,100
etc_simplified_cfr_large,run,500.0,4,-0.61509,-0.618251256281407,100000,100
etc_simplified_cfr_large,run,500.0,5,-0.06196,-0.061859296482412,100000,100
etc_simplified_cfr_large,run,500.0,6,0.02391,0.024110552763819,100000,100
etc_simplified_cfr_large,run,500.0,7,0.10837,0.1081909547738693,100000,100
etc_simplified_cfr_large,run,500.0,8,-0.13777,-0.1391055276381909,100000,100
etc_simplified_cfr_large,run,500.0,9,-0.26421,-0.2666331658291457,100000,100
etc_simplified_cfr_large,run,500.0,10,-0.17279,-0.1731758793969849,100000,100
etc_simplified_cfr_large,run,500.0,11,-0.14119,-0.1417587939698492,100000,100
etc_simplified_cfr_large,run,500.0,12,-0.38624,-0.3880100502512563,100000,100
etc_simplified_cfr_large,run,500.0,13,-0.13547,-0.1381206030150753,100000,100
etc_simplified_cfr_large,run,500.0,14,-0.25385,-0.2558994974874372,100000,100
etc_simplified_cfr_large,run,500.0,15,-0.19199,-0.1911658291457286,100000,100
etc_simplified_cfr_large,run,500.0,16,-0.62402,-0.6263417085427135,100000,100
etc_simplified_cfr_large,run,500.0,17,-0.28036,-0.2821809045226131,100000,100
etc_simplified_cfr_large,run,500.0,18,-0.35242,-0.3531658291457286,100000,100
etc_simplified_cfr_large,run,500.0,19,-0.52898,-0.5309949748743719,100000,100
etc_simplified_cfr_large,run,500.0,20,-0.32757,-0.3284422110552764,100000,100
etc_simplified_cfr_large,run,500.0,21,-0.84634,-0.850894472361809,100000,100
etc_simplified_cfr_large,run,500.0,22,-0.11985,-0.1206030150753768,100000,100
etc_simplified_cfr_large,run,500.0,23,-0.26147,-0.2624522613065326,100000,100
etc_simplified_cfr_large,run,500.0,24,-0.36269,-0.3646834170854271,100000,100
etc_simplified_cfr_large,run,500.0,25,0.15347,0.1537185929648241,100000,100
etc_simplified_cfr_large,run,500.0,26,-0.20243,-0.2035276381909547,100000,100
etc_simplified_cfr_large,run,500.0,27,0.06703,0.0680703517587939,100000,100
etc_simplified_cfr_large,run,500.0,28,-0.23348,-0.2350351758793969,100000,100
etc_simplified_cfr_large,run,500.0,29,-0.43661,-0.4388643216080402,100000,100
etc_simplified_cfr_large,run,500.0,30,-0.50903,-0.5114974874371859,100000,100
etc_simplified_cfr_large,run,500.0,31,-0.19991,-0.2015477386934673,100000,100
etc_simplified_cfr_large,run,500.0,32,-0.23891,-0.239678391959799,100000,100
etc_simplified_cfr_large,run,500.0,33,-0.52631,-0.5288241206030151,100000,100
etc_simplified_cfr_large,run,500.0,34,0.20203,0.2024120603015075,100000,100
etc_simplified_cfr_large,run,500.0,35,0.01782,0.0172060301507537,100000,100
etc_simplified_cfr_large,run,500.0,36,-0.01303,-0.0123417085427135,100000,100
etc_simplified_cfr_large,run,500.0,37,-0.1307,-0.1305226130653266,100000,100
etc_simplified_cfr_large,run,500.0,38,0.07098,0.0714170854271356,100000,100
etc_simplified_cfr_large,run,500.0,39,0.10327,0.1045628140703517,100000,100
etc_simplified_cfr_large,run,500.0,40,0.03455,0.0338894472361809,100000,100
etc_simplified_cfr_large,run,500.0,41,0.07751,0.0775979899497487,100000,100
etc_simplified_cfr_large,run,500.0,42,-0.29043,-0.2910954773869347,100000,100
etc_simplified_cfr_large,run,500.0,43,-0.07618,-0.0773969849246231,100000,100
etc_simplified_cfr_large,run,500.0,44,-0.42125,-0.4229949748743719,100000,100
etc_simplified_cfr_large,run,500.0,45,-0.31721,-0.3187738693467337,100000,100
etc_simplified_cfr_large,run,500.0,46,0.0501,0.0506130653266331,100000,100
etc_simplified_cfr_large,run,500.0,47,-0.44021,-0.4420402010050251,100000,100
etc_simplified_cfr_large,run,500.0,48,-0.16938,-0.169929648241206,100000,100
etc_simplified_cfr_large,run,500.0,49,0.02992,0.0299497487437185,100000,100
etc_simplified_cfr_large,run,500.0,50,-0.18048,-0.180251256281407,100000,100
etc_simplified_cfr_large,run,500.0,51,-0.03886,-0.0391758793969849,100000,100
etc_simplified_cfr_large,run,500.0,52,-0.07928,-0.0789547738693467,100000,100
etc_simplified_cfr_large,run,500.0,53,-0.34226,-0.3441708542713568,100000,100
etc_simplified_cfr_large,run,500.0,54,-0.25143,-0.2524221105527638,100000,100
etc_simplified_cfr_large,run,500.0,55,-0.19732,-0.1989748743718593,100000,100
etc_simplified_cfr_large,run,500.0,56,-0.28243,-0.2837185929648241,100000,100
etc_simplified_cfr_large,run,500.0,57,-0.23988,-0.2424321608040201,100000,100
etc_simplified_cfr_large,run,500.0,58,-0.3404,-0.341678391959799,100000,100
etc_simplified_cfr_large,run,500.0,59,-0.69542,-0.6993366834170854,100000,100
etc_simplified_cfr_large,run,500.0,60,-0.35691,-0.3584522613065327,100000,100
etc_simplified_cfr_large,run,500.0,61,-0.09657,-0.0989949748743718,100000,100
etc_simplified_cfr_large,run,500.0,62,-0.39404,-0.3972663316582914,100000,100
etc_simplified_cfr_large,run,500.0,63,-0.27453,-0.2760603015075377,100000,100
etc_simplified_cfr_large,run,500.0,64,-0.58335,-0.586894472361809,100000,100
etc_simplified_cfr_large,run,500.0,65,-0.33814,-0.3403015075376884,100000,100
etc_simplified_cfr_large,run,500.0,66,-0.30038,-0.3003819095477387,100000,100
etc_simplified_cfr_large,run,500.0,67,-0.23388,-0.2352763819095477,100000,100
etc_simplified_cfr_large,run,500.0,68,-0.07894,-0.0803819095477386,100000,100
etc_simplified_cfr_large,run,500.0,69,-0.12626,-0.1281909547738693,100000,100
etc_simplified_cfr_large,run,500.0,70,-0.36207,-0.3638492462311558,100000,100
etc_simplified_cfr_large,run,500.0,71,-0.18001,-0.181286432160804,100000,100
etc_simplified_cfr_large,run,500.0,72,-0.07655,-0.0770552763819095,100000,100
etc_simplified_cfr_large,run,500.0,73,0.00421,0.0042713567839195,100000,100
etc_simplified_cfr_large,run,500.0,74,-0.28486,-0.2867537688442211,100000,100
etc_simplified_cfr_large,run,500.0,75,-0.23663,-0.2373065326633165,100000,100
etc_simplified_cfr_large,run,500.0,76,0.16081,0.1602311557788944,100000,100
etc_simplified_cfr_large,run,500.0,77,-0.20392,-0.2042010050251256,100000,100
etc_simplified_cfr_large,run,500.0,78,0.03199,0.0321105527638191,100000,100
etc_simplified_cfr_large,run,500.0,79,-0.14167,-0.142251256281407,100000,100
etc_simplified_cfr_large,run,500.0,80,-0.01704,-0.0176381909547738,100000,100
etc_simplified_cfr_large,run,500.0,81,-0.54498,-0.5475879396984925,100000,100
etc_simplified_cfr_large,run,500.0,82,-0.21761,-0.2184020100502512,100000,100
etc_simplified_cfr_large,run,500.0,83,-0.2745,-0.2755979899497487,100000,100
etc_simplified_cfr_large,run,500.0,84,-0.12624,-0.1272361809045226,100000,100
etc_simplified_cfr_large,run,500.0,85,-0.24933,-0.2523115577889447,100000,100
etc_simplified_cfr_large,run,500.0,86,-0.60451,-0.607145728643216,100000,100
etc_simplified_cfr_large,run,500.0,87,-0.07838,-0.0787738693467336,100000,100
etc_simplified_cfr_large,run,500.0,88,-0.09367,-0.0941206030150753,100000,100
etc_simplified_cfr_large,run,500.0,89,-0.30439,-0.3060603015075377,100000,100
etc_simplified_cfr_large,run,500.0,90,-0.19809,-0.1990653266331658,100000,100
etc_simplified_cfr_large,run,500.0,91,0.0863,0.0859899497487437,100000,100
etc_simplified_cfr_large,run,500.0,92,-0.34551,-0.3472060301507537,100000,100
etc_simplified_cfr_large,run,500.0,93,-0.68476,-0.6875075376884422,100000,100
etc_simplified_cfr_large,run,500.0,94,-0.67536,-0.6784723618090452,100000,100
etc_simplified_cfr_large,run,500.0,95,-0.25176,-0.2522914572864321,100000,100
etc_simplified_cfr_large,run,500.0,96,-0.12737,-0.1277889447236181,100000,100
etc_simplified_cfr_large,run,500.0,97,-0.2981,-0.2991155778894472,100000,100
etc_simplified_cfr_large,run,500.0,98,-0.11333,-0.1138090452261306,100000,100
etc_simplified_cfr_large,run,500.0,99,-0.44899,-0.450251256281407,100000,100
etc_simplified_cfr_large,run,1000.0,0,-0.17489,-0.1755151515151515,100000,100
etc_simplified_cfr_large,run,1000.0,1,-0.05689,-0.0575252525252525,100000,100
etc_simplified_cfr_large,run,1000.0,2,-0.38873,-0.3939090909090909,100000,100
etc_simplified_cfr_large,run,1000.0,3,0.13333,0.1362929292929293,100000,100
etc_simplified_cfr_large,run,1000.0,4,0.10557,0.1062424242424242,100000,100
etc_simplified_cfr_large,run,1000.0,5,-0.15267,-0.155070707070707,100000,100
etc_simplified_cfr_large,run,1000.0,6,-0.10864,-0.1082929292929292,100000,100
etc_simplified_cfr_large,run,1000.0,7,0.14024,0.1397070707070707,100000,100
etc_simplified_cfr_large,run,1000.0,8,-0.10566,-0.1067979797979798,100000,100
etc_simplified_cfr_large,run,1000.0,9,-0.62537,-0.6324242424242424,100000,100
etc_simplified_cfr_large,run,1000.0,10,-0.16761,-0.1691717171717171,100000,100
etc_simplified_cfr_large,run,1000.0,11,-0.0287,-0.0301919191919191,100000,100
etc_simplified_cfr_large,run,1000.0,12,0.05321,0.0523838383838383,100000,100
etc_simplified_cfr_large,run,1000.0,13,-0.22098,-0.2242929292929293,100000,100
etc_simplified_cfr_large,run,1000.0,14,0.00414,0.0047676767676767,100000,100
etc_simplified_cfr_large,run,1000.0,15,-0.2402,-0.2439595959595959,100000,100
etc_simplified_cfr_large,run,1000.0,16,-0.13419,-0.1343535353535353,100000,100
etc_simplified_cfr_large,run,1000.0,17,-0.16832,-0.1705656565656565,100000,100
etc_simplified_cfr_large,run,1000.0,18,-0.09393,-0.0942222222222222,100000,100
etc_simplified_cfr_large,run,1000.0,19,-0.56775,-0.5733636363636364,100000,100
etc_simplified_cfr_large,run,1000.0,20,0.03934,0.0399595959595959,100000,100
etc_simplified_cfr_large,run,1000.0,21,0.07145,0.0718686868686868,100000,100
etc_simplified_cfr_large,run,1000.0,22,0.06161,0.0613232323232323,100000,100
etc_simplified_cfr_large,run,1000.0,23,-0.12859,-0.1299595959595959,100000,100
etc_simplified_cfr_large,run,1000.0,24,-0.23141,-0.2346161616161616,100000,100
etc_simplified_cfr_large,run,1000.0,25,0.09242,0.0931515151515151,100000,100
etc_simplified_cfr_large,run,1000.0,26,-0.11635,-0.1172525252525252,100000,100
etc_simplified_cfr_large,run,1000.0,27,-0.41901,-0.4257878787878787,100000,100
etc_simplified_cfr_large,run,1000.0,28,-0.06756,-0.0683535353535353,100000,100
etc_simplified_cfr_large,run,1000.0,29,-0.01357,-0.0123737373737373,100000,100
etc_simplified_cfr_large,run,1000.0,30,-0.00096,-0.0023030303030303,100000,100
etc_simplified_cfr_large,run,1000.0,31,-0.23969,-0.2429191919191919,100000,100
etc_simplified_cfr_large,run,1000.0,32,-0.24167,-0.2444747474747474,100000,100
etc_simplified_cfr_large,run,1000.0,33,-0.06983,-0.0716464646464646,100000,100
etc_simplified_cfr_large,run,1000.0,34,-0.13299,-0.1339191919191919,100000,100
etc_simplified_cfr_large,run,1000.0,35,-0.16205,-0.1636565656565656,100000,100
etc_simplified_cfr_large,run,1000.0,36,0.0696,0.0698181818181818,100000,100
etc_simplified_cfr_large,run,1000.0,37,-0.24675,-0.2496060606060606,100000,100
etc_simplified_cfr_large,run,1000.0,38,-0.21687,-0.2208888888888888,100000,100
etc_simplified_cfr_large,run,1000.0,39,-0.18009,-0.1826262626262626,100000,100
etc_simplified_cfr_large,run,1000.0,40,-0.1422,-0.1424949494949495,100000,100
etc_simplified_cfr_large,run,1000.0,41,-0.22849,-0.2318484848484848,100000,100
etc_simplified_cfr_large,run,1000.0,42,-0.05731,-0.0574545454545454,100000,100
etc_simplified_cfr_large,run,1000.0,43,-0.00809,-0.009,100000,100
etc_simplified_cfr_large,run,1000.0,44,-0.14345,-0.1434545454545454,100000,100
etc_simplified_cfr_large,run,1000.0,45,-0.20636,-0.2077373737373737,100000,100
etc_simplified_cfr_large,run,1000.0,46,-0.16924,-0.1711717171717171,100000,100
etc_simplified_cfr_large,run,1000.0,47,-0.26893,-0.2696969696969697,100000,100
etc_simplified_cfr_large,run,1000.0,48,-0.0066,-0.0078484848484848,100000,100
etc_simplified_cfr_large,run,1000.0,49,-0.2091,-0.2106969696969697,100000,100
etc_simplified_cfr_large,run,1000.0,50,-0.22446,-0.2266969696969697,100000,100
etc_simplified_cfr_large,run,1000.0,51,-0.1519,-0.1528080808080808,100000,100
etc_simplified_cfr_large,run,1000.0,52,0.15823,0.1608181818181818,100000,100
etc_simplified_cfr_large,run,1000.0,53,-0.29031,-0.2957676767676768,100000,100
etc_simplified_cfr_large,run,1000.0,54,0.15032,0.150030303030303,100000,100
etc_simplified_cfr_large,run,1000.0,55,-0.29858,-0.3039494949494949,100000,100
etc_simplified_cfr_large,run,1000.0,56,-0.29023,-0.2938181818181818,100000,100
etc_simplified_cfr_large,run,1000.0,57,-0.12444,-0.1277676767676767,100000,100
etc_simplified_cfr_large,run,1000.0,58,-0.01693,-0.0164747474747474,100000,100
etc_simplified_cfr_large,run,1000.0,59,-0.48622,-0.4915454545454545,100000,100
etc_simplified_cfr_large,run,1000.0,60,-0.18696,-0.1878585858585858,100000,100
etc_simplified_cfr_large,run,1000.0,61,-0.11038,-0.1122626262626262,100000,100
etc_simplified_cfr_large,run,1000.0,62,-0.02586,-0.0266060606060606,100000,100
etc_simplified_cfr_large,run,1000.0,63,-0.17386,-0.1754848484848485,100000,100
etc_simplified_cfr_large,run,1000.0,64,-0.44421,-0.4501313131313131,100000,100
etc_simplified_cfr_large,run,1000.0,65,-0.05498,-0.0574646464646464,100000,100
etc_simplified_cfr_large,run,1000.0,66,-0.13836,-0.1400909090909091,100000,100
etc_simplified_cfr_large,run,1000.0,67,-0.13071,-0.1328585858585858,100000,100
etc_simplified_cfr_large,run,1000.0,68,-0.10346,-0.1052929292929293,100000,100
etc_simplified_cfr_large,run,1000.0,69,-0.51566,-0.5207373737373737,100000,100
etc_simplified_cfr_large,run,1000.0,70,0.16913,0.1696565656565656,100000,100
etc_simplified_cfr_large,run,1000.0,71,-0.49894,-0.5053838383838384,100000,100
etc_simplified_cfr_large,run,1000.0,72,0.0243,0.0223636363636363,100000,100
etc_simplified_cfr_large,run,1000.0,73,-0.05543,-0.0545454545454545,100000,100
etc_simplified_cfr_large,run,1000.0,74,-0.18575,-0.1884242424242424,100000,100
etc_simplified_cfr_large,run,1000.0,75,-0.1443,-0.1467373737373737,100000,100
etc_simplified_cfr_large,run,1000.0,76,-0.08701,-0.0876060606060606,100000,100
etc_simplified_cfr_large,run,1000.0,77,-0.18143,-0.1825757575757575,100000,100
etc_simplified_cfr_large,run,1000.0,78,-0.49026,-0.4925353535353535,100000,100
etc_simplified_cfr_large,run,1000.0,79,-0.08135,-0.0815656565656565,100000,100
etc_simplified_cfr_large,run,1000.0,80,-0.39038,-0.3926868686868687,100000,100
etc_simplified_cfr_large,run,1000.0,81,-0.24815,-0.252,100000,100
etc_simplified_cfr_large,run,1000.0,82,-0.19529,-0.1970909090909091,100000,100
etc_simplified_cfr_large,run,1000.0,83,-0.40239,-0.4067070707070707,100000,100
etc_simplified_cfr_large,run,1000.0,84,-0.40098,-0.405,100000,100
etc_simplified_cfr_large,run,1000.0,85,-0.22305,-0.226060606060606,100000,100
etc_simplified_cfr_large,run,1000.0,86,-0.06296,-0.0627070707070707,100000,100
etc_simplified_cfr_large,run,1000.0,87,-0.25462,-0.257040404040404,100000,100
etc_simplified_cfr_large,run,1000.0,88,-0.12082,-0.1203333333333333,100000,100
etc_simplified_cfr_large,run,1000.0,89,0.08264,0.0828787878787878,100000,100
etc_simplified_cfr_large,run,1000.0,90,-0.2523,-0.2565050505050505,100000,100
etc_simplified_cfr_large,run,1000.0,91,-0.02755,-0.0288484848484848,100000,100
etc_simplified_cfr_large,run,1000.0,92,-0.12232,-0.1232020202020202,100000,100
etc_simplified_cfr_large,run,1000.0,93,0.0346,0.0343030303030303,100000,100
etc_simplified_cfr_large,run,1000.0,94,0.1294,0.1302727272727272,100000,100
etc_simplified_cfr_large,run,1000.0,95,-0.25937,-0.262060606060606,100000,100
etc_simplified_cfr_large,run,1000.0,96,-0.06754,-0.0691919191919192,100000,100
etc_simplified_cfr_large,run,1000.0,97,-0.48789,-0.4937878787878788,100000,100
etc_simplified_cfr_large,run,1000.0,98,0.07301,0.0752020202020202,100000,100
etc_simplified_cfr_large,run,1000.0,99,-0.01956,-0.0193434343434343,100000,100
etc_simplified_cfr_large,run,1500.0,0,0.1224,0.1258477157360406,100000,100
etc_simplified_cfr_large,run,1500.0,1,-0.33801,-0.3429543147208121,100000,100
etc_simplified_cfr_large,run,1500.0,2,0.0562,0.0564568527918781,100000,100
etc_simplified_cfr_large,run,1500.0,3,-0.08186,-0.0838172588832487,100000,100
etc_simplified_cfr_large,run,1500.0,4,-0.36718,-0.3739492385786802,100000,100
etc_simplified_cfr_large,run,1500.0,5,-0.03725,-0.0368020304568527,100000,100
etc_simplified_cfr_large,run,1500.0,6,0.09937,0.1008324873096446,100000,100
etc_simplified_cfr_large,run,1500.0,7,0.12182,0.1220507614213197,100000,100
etc_simplified_cfr_large,run,1500.0,8,-0.45289,-0.4618883248730964,100000,100
etc_simplified_cfr_large,run,1500.0,9,-0.29037,-0.2951573604060913,100000,100
etc_simplified_cfr_large,run,1500.0,10,0.17773,0.1800406091370558,100000,100
etc_simplified_cfr_large,run,1500.0,11,-0.11953,-0.1210152284263959,100000,100
etc_simplified_cfr_large,run,1500.0,12,-0.04386,-0.0468934010152284,100000,100
etc_simplified_cfr_large,run,1500.0,13,-0.21188,-0.2151370558375634,100000,100
etc_simplified_cfr_large,run,1500.0,14,-0.15033,-0.1523857868020304,100000,100
etc_simplified_cfr_large,run,1500.0,15,-0.05018,-0.0522030456852791,100000,100
etc_simplified_cfr_large,run,1500.0,16,-0.00144,-0.0004670050761421,100000,100
etc_simplified_cfr_large,run,1500.0,17,0.02382,0.0241319796954314,100000,100
etc_simplified_cfr_large,run,1500.0,18,-0.00868,-0.0085786802030456,100000,100
etc_simplified_cfr_large,run,1500.0,19,-0.06684,-0.0689543147208121,100000,100
etc_simplified_cfr_large,run,1500.0,20,-0.05141,-0.0527106598984771,100000,100
etc_simplified_cfr_large,run,1500.0,21,-0.04973,-0.0510152284263959,100000,100
etc_simplified_cfr_large,run,1500.0,22,-0.25494,-0.2580304568527918,100000,100
etc_simplified_cfr_large,run,1500.0,23,-0.16823,-0.1699492385786802,100000,100
etc_simplified_cfr_large,run,1500.0,24,-0.00237,-0.0026192893401015,100000,100
etc_simplified_cfr_large,run,1500.0,25,-0.05504,-0.0558172588832487,100000,100
etc_simplified_cfr_large,run,1500.0,26,-0.57583,-0.5841319796954315,100000,100
etc_simplified_cfr_large,run,1500.0,27,-0.35076,-0.3575837563451776,100000,100
etc_simplified_cfr_large,run,1500.0,28,-0.12352,-0.1252588832487309,100000,100
etc_simplified_cfr_large,run,1500.0,29,-0.11326,-0.1156649746192893,100000,100
etc_simplified_cfr_large,run,1500.0,30,0.14012,0.1409644670050761,100000,100
etc_simplified_cfr_large,run,1500.0,31,-0.0816,-0.084477157360406,100000,100
etc_simplified_cfr_large,run,1500.0,32,0.12845,0.1306903553299492,100000,100
etc_simplified_cfr_large,run,1500.0,33,0.10636,0.1103248730964467,100000,100
etc_simplified_cfr_large,run,1500.0,34,-0.36832,-0.3749340101522843,100000,100
etc_simplified_cfr_large,run,1500.0,35,0.08248,0.0820406091370558,100000,100
etc_simplified_cfr_large,run,1500.0,36,-0.38715,-0.3931167512690355,100000,100
etc_simplified_cfr_large,run,1500.0,37,0.11958,0.1203756345177664,100000,100
etc_simplified_cfr_large,run,1500.0,38,-0.16227,-0.165502538071066,100000,100
etc_simplified_cfr_large,run,1500.0,39,-0.24849,-0.2545482233502538,100000,100
etc_simplified_cfr_large,run,1500.0,40,-0.19546,-0.1977563451776649,100000,100
etc_simplified_cfr_large,run,1500.0,41,-0.11355,-0.1171675126903553,100000,100
etc_simplified_cfr_large,run,1500.0,42,-0.29559,-0.3002233502538071,100000,100
etc_simplified_cfr_large,run,1500.0,43,-0.06401,-0.0643350253807106,100000,100
etc_simplified_cfr_large,run,1500.0,44,0.08335,0.082751269035533,100000,100
etc_simplified_cfr_large,run,1500.0,45,-0.21851,-0.2214314720812182,100000,100
etc_simplified_cfr_large,run,1500.0,46,-0.23117,-0.2369441624365482,100000,100
etc_simplified_cfr_large,run,1500.0,47,-0.25293,-0.2562944162436548,100000,100
etc_simplified_cfr_large,run,1500.0,48,-0.12135,-0.122730964467005,100000,100
etc_simplified_cfr_large,run,1500.0,49,-0.27629,-0.2789035532994924,100000,100
etc_simplified_cfr_large,run,1500.0,50,-0.10134,-0.1020913705583756,100000,100
etc_simplified_cfr_large,run,1500.0,51,-0.28259,-0.2855431472081218,100000,100
etc_simplified_cfr_large,run,1500.0,52,0.0841,0.0846802030456852,100000,100
etc_simplified_cfr_large,run,1500.0,53,-0.00296,-0.0018883248730964,100000,100
etc_simplified_cfr_large,run,1500.0,54,-0.16606,-0.1663857868020304,100000,100
etc_simplified_cfr_large,run,1500.0,55,0.07901,0.0804670050761421,100000,100
etc_simplified_cfr_large,run,1500.0,56,0.01431,0.0155736040609137,100000,100
etc_simplified_cfr_large,run,1500.0,57,-0.39493,-0.3991065989847716,100000,100
etc_simplified_cfr_large,run,1500.0,58,0.08833,0.0889746192893401,100000,100
etc_simplified_cfr_large,run,1500.0,59,-0.17982,-0.1809441624365482,100000,100
etc_simplified_cfr_large,run,1500.0,60,0.0963,0.0992182741116751,100000,100
etc_simplified_cfr_large,run,1500.0,61,-0.08452,-0.087482233502538,100000,100
etc_simplified_cfr_large,run,1500.0,62,-0.06548,-0.0668121827411167,100000,100
etc_simplified_cfr_large,run,1500.0,63,-0.24971,-0.2545279187817258,100000,100
etc_simplified_cfr_large,run,1500.0,64,-0.38588,-0.391502538071066,100000,100
etc_simplified_cfr_large,run,1500.0,65,-0.35436,-0.3609746192893401,100000,100
etc_simplified_cfr_large,run,1500.0,66,-0.27679,-0.2796243654822335,100000,100
etc_simplified_cfr_large,run,1500.0,67,-0.05638,-0.0567715736040609,100000,100
etc_simplified_cfr_large,run,1500.0,68,-0.06345,-0.0630964467005076,100000,100
etc_simplified_cfr_large,run,1500.0,69,0.14716,0.1493299492385786,100000,100
etc_simplified_cfr_large,run,1500.0,70,0.12095,0.1251167512690355,100000,100
etc_simplified_cfr_large,run,1500.0,71,-0.09417,-0.0974213197969543,100000,100
etc_simplified_cfr_large,run,1500.0,72,0.04232,0.0441522842639593,100000,100
etc_simplified_cfr_large,run,1500.0,73,-0.04033,-0.0401218274111675,100000,100
etc_simplified_cfr_large,run,1500.0,74,0.16324,0.1650659898477157,100000,100
etc_simplified_cfr_large,run,1500.0,75,-0.19472,-0.1992791878172589,100000,100
etc_simplified_cfr_large,run,1500.0,76,-0.04993,-0.049736040609137,100000,100
etc_simplified_cfr_large,run,1500.0,77,-0.104,-0.1075532994923857,100000,100
etc_simplified_cfr_large,run,1500.0,78,0.00753,0.0068629441624365,100000,100
etc_simplified_cfr_large,run,1500.0,79,0.05498,0.0561421319796954,100000,100
etc_simplified_cfr_large,run,1500.0,80,0.07179,0.0717258883248731,100000,100
etc_simplified_cfr_large,run,1500.0,81,-0.12495,-0.1273604060913705,100000,100
etc_simplified_cfr_large,run,1500.0,82,0.12556,0.128233502538071,100000,100
etc_simplified_cfr_large,run,1500.0,83,-0.02972,-0.0284263959390862,100000,100
etc_simplified_cfr_large,run,1500.0,84,0.01152,0.0125685279187817,100000,100
etc_simplified_cfr_large,run,1500.0,85,-0.21795,-0.2212690355329949,100000,100
etc_simplified_cfr_large,run,1500.0,86,-0.21697,-0.2215837563451776,100000,100
etc_simplified_cfr_large,run,1500.0,87,-0.09125,-0.0925279187817258,100000,100
etc_simplified_cfr_large,run,1500.0,88,-0.06541,-0.066233502538071,100000,100
etc_simplified_cfr_large,run,1500.0,89,-0.04657,-0.0455736040609137,100000,100
etc_simplified_cfr_large,run,1500.0,90,-0.2561,-0.2596954314720812,100000,100
etc_simplified_cfr_large,run,1500.0,91,-0.03747,-0.038984771573604,100000,100
etc_simplified_cfr_large,run,1500.0,92,-0.22102,-0.2229746192893401,100000,100
etc_simplified_cfr_large,run,1500.0,93,-0.24967,-0.2528527918781726,100000,100
etc_simplified_cfr_large,run,1500.0,94,0.06468,0.0655329949238578,100000,100
etc_simplified_cfr_large,run,1500.0,95,-0.24357,-0.2457664974619289,100000,100
etc_simplified_cfr_large,run,1500.0,96,-0.13644,-0.142233502538071,100000,100
etc_simplified_cfr_large,run,1500.0,97,-0.07973,-0.0801218274111675,100000,100
etc_simplified_cfr_large,run,1500.0,98,0.01335,0.0118680203045685,100000,100
etc_simplified_cfr_large,run,1500.0,99,-0.26998,-0.2725177664974619,100000,100
etc_simplified_cfr_large,run,2000.0,0,-0.20973,-0.2156224489795918,100000,100
etc_simplified_cfr_large,run,2000.0,1,0.23609,0.2367551020408163,100000,100
etc_simplified_cfr_large,run,2000.0,2,0.17905,0.1819489795918367,100000,100
etc_simplified_cfr_large,run,2000.0,3,-0.23478,-0.2383673469387755,100000,100
etc_simplified_cfr_large,run,2000.0,4,0.04308,0.0431632653061224,100000,100
etc_simplified_cfr_large,run,2000.0,5,-0.20915,-0.2144897959183673,100000,100
etc_simplified_cfr_large,run,2000.0,6,0.05522,0.0590510204081632,100000,100
etc_simplified_cfr_large,run,2000.0,7,0.12754,0.1280918367346938,100000,100
etc_simplified_cfr_large,run,2000.0,8,0.06516,0.0673061224489795,100000,100
etc_simplified_cfr_large,run,2000.0,9,-0.21271,-0.2137959183673469,100000,100
etc_simplified_cfr_large,run,2000.0,10,-0.38141,-0.3886530612244898,100000,100
etc_simplified_cfr_large,run,2000.0,11,-0.26038,-0.264734693877551,100000,100
etc_simplified_cfr_large,run,2000.0,12,-0.17713,-0.1811122448979591,100000,100
etc_simplified_cfr_large,run,2000.0,13,-0.04402,-0.0443061224489795,100000,100
etc_simplified_cfr_large,run,2000.0,14,0.02639,0.0256632653061224,100000,100
etc_simplified_cfr_large,run,2000.0,15,0.18092,0.1850204081632653,100000,100
etc_simplified_cfr_large,run,2000.0,16,0.0039,0.0036224489795918,100000,100
etc_simplified_cfr_large,run,2000.0,17,-0.11743,-0.119938775510204,100000,100
etc_simplified_cfr_large,run,2000.0,18,-0.02524,-0.0258673469387755,100000,100
etc_simplified_cfr_large,run,2000.0,19,0.2466,0.2495714285714285,100000,100
etc_simplified_cfr_large,run,2000.0,20,-0.3034,-0.3106734693877551,100000,100
etc_simplified_cfr_large,run,2000.0,21,-0.40391,-0.4116020408163265,100000,100
etc_simplified_cfr_large,run,2000.0,22,0.09768,0.0980612244897959,100000,100
etc_simplified_cfr_large,run,2000.0,23,0.25157,0.2574795918367347,100000,100
etc_simplified_cfr_large,run,2000.0,24,-0.18616,-0.1900408163265306,100000,100
etc_simplified_cfr_large,run,2000.0,25,-0.21483,-0.2206530612244898,100000,100
etc_simplified_cfr_large,run,2000.0,26,-0.09218,-0.093938775510204,100000,100
etc_simplified_cfr_large,run,2000.0,27,-0.06759,-0.0671530612244898,100000,100
etc_simplified_cfr_large,run,2000.0,28,-0.24716,-0.2539795918367347,100000,100
etc_simplified_cfr_large,run,2000.0,29,-0.21083,-0.2115714285714285,100000,100
etc_simplified_cfr_large,run,2000.0,30,0.01995,0.0183061224489795,100000,100
etc_simplified_cfr_large,run,2000.0,31,-0.198,-0.1987244897959183,100000,100
etc_simplified_cfr_large,run,2000.0,32,-0.12828,-0.1280816326530612,100000,100
etc_simplified_cfr_large,run,2000.0,33,0.16174,0.1637755102040816,100000,100
etc_simplified_cfr_large,run,2000.0,34,0.06236,0.0651326530612245,100000,100
etc_simplified_cfr_large,run,2000.0,35,-0.11263,-0.1146632653061224,100000,100
etc_simplified_cfr_large,run,2000.0,36,-0.16294,-0.1663877551020408,100000,100
etc_simplified_cfr_large,run,2000.0,37,-0.16453,-0.1670510204081632,100000,100
etc_simplified_cfr_large,run,2000.0,38,0.09652,0.0984285714285714,100000,100
etc_simplified_cfr_large,run,2000.0,39,0.10681,0.1066530612244898,100000,100
etc_simplified_cfr_large,run,2000.0,40,-0.093,-0.0951836734693877,100000,100
etc_simplified_cfr_large,run,2000.0,41,0.07849,0.0792142857142857,100000,100
etc_simplified_cfr_large,run,2000.0,42,-0.17264,-0.1773775510204081,100000,100
etc_simplified_cfr_large,run,2000.0,43,-0.12083,-0.1231632653061224,100000,100
etc_simplified_cfr_large,run,2000.0,44,-0.36684,-0.3743469387755102,100000,100
etc_simplified_cfr_large,run,2000.0,45,0.05277,0.0555,100000,100
etc_simplified_cfr_large,run,2000.0,46,-0.01816,-0.0173469387755102,100000,100
etc_simplified_cfr_large,run,2000.0,47,-0.04492,-0.0469897959183673,100000,100
etc_simplified_cfr_large,run,2000.0,48,0.03377,0.033438775510204,100000,100
etc_simplified_cfr_large,run,2000.0,49,-0.14168,-0.1453775510204081,100000,100
etc_simplified_cfr_large,run,2000.0,50,-0.02723,-0.0287857142857142,100000,100
etc_simplified_cfr_large,run,2000.0,51,-0.05889,-0.0619897959183673,100000,100
etc_simplified_cfr_large,run,2000.0,52,-0.31894,-0.3257755102040816,100000,100
etc_simplified_cfr_large,run,2000.0,53,0.0034,0.0043979591836734,100000,100
etc_simplified_cfr_large,run,2000.0,54,-0.0464,-0.047734693877551,100000,100
etc_simplified_cfr_large,run,2000.0,55,0.0899,0.0903469387755102,100000,100
etc_simplified_cfr_large,run,2000.0,56,-0.22444,-0.230969387755102,100000,100
etc_simplified_cfr_large,run,2000.0,57,-0.03633,-0.0392448979591836,100000,100
etc_simplified_cfr_large,run,2000.0,58,0.07418,0.0770612244897959,100000,100
etc_simplified_cfr_large,run,2000.0,59,-0.09684,-0.0981836734693877,100000,100
etc_simplified_cfr_large,run,2000.0,60,-0.14656,-0.1477448979591836,100000,100
etc_simplified_cfr_large,run,2000.0,61,0.09809,0.1013367346938775,100000,100
etc_simplified_cfr_large,run,2000.0,62,0.20308,0.2060714285714285,100000,100
etc_simplified_cfr_large,run,2000.0,63,-0.01133,-0.0119795918367346,100000,100
etc_simplified_cfr_large,run,2000.0,64,-0.06559,-0.068704081632653,100000,100
etc_simplified_cfr_large,run,2000.0,65,-0.04324,-0.044234693877551,100000,100
etc_simplified_cfr_large,run,2000.0,66,0.01299,0.0091428571428571,100000,100
etc_simplified_cfr_large,run,2000.0,67,-0.11305,-0.1173571428571428,100000,100
etc_simplified_cfr_large,run,2000.0,68,-0.10994,-0.1122755102040816,100000,100
etc_simplified_cfr_large,run,2000.0,69,-0.32402,-0.3308979591836735,100000,100
etc_simplified_cfr_large,run,2000.0,70,-0.00652,-0.0075714285714285,100000,100
etc_simplified_cfr_large,run,2000.0,71,-0.03229,-0.0340204081632653,100000,100
etc_simplified_cfr_large,run,2000.0,72,0.08862,0.0931530612244898,100000,100
etc_simplified_cfr_large,run,2000.0,73,0.16789,0.1698877551020408,100000,100
etc_simplified_cfr_large,run,2000.0,74,0.10413,0.1056122448979591,100000,100
etc_simplified_cfr_large,run,2000.0,75,-0.25759,-0.2624795918367347,100000,100
etc_simplified_cfr_large,run,2000.0,76,-0.0111,-0.0113571428571428,100000,100
etc_simplified_cfr_large,run,2000.0,77,0.15466,0.1536428571428571,100000,100
etc_simplified_cfr_large,run,2000.0,78,0.1849,0.1879591836734694,100000,100
etc_simplified_cfr_large,run,2000.0,79,0.05494,0.0578979591836734,100000,100
etc_simplified_cfr_large,run,2000.0,80,-0.13321,-0.1360204081632653,100000,100
etc_simplified_cfr_large,run,2000.0,81,-0.1733,-0.1783163265306122,100000,100
etc_simplified_cfr_large,run,2000.0,82,-0.21321,-0.2157142857142857,100000,100
etc_simplified_cfr_large,run,2000.0,83,-0.04302,-0.0461020408163265,100000,100
etc_simplified_cfr_large,run,2000.0,84,-0.29017,-0.2958877551020408,100000,100
etc_simplified_cfr_large,run,2000.0,85,-0.13394,-0.1368469387755102,100000,100
etc_simplified_cfr_large,run,2000.0,86,-0.35499,-0.3646632653061225,100000,100
etc_simplified_cfr_large,run,2000.0,87,0.03023,0.0326020408163265,100000,100
etc_simplified_cfr_large,run,2000.0,88,-0.16303,-0.1660918367346938,100000,100
etc_simplified_cfr_large,run,2000.0,89,-0.50697,-0.5163775510204082,100000,100
etc_simplified_cfr_large,run,2000.0,90,0.04185,0.0421734693877551,100000,100
etc_simplified_cfr_large,run,2000.0,91,-0.42123,-0.4305102040816326,100000,100
etc_simplified_cfr_large,run,2000.0,92,-0.17939,-0.186265306122449,100000,100
etc_simplified_cfr_large,run,2000.0,93,-0.16349,-0.1669897959183673,100000,100
etc_simplified_cfr_large,run,2000.0,94,0.08359,0.0829795918367347,100000,100
etc_simplified_cfr_large,run,2000.0,95,0.00697,0.0041428571428571,100000,100
etc_simplified_cfr_large,run,2000.0,96,-0.02605,-0.0277448979591836,100000,100
etc_simplified_cfr_large,run,2000.0,97,-0.02494,-0.0252959183673469,100000,100
etc_simplified_cfr_large,run,2000.0,98,-0.12073,-0.1233469387755102,100000,100
etc_simplified_cfr_large,run,2000.0,99,-0.04553,-0.0463571428571428,100000,100
etc_simplified_cfr_large,run,5000.0,0,-0.20174,-0.2156421052631578,100000,100
etc_simplified_cfr_large,run,5000.0,1,0.0515,0.0533368421052631,100000,100
etc_simplified_cfr_large,run,5000.0,2,0.17416,0.1847684210526315,100000,100
etc_simplified_cfr_large,run,5000.0,3,-0.0247,-0.0273368421052631,100000,100
etc_simplified_cfr_large,run,5000.0,4,0.10615,0.1126315789473684,100000,100
etc_simplified_cfr_large,run,5000.0,5,-0.09558,-0.1019578947368421,100000,100
etc_simplified_cfr_large,run,5000.0,6,0.04363,0.0503684210526315,100000,100
etc_simplified_cfr_large,run,5000.0,7,0.1278,0.1304526315789473,100000,100
etc_simplified_cfr_large,run,5000.0,8,0.03274,0.0274947368421052,100000,100
etc_simplified_cfr_large,run,5000.0,9,0.11878,0.1227157894736842,100000,100
etc_simplified_cfr_large,run,5000.0,10,0.0512,0.0561578947368421,100000,100
etc_simplified_cfr_large,run,5000.0,11,0.11228,0.1189263157894736,100000,100
etc_simplified_cfr_large,run,5000.0,12,0.15361,0.1635684210526315,100000,100
etc_simplified_cfr_large,run,5000.0,13,-0.19817,-0.2093473684210526,100000,100
etc_simplified_cfr_large,run,5000.0,14,-0.04538,-0.0483263157894736,100000,100
etc_simplified_cfr_large,run,5000.0,15,-0.04328,-0.0440526315789473,100000,100
etc_simplified_cfr_large,run,5000.0,16,0.0758,0.0774,100000,100
etc_simplified_cfr_large,run,5000.0,17,-0.04922,-0.0533263157894736,100000,100
etc_simplified_cfr_large,run,5000.0,18,-0.01383,-0.0148315789473684,100000,100
etc_simplified_cfr_large,run,5000.0,19,-0.16014,-0.1682947368421052,100000,100
etc_simplified_cfr_large,run,5000.0,20,-0.07997,-0.0845368421052631,100000,100
etc_simplified_cfr_large,run,5000.0,21,0.06159,0.0602315789473684,100000,100
etc_simplified_cfr_large,run,5000.0,22,-0.02003,-0.0232105263157894,100000,100
etc_simplified_cfr_large,run,5000.0,23,0.17073,0.181378947368421,100000,100
etc_simplified_cfr_large,run,5000.0,24,0.16752,0.1750315789473684,100000,100
etc_simplified_cfr_large,run,5000.0,25,-0.05599,-0.0636842105263157,100000,100
etc_simplified_cfr_large,run,5000.0,26,0.04816,0.054978947368421,100000,100
etc_simplified_cfr_large,run,5000.0,27,0.01567,0.0163263157894736,100000,100
etc_simplified_cfr_large,run,5000.0,28,0.16117,0.1688947368421052,100000,100
etc_simplified_cfr_large,run,5000.0,29,-0.22341,-0.2387263157894736,100000,100
etc_simplified_cfr_large,run,5000.0,30,-0.06045,-0.0619578947368421,100000,100
etc_simplified_cfr_large,run,5000.0,31,0.19713,0.2074842105263158,100000,100
etc_simplified_cfr_large,run,5000.0,32,0.06003,0.0586210526315789,100000,100
etc_simplified_cfr_large,run,5000.0,33,-0.01824,-0.0222947368421052,100000,100
etc_simplified_cfr_large,run,5000.0,34,-0.01437,-0.0124210526315789,100000,100
etc_simplified_cfr_large,run,5000.0,35,0.1282,0.1342315789473684,100000,100
etc_simplified_cfr_large,run,5000.0,36,0.12009,0.1264631578947368,100000,100
etc_simplified_cfr_large,run,5000.0,37,0.10309,0.1099473684210526,100000,100
etc_simplified_cfr_large,run,5000.0,38,-0.03919,-0.0446631578947368,100000,100
etc_simplified_cfr_large,run,5000.0,39,-0.08531,-0.0917473684210526,100000,100
etc_simplified_cfr_large,run,5000.0,40,-0.05852,-0.0652105263157894,100000,100
etc_simplified_cfr_large,run,5000.0,41,-0.06298,-0.0666315789473684,100000,100
etc_simplified_cfr_large,run,5000.0,42,-0.20893,-0.221778947368421,100000,100
etc_simplified_cfr_large,run,5000.0,43,-0.01488,-0.0138842105263157,100000,100
etc_simplified_cfr_large,run,5000.0,44,0.07351,0.0757578947368421,100000,100
etc_simplified_cfr_large,run,5000.0,45,0.0835,0.0842315789473684,100000,100
etc_simplified_cfr_large,run,5000.0,46,0.06154,0.0698842105263157,100000,100
etc_simplified_cfr_large,run,5000.0,47,0.08547,0.0868421052631579,100000,100
etc_simplified_cfr_large,run,5000.0,48,-0.08596,-0.0882842105263157,100000,100
etc_simplified_cfr_large,run,5000.0,49,-0.19489,-0.2031578947368421,100000,100
etc_simplified_cfr_large,run,5000.0,50,0.11355,0.1176736842105263,100000,100
etc_simplified_cfr_large,run,5000.0,51,-0.11476,-0.1183157894736842,100000,100
etc_simplified_cfr_large,run,5000.0,52,0.11898,0.1250210526315789,100000,100
etc_simplified_cfr_large,run,5000.0,53,0.13889,0.1461263157894737,100000,100
etc_simplified_cfr_large,run,5000.0,54,-0.0196,-0.0185157894736842,100000,100
etc_simplified_cfr_large,run,5000.0,55,0.13477,0.1395157894736842,100000,100
etc_simplified_cfr_large,run,5000.0,56,0.06057,0.0633052631578947,100000,100
etc_simplified_cfr_large,run,5000.0,57,-0.09101,-0.1008,100000,100
etc_simplified_cfr_large,run,5000.0,58,0.16603,0.1700526315789473,100000,100
etc_simplified_cfr_large,run,5000.0,59,0.08934,0.0958631578947368,100000,100
etc_simplified_cfr_large,run,5000.0,60,0.09316,0.0964,100000,100
etc_simplified_cfr_large,run,5000.0,61,-0.10277,-0.1076736842105263,100000,100
etc_simplified_cfr_large,run,5000.0,62,-0.08379,-0.0849368421052631,100000,100
etc_simplified_cfr_large,run,5000.0,63,0.15979,0.1668947368421052,100000,100
etc_simplified_cfr_large,run,5000.0,64,0.05498,0.058578947368421,100000,100
etc_simplified_cfr_large,run,5000.0,65,0.00538,-0.0027263157894736,100000,100
etc_simplified_cfr_large,run,5000.0,66,0.11721,0.1210631578947368,100000,100
etc_simplified_cfr_large,run,5000.0,67,-0.0743,-0.0781684210526315,100000,100
etc_simplified_cfr_large,run,5000.0,68,0.18116,0.1901894736842105,100000,100
etc_simplified_cfr_large,run,5000.0,69,-0.00845,-0.0044526315789473,100000,100
etc_simplified_cfr_large,run,5000.0,70,-0.19885,-0.2062842105263158,100000,100
etc_simplified_cfr_large,run,5000.0,71,0.02271,0.0198421052631578,100000,100
etc_simplified_cfr_large,run,5000.0,72,-0.00956,-0.0124315789473684,100000,100
etc_simplified_cfr_large,run,5000.0,73,-0.1494,-0.1575263157894736,100000,100
etc_simplified_cfr_large,run,5000.0,74,0.03238,0.0339263157894736,100000,100
etc_simplified_cfr_large,run,5000.0,75,-0.08843,-0.0948842105263158,100000,100
etc_simplified_cfr_large,run,5000.0,76,-0.21109,-0.2232210526315789,100000,100
etc_simplified_cfr_large,run,5000.0,77,-0.13317,-0.1394421052631579,100000,100
etc_simplified_cfr_large,run,5000.0,78,0.06946,0.0755684210526315,100000,100
etc_simplified_cfr_large,run,5000.0,79,-0.02671,-0.0291157894736842,100000,100
etc_simplified_cfr_large,run,5000.0,80,0.03962,0.0370315789473684,100000,100
etc_simplified_cfr_large,run,5000.0,81,0.10424,0.1104842105263158,100000,100
etc_simplified_cfr_large,run,5000.0,82,-0.20508,-0.2217263157894737,100000,100
etc_simplified_cfr_large,run,5000.0,83,0.03277,0.0334736842105263,100000,100
etc_simplified_cfr_large,run,5000.0,84,0.1689,0.1741052631578947,100000,100
etc_simplified_cfr_large,run,5000.0,85,0.06418,0.0694315789473684,100000,100
etc_simplified_cfr_large,run,5000.0,86,-0.02369,-0.0258421052631578,100000,100
etc_simplified_cfr_large,run,5000.0,87,0.01241,0.0146947368421052,100000,100
etc_simplified_cfr_large,run,5000.0,88,-0.04083,-0.0438631578947368,100000,100
etc_simplified_cfr_large,run,5000.0,89,-0.15161,-0.1618842105263158,100000,100
etc_simplified_cfr_large,run,5000.0,90,-0.28278,-0.2984631578947368,100000,100
etc_simplified_cfr_large,run,5000.0,91,0.19783,0.2129578947368421,100000,100
etc_simplified_cfr_large,run,5000.0,92,0.08319,0.0853894736842105,100000,100
etc_simplified_cfr_large,run,5000.0,93,0.00334,0.002978947368421,100000,100
etc_simplified_cfr_large,run,5000.0,94,-0.0915,-0.0960210526315789,100000,100
etc_simplified_cfr_large,run,5000.0,95,0.02113,0.0256421052631578,100000,100
etc_simplified_cfr_large,run,5000.0,96,-0.09282,-0.0976526315789473,100000,100
etc_simplified_cfr_large,run,5000.0,97,-0.03868,-0.0426526315789473,100000,100
etc_simplified_cfr_large,run,5000.0,98,0.0251,0.0254947368421052,100000,100
etc_simplified_cfr_large,run,5000.0,99,-0.06609,-0.0682315789473684,100000,100
etc_simplified_cfr_large,run,10000.0,0,0.01908,0.0233111111111111,100000,100
etc_simplified_cfr_large,run,10000.0,1,-0.0453,-0.0608888888888888,100000,100
etc_simplified_cfr_large,run,10000.0,2,-0.09843,-0.1168888888888888,100000,100
etc_simplified_cfr_large,run,10000.0,3,-0.01256,-0.0229888888888888,100000,100
etc_simplified_cfr_large,run,10000.0,4,-0.0188,-0.0218888888888888,100000,100
etc_simplified_cfr_large,run,10000.0,5,0.02552,0.0240888888888888,100000,100
etc_simplified_cfr_large,run,10000.0,6,-0.08071,-0.0849444444444444,100000,100
etc_simplified_cfr_large,run,10000.0,7,0.10459,0.1162111111111111,100000,100
etc_simplified_cfr_large,run,10000.0,8,-0.04738,-0.0545888888888888,100000,100
etc_simplified_cfr_large,run,10000.0,9,0.10567,0.1197555555555555,100000,100
etc_simplified_cfr_large,run,10000.0,10,-0.00271,-0.0040333333333333,100000,100
etc_simplified_cfr_large,run,10000.0,11,-0.0023,-0.0105333333333333,100000,100
etc_simplified_cfr_large,run,10000.0,12,0.01977,0.0239666666666666,100000,100
etc_simplified_cfr_large,run,10000.0,13,0.02063,0.0173,100000,100
etc_simplified_cfr_large,run,10000.0,14,-0.0681,-0.0758222222222222,100000,100
etc_simplified_cfr_large,run,10000.0,15,-0.15809,-0.1698666666666666,100000,100
etc_simplified_cfr_large,run,10000.0,16,-0.0981,-0.1051666666666666,100000,100
etc_simplified_cfr_large,run,10000.0,17,0.01264,0.0171,100000,100
etc_simplified_cfr_large,run,10000.0,18,0.09851,0.1063777777777777,100000,100
etc_simplified_cfr_large,run,10000.0,19,0.20276,0.2244666666666666,100000,100
etc_simplified_cfr_large,run,10000.0,20,-0.07353,-0.0855,100000,100
etc_simplified_cfr_large,run,10000.0,21,-0.00523,-0.0111777777777777,100000,100
etc_simplified_cfr_large,run,10000.0,22,-0.01794,-0.0189888888888888,100000,100
etc_simplified_cfr_large,run,10000.0,23,-0.15568,-0.1693888888888889,100000,100
etc_simplified_cfr_large,run,10000.0,24,-0.04089,-0.0412222222222222,100000,100
etc_simplified_cfr_large,run,10000.0,25,-0.23351,-0.2651111111111111,100000,100
etc_simplified_cfr_large,run,10000.0,26,0.06984,0.0746888888888888,100000,100
etc_simplified_cfr_large,run,10000.0,27,0.01205,0.0088555555555555,100000,100
etc_simplified_cfr_large,run,10000.0,28,-0.02319,-0.0273888888888888,100000,100
etc_simplified_cfr_large,run,10000.0,29,0.08768,0.0922222222222222,100000,100
etc_simplified_cfr_large,run,10000.0,30,0.12728,0.1370666666666666,100000,100
etc_simplified_cfr_large,run,10000.0,31,-0.13909,-0.1562111111111111,100000,100
etc_simplified_cfr_large,run,10000.0,32,0.01755,0.0220666666666666,100000,100
etc_simplified_cfr_large,run,10000.0,33,0.07298,0.0807777777777777,100000,100
etc_simplified_cfr_large,run,10000.0,34,0.01776,0.0230666666666666,100000,100
etc_simplified_cfr_large,run,10000.0,35,0.04437,0.0535444444444444,100000,100
etc_simplified_cfr_large,run,10000.0,36,-0.08072,-0.0847222222222222,100000,100
etc_simplified_cfr_large,run,10000.0,37,0.02044,0.0188333333333333,100000,100
etc_simplified_cfr_large,run,10000.0,38,0.17815,0.1910222222222222,100000,100
etc_simplified_cfr_large,run,10000.0,39,-0.00976,-0.0146111111111111,100000,100
etc_simplified_cfr_large,run,10000.0,40,0.12309,0.1355555555555555,100000,100
etc_simplified_cfr_large,run,10000.0,41,0.06763,0.0702777777777777,100000,100
etc_simplified_cfr_large,run,10000.0,42,0.16103,0.1728,100000,100
etc_simplified_cfr_large,run,10000.0,43,0.1019,0.1099444444444444,100000,100
etc_simplified_cfr_large,run,10000.0,44,-0.07469,-0.0803777777777777,100000,100
etc_simplified_cfr_large,run,10000.0,45,-0.08275,-0.1000222222222222,100000,100
etc_simplified_cfr_large,run,10000.0,46,0.00347,0.0062777777777777,100000,100
etc_simplified_cfr_large,run,10000.0,47,-0.00708,-0.0071444444444444,100000,100
etc_simplified_cfr_large,run,10000.0,48,0.109,0.1171777777777777,100000,100
etc_simplified_cfr_large,run,10000.0,49,0.06011,0.0587888888888888,100000,100
etc_simplified_cfr_large,run,10000.0,50,0.02455,0.0255444444444444,100000,100
etc_simplified_cfr_large,run,10000.0,51,0.06767,0.0702222222222222,100000,100
etc_simplified_cfr_large,run,10000.0,52,0.0384,0.0334777777777777,100000,100
etc_simplified_cfr_large,run,10000.0,53,0.11828,0.1271666666666666,100000,100
etc_simplified_cfr_large,run,10000.0,54,0.16454,0.1839,100000,100
etc_simplified_cfr_large,run,10000.0,55,0.04696,0.0446333333333333,100000,100
etc_simplified_cfr_large,run,10000.0,56,0.07048,0.0708,100000,100
etc_simplified_cfr_large,run,10000.0,57,0.08546,0.0911888888888888,100000,100
etc_simplified_cfr_large,run,10000.0,58,0.06433,0.0696111111111111,100000,100
etc_simplified_cfr_large,run,10000.0,59,-0.08528,-0.1029666666666666,100000,100
etc_simplified_cfr_large,run,10000.0,60,-0.04167,-0.0459666666666666,100000,100
etc_simplified_cfr_large,run,10000.0,61,0.02133,0.0228333333333333,100000,100
etc_simplified_cfr_large,run,10000.0,62,0.01338,0.0123222222222222,100000,100
etc_simplified_cfr_large,run,10000.0,63,-0.04043,-0.0456333333333333,100000,100
etc_simplified_cfr_large,run,10000.0,64,0.06479,0.0738333333333333,100000,100
etc_simplified_cfr_large,run,10000.0,65,0.04629,0.0498555555555555,100000,100
etc_simplified_cfr_large,run,10000.0,66,0.07713,0.0813777777777777,100000,100
etc_simplified_cfr_large,run,10000.0,67,0.06754,0.0674,100000,100
etc_simplified_cfr_large,run,10000.0,68,0.0626,0.0593888888888888,100000,100
etc_simplified_cfr_large,run,10000.0,69,-0.07864,-0.0822888888888888,100000,100
etc_simplified_cfr_large,run,10000.0,70,0.10901,0.1208111111111111,100000,100
etc_simplified_cfr_large,run,10000.0,71,0.08485,0.0928444444444444,100000,100
etc_simplified_cfr_large,run,10000.0,72,0.03284,0.0383,100000,100
etc_simplified_cfr_large,run,10000.0,73,-0.0228,-0.0226222222222222,100000,100
etc_simplified_cfr_large,run,10000.0,74,0.12368,0.1291888888888888,100000,100
etc_simplified_cfr_large,run,10000.0,75,-0.01091,-0.0129333333333333,100000,100
etc_simplified_cfr_large,run,10000.0,76,-0.03608,-0.0426444444444444,100000,100
etc_simplified_cfr_large,run,10000.0,77,-0.0582,-0.0656111111111111,100000,100
etc_simplified_cfr_large,run,10000.0,78,-0.01303,-0.0226333333333333,100000,100
etc_simplified_cfr_large,run,10000.0,79,-0.03956,-0.0447,100000,100
etc_simplified_cfr_large,run,10000.0,80,0.06561,0.0691555555555555,100000,100
etc_simplified_cfr_large,run,10000.0,81,0.04015,0.0426555555555555,100000,100
etc_simplified_cfr_large,run,10000.0,82,0.02696,0.0188777777777777,100000,100
etc_simplified_cfr_large,run,10000.0,83,0.00889,0.0090666666666666,100000,100
etc_simplified_cfr_large,run,10000.0,84,0.08926,0.0977111111111111,100000,100
etc_simplified_cfr_large,run,10000.0,85,0.0618,0.0650555555555555,100000,100
etc_simplified_cfr_large,run,10000.0,86,-0.02774,-0.0288333333333333,100000,100
etc_simplified_cfr_large,run,10000.0,87,0.12083,0.1326333333333333,100000,100
etc_simplified_cfr_large,run,10000.0,88,0.04145,0.0393,100000,100
etc_simplified_cfr_large,run,10000.0,89,-0.10853,-0.1164666666666666,100000,100
etc_simplified_cfr_large,run,10000.0,90,0.07063,0.0772444444444444,100000,100
etc_simplified_cfr_large,run,10000.0,91,0.02859,0.0236555555555555,100000,100
etc_simplified_cfr_large,run,10000.0,92,0.08312,0.0896555555555555,100000,100
etc_simplified_cfr_large,run,10000.0,93,-0.12255,-0.1361666666666666,100000,100
etc_simplified_cfr_large,run,10000.0,94,-0.01553,-0.0198111111111111,100000,100
etc_simplified_cfr_large,run,10000.0,95,-0.1879,-0.2126666666666666,100000,100
etc_simplified_cfr_large,run,10000.0,96,-0.02554,-0.0320666666666666,100000,100
etc_simplified_cfr_large,run,10000.0,97,0.01801,0.0133111111111111,100000,100
etc_simplified_cfr_large,run,10000.0,98,-0.04641,-0.0573888888888888,100000,100
etc_simplified_cfr_large,run,10000.0,99,0.07863,0.0808,100000,100
etc_simplified_cfr_large,run,20000.0,0,0.02086,0.0256625,100000,100
etc_simplified_cfr_large,run,20000.0,1,-0.02064,-0.0235625,100000,100
etc_simplified_cfr_large,run,20000.0,2,0.03423,0.0461375,100000,100
etc_simplified_cfr_large,run,20000.0,3,0.05172,0.0526625,100000,100
etc_simplified_cfr_large,run,20000.0,4,0.05047,0.05715,100000,100
etc_simplified_cfr_large,run,20000.0,5,-0.01975,-0.0300125,100000,100
etc_simplified_cfr_large,run,20000.0,6,0.00643,0.00965,100000,100
etc_simplified_cfr_large,run,20000.0,7,0.09567,0.1069875,100000,100
etc_simplified_cfr_large,run,20000.0,8,0.16923,0.196975,100000,100
etc_simplified_cfr_large,run,20000.0,9,0.03604,0.0487125,100000,100
etc_simplified_cfr_large,run,20000.0,10,0.04375,0.0498,100000,100
etc_simplified_cfr_large,run,20000.0,11,0.11019,0.127625,100000,100
etc_simplified_cfr_large,run,20000.0,12,-0.0114,-0.0234125,100000,100
etc_simplified_cfr_large,run,20000.0,13,-0.01784,-0.0202625,100000,100
etc_simplified_cfr_large,run,20000.0,14,0.12513,0.1437,100000,100
etc_simplified_cfr_large,run,20000.0,15,0.15564,0.1892375,100000,100
etc_simplified_cfr_large,run,20000.0,16,0.10667,0.1304,100000,100
etc_simplified_cfr_large,run,20000.0,17,0.03502,0.043475,100000,100
etc_simplified_cfr_large,run,20000.0,18,0.01025,0.0136125,100000,100
etc_simplified_cfr_large,run,20000.0,19,0.03617,0.0505,100000,100
etc_simplified_cfr_large,run,20000.0,20,0.04903,0.0583,100000,100
etc_simplified_cfr_large,run,20000.0,21,0.01034,0.0020625,100000,100
etc_simplified_cfr_large,run,20000.0,22,0.05239,0.0486375,100000,100
etc_simplified_cfr_large,run,20000.0,23,-0.00167,0.0043625,100000,100
etc_simplified_cfr_large,run,20000.0,24,0.09386,0.113775,100000,100
etc_simplified_cfr_large,run,20000.0,25,0.00887,0.0180125,100000,100
etc_simplified_cfr_large,run,20000.0,26,0.06287,0.0792875,100000,100
etc_simplified_cfr_large,run,20000.0,27,0.04863,0.0563,100000,100
etc_simplified_cfr_large,run,20000.0,28,0.06782,0.0701375,100000,100
etc_simplified_cfr_large,run,20000.0,29,0.0666,0.0826625,100000,100
etc_simplified_cfr_large,run,20000.0,30,0.06483,0.0797875,100000,100
etc_simplified_cfr_large,run,20000.0,31,-0.05561,-0.065925,100000,100
etc_simplified_cfr_large,run,20000.0,32,-0.07551,-0.0979375,100000,100
etc_simplified_cfr_large,run,20000.0,33,0.05832,0.061425,100000,100
etc_simplified_cfr_large,run,20000.0,34,0.07443,0.0890125,100000,100
etc_simplified_cfr_large,run,20000.0,35,0.01903,0.017125,100000,100
etc_simplified_cfr_large,run,20000.0,36,-0.21639,-0.274475,100000,100
etc_simplified_cfr_large,run,20000.0,37,0.06513,0.0777625,100000,100
etc_simplified_cfr_large,run,20000.0,38,-0.00727,-0.011625,100000,100
etc_simplified_cfr_large,run,20000.0,39,0.05563,0.0750875,100000,100
etc_simplified_cfr_large,run,20000.0,40,-0.02473,-0.0377875,100000,100
etc_simplified_cfr_large,run,20000.0,41,0.03722,0.0422125,100000,100
etc_simplified_cfr_large,run,20000.0,42,0.06583,0.0838625,100000,100
etc_simplified_cfr_large,run,20000.0,43,-0.01833,-0.0213,100000,100
etc_simplified_cfr_large,run,20000.0,44,0.08632,0.1012,100000,100
etc_simplified_cfr_large,run,20000.0,45,0.05799,0.070475,100000,100
etc_simplified_cfr_large,run,20000.0,46,-0.01672,-0.0285,100000,100
etc_simplified_cfr_large,run,20000.0,47,0.0635,0.081175,100000,100
etc_simplified_cfr_large,run,20000.0,48,-0.02445,-0.0300875,100000,100
etc_simplified_cfr_large,run,20000.0,49,0.12381,0.1496875,100000,100
etc_simplified_cfr_large,run,20000.0,50,0.12595,0.1530625,100000,100
etc_simplified_cfr_large,run,20000.0,51,0.05156,0.0583375,100000,100
etc_simplified_cfr_large,run,20000.0,52,0.00665,0.006575,100000,100
etc_simplified_cfr_large,run,20000.0,53,0.01531,0.019625,100000,100
etc_simplified_cfr_large,run,20000.0,54,-0.03913,-0.0640625,100000,100
etc_simplified_cfr_large,run,20000.0,55,-0.02239,-0.0370375,100000,100
etc_simplified_cfr_large,run,20000.0,56,0.01897,0.022875,100000,100
etc_simplified_cfr_large,run,20000.0,57,-0.02795,-0.043025,100000,100
etc_simplified_cfr_large,run,20000.0,58,-0.00569,0.0041625,100000,100
etc_simplified_cfr_large,run,20000.0,59,0.05524,0.056075,100000,100
etc_simplified_cfr_large,run,20000.0,60,-0.10146,-0.1308,100000,100
etc_simplified_cfr_large,run,20000.0,61,-0.02053,-0.0240875,100000,100
etc_simplified_cfr_large,run,20000.0,62,-0.00423,-0.0041375,100000,100
etc_simplified_cfr_large,run,20000.0,63,0.02889,0.0357625,100000,100
etc_simplified_cfr_large,run,20000.0,64,0.00905,0.0004,100000,100
etc_simplified_cfr_large,run,20000.0,65,0.08504,0.101825,100000,100
etc_simplified_cfr_large,run,20000.0,66,-0.08402,-0.1201625,100000,100
etc_simplified_cfr_large,run,20000.0,67,0.04054,0.051625,100000,100
etc_simplified_cfr_large,run,20000.0,68,-0.12805,-0.15955,100000,100
etc_simplified_cfr_large,run,20000.0,69,-0.04705,-0.0599625,100000,100
etc_simplified_cfr_large,run,20000.0,70,-0.29507,-0.37295,100000,100
etc_simplified_cfr_large,run,20000.0,71,0.01032,0.0079625,100000,100
etc_simplified_cfr_large,run,20000.0,72,-0.00604,-0.0002,100000,100
etc_simplified_cfr_large,run,20000.0,73,0.08697,0.1077375,100000,100
etc_simplified_cfr_large,run,20000.0,74,0.01433,0.022175,100000,100
etc_simplified_cfr_large,run,20000.0,75,0.02492,0.0315875,100000,100
etc_simplified_cfr_large,run,20000.0,76,0.1463,0.1831,100000,100
etc_simplified_cfr_large,run,20000.0,77,-0.01496,-0.0273875,100000,100
etc_simplified_cfr_large,run,20000.0,78,0.14843,0.1886625,100000,100
etc_simplified_cfr_large,run,20000.0,79,0.11163,0.133925,100000,100
etc_simplified_cfr_large,run,20000.0,80,0.06665,0.093825,100000,100
etc_simplified_cfr_large,run,20000.0,81,-0.14321,-0.1934875,100000,100
etc_simplified_cfr_large,run,20000.0,82,0.04368,0.0653375,100000,100
etc_simplified_cfr_large,run,20000.0,83,0.0358,0.0355875,100000,100
etc_simplified_cfr_large,run,20000.0,84,-0.04788,-0.0616,100000,100
etc_simplified_cfr_large,run,20000.0,85,-0.03939,-0.0461,100000,100
etc_simplified_cfr_large,run,20000.0,86,0.0092,0.0083375,100000,100
etc_simplified_cfr_large,run,20000.0,87,0.03103,0.0366875,100000,100
etc_simplified_cfr_large,run,20000.0,88,-0.03115,-0.0435125,100000,100
etc_simplified_cfr_large,run,20000.0,89,0.04643,0.0586625,100000,100
etc_simplified_cfr_large,run,20000.0,90,0.03038,0.0419375,100000,100
etc_simplified_cfr_large,run,20000.0,91,0.03686,0.03915,100000,100
etc_simplified_cfr_large,run,20000.0,92,0.13309,0.1722875,100000,100
etc_simplified_cfr_large,run,20000.0,93,0.0599,0.0721,100000,100
etc_simplified_cfr_large,run,20000.0,94,0.03586,0.02915,100000,100
etc_simplified_cfr_large,run,20000.0,95,0.0024,-0.0048875,100000,100
etc_simplified_cfr_large,run,20000.0,96,0.07661,0.096675,100000,100
etc_simplified_cfr_large,run,20000.0,97,0.04444,0.04175,100000,100
etc_simplified_cfr_large,run,20000.0,98,0.12179,0.1527,100000,100
etc_simplified_cfr_large,run,20000.0,99,0.01927,0.0163375,100000,100
etc_simplified_cfr_large,run,40000.0,0,0.09132,0.1428666666666666,100000,100
etc_simplified_cfr_large,run,40000.0,1,0.05094,0.0815333333333333,100000,100
etc_simplified_cfr_large,run,40000.0,2,0.06238,0.0972833333333333,100000,100
etc_simplified_cfr_large,run,40000.0,3,0.00406,0.0027166666666666,100000,100
etc_simplified_cfr_large,run,40000.0,4,-0.00325,-0.0070166666666666,100000,100
etc_simplified_cfr_large,run,40000.0,5,0.06916,0.1177333333333333,100000,100
etc_simplified_cfr_large,run,40000.0,6,0.03823,0.0615666666666666,100000,100
etc_simplified_cfr_large,run,40000.0,7,0.05311,0.0764333333333333,100000,100
etc_simplified_cfr_large,run,40000.0,8,0.03289,0.0367,100000,100
etc_simplified_cfr_large,run,40000.0,9,0.02934,0.0420833333333333,100000,100
etc_simplified_cfr_large,run,40000.0,10,0.02823,0.0441333333333333,100000,100
etc_simplified_cfr_large,run,40000.0,11,0.0212,0.03115,100000,100
etc_simplified_cfr_large,run,40000.0,12,0.1068,0.16885,100000,100
etc_simplified_cfr_large,run,40000.0,13,0.07203,0.1031,100000,100
etc_simplified_cfr_large,run,40000.0,14,0.07119,0.0884333333333333,100000,100
etc_simplified_cfr_large,run,40000.0,15,0.00334,-0.0019166666666666,100000,100
etc_simplified_cfr_large,run,40000.0,16,0.02517,0.0425666666666666,100000,100
etc_simplified_cfr_large,run,40000.0,17,0.07134,0.1000833333333333,100000,100
etc_simplified_cfr_large,run,40000.0,18,0.04606,0.0766,100000,100
etc_simplified_cfr_large,run,40000.0,19,-0.04658,-0.09595,100000,100
etc_simplified_cfr_large,run,40000.0,20,0.00884,0.03415,100000,100
etc_simplified_cfr_large,run,40000.0,21,0.03508,0.0368666666666666,100000,100
etc_simplified_cfr_large,run,40000.0,22,0.06168,0.0982666666666666,100000,100
etc_simplified_cfr_large,run,40000.0,23,0.04928,0.0606666666666666,100000,100
etc_simplified_cfr_large,run,40000.0,24,0.05243,0.06,100000,100
etc_simplified_cfr_large,run,40000.0,25,0.01057,0.0095166666666666,100000,100
etc_simplified_cfr_large,run,40000.0,26,0.05986,0.0745666666666666,100000,100
etc_simplified_cfr_large,run,40000.0,27,0.04876,0.06355,100000,100
etc_simplified_cfr_large,run,40000.0,28,0.04546,0.07475,100000,100
etc_simplified_cfr_large,run,40000.0,29,0.04101,0.0422333333333333,100000,100
etc_simplified_cfr_large,run,40000.0,30,0.00974,-0.0050833333333333,100000,100
etc_simplified_cfr_large,run,40000.0,31,0.10243,0.1417166666666666,100000,100
etc_simplified_cfr_large,run,40000.0,32,-0.02697,-0.0542333333333333,100000,100
etc_simplified_cfr_large,run,40000.0,33,0.13922,0.2165166666666666,100000,100
etc_simplified_cfr_large,run,40000.0,34,-0.01146,-0.023,100000,100
etc_simplified_cfr_large,run,40000.0,35,0.08928,0.1458333333333333,100000,100
etc_simplified_cfr_large,run,40000.0,36,0.07487,0.1020166666666666,100000,100
etc_simplified_cfr_large,run,40000.0,37,0.02801,0.0252,100000,100
etc_simplified_cfr_large,run,40000.0,38,0.04967,0.0664666666666666,100000,100
etc_simplified_cfr_large,run,40000.0,39,0.09056,0.1407833333333333,100000,100
etc_simplified_cfr_large,run,40000.0,40,0.02661,0.0312833333333333,100000,100
etc_simplified_cfr_large,run,40000.0,41,0.04587,0.0553333333333333,100000,100
etc_simplified_cfr_large,run,40000.0,42,0.10854,0.16245,100000,100
etc_simplified_cfr_large,run,40000.0,43,0.04967,0.0797166666666666,100000,100
etc_simplified_cfr_large,run,40000.0,44,0.02759,0.0346333333333333,100000,100
etc_simplified_cfr_large,run,40000.0,45,0.03525,0.0570833333333333,100000,100
etc_simplified_cfr_large,run,40000.0,46,0.04141,0.0605,100000,100
etc_simplified_cfr_large,run,40000.0,47,0.01112,-0.009,100000,100
etc_simplified_cfr_large,run,40000.0,48,-0.11492,-0.2127333333333333,100000,100
etc_simplified_cfr_large,run,40000.0,49,0.04958,0.0745833333333333,100000,100
etc_simplified_cfr_large,run,40000.0,50,-0.01859,-0.0519333333333333,100000,100
etc_simplified_cfr_large,run,40000.0,51,0.08106,0.1310666666666666,100000,100
etc_simplified_cfr_large,run,40000.0,52,-0.06494,-0.11985,100000,100
etc_simplified_cfr_large,run,40000.0,53,0.05745,0.0600833333333333,100000,100
etc_simplified_cfr_large,run,40000.0,54,0.07772,0.1235166666666666,100000,100
etc_simplified_cfr_large,run,40000.0,55,0.0366,0.0458166666666666,100000,100
etc_simplified_cfr_large,run,40000.0,56,-0.00944,-0.0251166666666666,100000,100
etc_simplified_cfr_large,run,40000.0,57,0.06195,0.1044,100000,100
etc_simplified_cfr_large,run,40000.0,58,0.04299,0.04055,100000,100
etc_simplified_cfr_large,run,40000.0,59,0.09041,0.1367,100000,100
etc_simplified_cfr_large,run,40000.0,60,0.09996,0.1672833333333333,100000,100
etc_simplified_cfr_large,run,40000.0,61,0.03446,0.0536333333333333,100000,100
etc_simplified_cfr_large,run,40000.0,62,0.04728,0.0683666666666666,100000,100
etc_simplified_cfr_large,run,40000.0,63,0.01914,0.0140333333333333,100000,100
etc_simplified_cfr_large,run,40000.0,64,-0.04424,-0.0929,100000,100
etc_simplified_cfr_large,run,40000.0,65,0.01486,0.0214,100000,100
etc_simplified_cfr_large,run,40000.0,66,-0.0401,-0.0702166666666666,100000,100
etc_simplified_cfr_large,run,40000.0,67,0.02272,0.01835,100000,100
etc_simplified_cfr_large,run,40000.0,68,0.02026,0.0384166666666666,100000,100
etc_simplified_cfr_large,run,40000.0,69,0.03258,0.0384833333333333,100000,100
etc_simplified_cfr_large,run,40000.0,70,0.03355,0.0374,100000,100
etc_simplified_cfr_large,run,40000.0,71,-0.20394,-0.33825,100000,100
etc_simplified_cfr_large,run,40000.0,72,-0.00346,-0.0126166666666666,100000,100
etc_simplified_cfr_large,run,40000.0,73,0.02137,0.0107,100000,100
etc_simplified_cfr_large,run,40000.0,74,0.02182,0.0210666666666666,100000,100
etc_simplified_cfr_large,run,40000.0,75,0.00387,0.0119833333333333,100000,100
etc_simplified_cfr_large,run,40000.0,76,0.06421,0.1288,100000,100
etc_simplified_cfr_large,run,40000.0,77,0.08656,0.1201666666666666,100000,100
etc_simplified_cfr_large,run,40000.0,78,0.05521,0.0796,100000,100
etc_simplified_cfr_large,run,40000.0,79,0.07227,0.1291333333333333,100000,100
etc_simplified_cfr_large,run,40000.0,80,0.02207,0.0482833333333333,100000,100
etc_simplified_cfr_large,run,40000.0,81,0.00224,-0.0117166666666666,100000,100
etc_simplified_cfr_large,run,40000.0,82,0.0626,0.0873333333333333,100000,100
etc_simplified_cfr_large,run,40000.0,83,0.05305,0.0758166666666666,100000,100
etc_simplified_cfr_large,run,40000.0,84,0.04303,0.0566833333333333,100000,100
etc_simplified_cfr_large,run,40000.0,85,0.05263,0.0831333333333333,100000,100
etc_simplified_cfr_large,run,40000.0,86,0.05607,0.0881166666666666,100000,100
etc_simplified_cfr_large,run,40000.0,87,-0.00676,-0.0221,100000,100
etc_simplified_cfr_large,run,40000.0,88,0.05477,0.0817333333333333,100000,100
etc_simplified_cfr_large,run,40000.0,89,0.01474,0.0131333333333333,100000,100
etc_simplified_cfr_large,run,40000.0,90,0.11732,0.1743833333333333,100000,100
etc_simplified_cfr_large,run,40000.0,91,0.04922,0.0587,100000,100
etc_simplified_cfr_large,run,40000.0,92,-0.1243,-0.2073,100000,100
etc_simplified_cfr_large,run,40000.0,93,-0.03961,-0.0707833333333333,100000,100
etc_simplified_cfr_large,run,40000.0,94,0.0502,0.07255,100000,100
etc_simplified_cfr_large,run,40000.0,95,0.08846,0.1436833333333333,100000,100
etc_simplified_cfr_large,run,40000.0,96,0.09263,0.14675,100000,100
etc_simplified_cfr_large,run,40000.0,97,0.05836,0.0983,100000,100
etc_simplified_cfr_large,run,40000.0,98,0.00999,0.0073666666666666,100000,100
etc_simplified_cfr_large,run,40000.0,99,0.03559,0.0474166666666666,100000,100
etc_simplified_cfr_large,run,60000.0,0,0.01862,0.03155,100000,100
etc_simplified_cfr_large,run,60000.0,1,0.02631,0.046275,100000,100
etc_simplified_cfr_large,run,60000.0,2,0.06016,0.101525,100000,100
etc_simplified_cfr_large,run,60000.0,3,0.04847,0.118025,100000,100
etc_simplified_cfr_large,run,60000.0,4,0.07145,0.173425,100000,100
etc_simplified_cfr_large,run,60000.0,5,0.08495,0.190175,100000,100
etc_simplified_cfr_large,run,60000.0,6,0.04223,0.053475,100000,100
etc_simplified_cfr_large,run,60000.0,7,0.01606,-0.0004,100000,100
etc_simplified_cfr_large,run,60000.0,8,-0.00699,-0.037675,100000,100
etc_simplified_cfr_large,run,60000.0,9,0.01587,0.033725,100000,100
etc_simplified_cfr_large,run,60000.0,10,0.01755,0.047225,100000,100
etc_simplified_cfr_large,run,60000.0,11,0.03144,0.05,100000,100
etc_simplified_cfr_large,run,60000.0,12,-0.04013,-0.10345,100000,100
etc_simplified_cfr_large,run,60000.0,13,0.03279,0.0405,100000,100
etc_simplified_cfr_large,run,60000.0,14,-0.00473,-0.00655,100000,100
etc_simplified_cfr_large,run,60000.0,15,0.02705,0.050125,100000,100
etc_simplified_cfr_large,run,60000.0,16,-0.00585,-0.02055,100000,100
etc_simplified_cfr_large,run,60000.0,17,0.06154,0.13015,100000,100
etc_simplified_cfr_large,run,60000.0,18,-0.13625,-0.33365,100000,100
etc_simplified_cfr_large,run,60000.0,19,0.00857,-0.002425,100000,100
etc_simplified_cfr_large,run,60000.0,20,-0.00369,-0.0106,100000,100
etc_simplified_cfr_large,run,60000.0,21,0.04758,0.097625,100000,100
etc_simplified_cfr_large,run,60000.0,22,0.04203,0.058925,100000,100
etc_simplified_cfr_large,run,60000.0,23,0.04343,0.109275,100000,100
etc_simplified_cfr_large,run,60000.0,24,0.04107,0.058475,100000,100
etc_simplified_cfr_large,run,60000.0,25,0.04323,0.081425,100000,100
etc_simplified_cfr_large,run,60000.0,26,0.01877,0.037025,100000,100
etc_simplified_cfr_large,run,60000.0,27,0.01608,0.021725,100000,100
etc_simplified_cfr_large,run,60000.0,28,0.01905,0.047425,100000,100
etc_simplified_cfr_large,run,60000.0,29,0.06419,0.143475,100000,100
etc_simplified_cfr_large,run,60000.0,30,0.07276,0.144725,100000,100
etc_simplified_cfr_large,run,60000.0,31,-0.09127,-0.24475,100000,100
etc_simplified_cfr_large,run,60000.0,32,0.01817,0.002525,100000,100
etc_simplified_cfr_large,run,60000.0,33,0.04922,0.079925,100000,100
etc_simplified_cfr_large,run,60000.0,34,0.05992,0.1039,100000,100
etc_simplified_cfr_large,run,60000.0,35,0.01305,0.051375,100000,100
etc_simplified_cfr_large,run,60000.0,36,-0.14621,-0.42425,100000,100
etc_simplified_cfr_large,run,60000.0,37,0.0514,0.07905,100000,100
etc_simplified_cfr_large,run,60000.0,38,-0.0349,-0.103175,100000,100
etc_simplified_cfr_large,run,60000.0,39,0.12862,0.30625,100000,100
etc_simplified_cfr_large,run,60000.0,40,0.03741,0.0784,100000,100
etc_simplified_cfr_large,run,60000.0,41,-0.03421,-0.108075,100000,100
etc_simplified_cfr_large,run,60000.0,42,0.03087,0.0531,100000,100
etc_simplified_cfr_large,run,60000.0,43,0.08069,0.14985,100000,100
etc_simplified_cfr_large,run,60000.0,44,0.0644,0.137175,100000,100
etc_simplified_cfr_large,run,60000.0,45,0.01936,0.052275,100000,100
etc_simplified_cfr_large,run,60000.0,46,-0.03911,-0.1447,100000,100
etc_simplified_cfr_large,run,60000.0,47,0.04621,0.09545,100000,100
etc_simplified_cfr_large,run,60000.0,48,0.02263,0.018675,100000,100
etc_simplified_cfr_large,run,60000.0,49,0.07164,0.121,100000,100
etc_simplified_cfr_large,run,60000.0,50,0.02791,0.036225,100000,100
etc_simplified_cfr_large,run,60000.0,51,0.0402,0.04925,100000,100
etc_simplified_cfr_large,run,60000.0,52,0.03451,0.053175,100000,100
etc_simplified_cfr_large,run,60000.0,53,-0.15025,-0.383225,100000,100
etc_simplified_cfr_large,run,60000.0,54,0.02997,0.023075,100000,100
etc_simplified_cfr_large,run,60000.0,55,0.05296,0.1015,100000,100
etc_simplified_cfr_large,run,60000.0,56,0.04517,0.0538,100000,100
etc_simplified_cfr_large,run,60000.0,57,0.04049,0.0588,100000,100
etc_simplified_cfr_large,run,60000.0,58,0.01139,0.00955,100000,100
etc_simplified_cfr_large,run,60000.0,59,0.03492,0.060125,100000,100
etc_simplified_cfr_large,run,60000.0,60,0.01657,0.01,100000,100
etc_simplified_cfr_large,run,60000.0,61,0.00553,-0.01385,100000,100
etc_simplified_cfr_large,run,60000.0,62,0.07591,0.1449,100000,100
etc_simplified_cfr_large,run,60000.0,63,-0.10394,-0.286075,100000,100
etc_simplified_cfr_large,run,60000.0,64,0.04111,0.095275,100000,100
etc_simplified_cfr_large,run,60000.0,65,0.03811,0.10705,100000,100
etc_simplified_cfr_large,run,60000.0,66,0.01129,0.014575,100000,100
etc_simplified_cfr_large,run,60000.0,67,-0.00878,-0.061625,100000,100
etc_simplified_cfr_large,run,60000.0,68,-0.01277,-0.0107,100000,100
etc_simplified_cfr_large,run,60000.0,69,-0.00268,-0.04565,100000,100
etc_simplified_cfr_large,run,60000.0,70,0.02975,0.03995,100000,100
etc_simplified_cfr_large,run,60000.0,71,-0.01069,-0.04095,100000,100
etc_simplified_cfr_large,run,60000.0,72,0.03596,0.06715,100000,100
etc_simplified_cfr_large,run,60000.0,73,0.09574,0.196825,100000,100
etc_simplified_cfr_large,run,60000.0,74,0.03003,0.059625,100000,100
etc_simplified_cfr_large,run,60000.0,75,0.02035,0.0368,100000,100
etc_simplified_cfr_large,run,60000.0,76,-0.00459,-0.046375,100000,100
etc_simplified_cfr_large,run,60000.0,77,-0.00459,-0.0451,100000,100
etc_simplified_cfr_large,run,60000.0,78,0.04595,0.093925,100000,100
etc_simplified_cfr_large,run,60000.0,79,0.04634,0.101625,100000,100
etc_simplified_cfr_large,run,60000.0,80,-0.01277,-0.048025,100000,100
etc_simplified_cfr_large,run,60000.0,81,0.00402,-0.009975,100000,100
etc_simplified_cfr_large,run,60000.0,82,0.07605,0.18305,100000,100
etc_simplified_cfr_large,run,60000.0,83,0.02843,0.05975,100000,100
etc_simplified_cfr_large,run,60000.0,84,0.02185,0.04635,100000,100
etc_simplified_cfr_large,run,60000.0,85,0.05464,0.108975,100000,100
etc_simplified_cfr_large,run,60000.0,86,0.00206,-0.001925,100000,100
etc_simplified_cfr_large,run,60000.0,87,0.06299,0.1061,100000,100
etc_simplified_cfr_large,run,60000.0,88,0.00874,-0.02675,100000,100
etc_simplified_cfr_large,run,60000.0,89,0.0391,0.0809,100000,100
etc_simplified_cfr_large,run,60000.0,90,0.03771,0.0399,100000,100
etc_simplified_cfr_large,run,60000.0,91,0.02149,0.045325,100000,100
etc_simplified_cfr_large,run,60000.0,92,-0.04137,-0.0956,100000,100
etc_simplified_cfr_large,run,60000.0,93,-0.15811,-0.420775,100000,100
etc_simplified_cfr_large,run,60000.0,94,0.02749,0.067675,100000,100
etc_simplified_cfr_large,run,60000.0,95,0.0678,0.1632,100000,100
etc_simplified_cfr_large,run,60000.0,96,0.04735,0.103675,100000,100
etc_simplified_cfr_large,run,60000.0,97,-0.0099,-0.0126,100000,100
etc_simplified_cfr_large,run,60000.0,98,0.04736,0.0632,100000,100
etc_simplified_cfr_large,run,60000.0,99,0.06184,0.099225,100000,100
etc_simplified_cfr_large,run,80000.0,0,0.0674,0.1484,100000,100
etc_simplified_cfr_large,run,80000.0,1,0.03284,0.06665,100000,100
etc_simplified_cfr_large,run,80000.0,2,0.01985,-0.02425,100000,100
etc_simplified_cfr_large,run,80000.0,3,0.01595,-0.02215,100000,100
etc_simplified_cfr_large,run,80000.0,4,0.03813,0.14575,100000,100
etc_simplified_cfr_large,run,80000.0,5,-0.06619,-0.3366,100000,100
etc_simplified_cfr_large,run,80000.0,6,0.01185,0.0012,100000,100
etc_simplified_cfr_large,run,80000.0,7,0.00055,-0.04245,100000,100
etc_simplified_cfr_large,run,80000.0,8,0.03319,0.1545,100000,100
etc_simplified_cfr_large,run,80000.0,9,0.02024,0.09655,100000,100
etc_simplified_cfr_large,run,80000.0,10,0.03865,0.07595,100000,100
etc_simplified_cfr_large,run,80000.0,11,0.00653,0.0132,100000,100
etc_simplified_cfr_large,run,80000.0,12,0.04089,0.08165,100000,100
etc_simplified_cfr_large,run,80000.0,13,0.00474,-0.01535,100000,100
etc_simplified_cfr_large,run,80000.0,14,0.04122,0.06475,100000,100
etc_simplified_cfr_large,run,80000.0,15,0.02495,0.0915,100000,100
etc_simplified_cfr_large,run,80000.0,16,0.03249,0.05325,100000,100
etc_simplified_cfr_large,run,80000.0,17,0.02599,0.14975,100000,100
etc_simplified_cfr_large,run,80000.0,18,0.01957,0.112,100000,100
etc_simplified_cfr_large,run,80000.0,19,0.02468,0.0746,100000,100
etc_simplified_cfr_large,run,80000.0,20,-4e-05,0.0047,100000,100
etc_simplified_cfr_large,run,80000.0,21,0.0369,0.0543,100000,100
etc_simplified_cfr_large,run,80000.0,22,0.02073,0.07295,100000,100
etc_simplified_cfr_large,run,80000.0,23,0.02273,0.07715,100000,100
etc_simplified_cfr_large,run,80000.0,24,0.05686,0.1512,100000,100
etc_simplified_cfr_large,run,80000.0,25,0.02363,0.08295,100000,100
etc_simplified_cfr_large,run,80000.0,26,0.03111,0.073,100000,100
etc_simplified_cfr_large,run,80000.0,27,0.03041,0.08525,100000,100
etc_simplified_cfr_large,run,80000.0,28,0.04492,0.07325,100000,100
etc_simplified_cfr_large,run,80000.0,29,0.0216,0.09595,100000,100
etc_simplified_cfr_large,run,80000.0,30,-0.0577,-0.30655,100000,100
etc_simplified_cfr_large,run,80000.0,31,0.03966,0.0752,100000,100
etc_simplified_cfr_large,run,80000.0,32,-0.00295,0.0359,100000,100
etc_simplified_cfr_large,run,80000.0,33,0.01957,0.01775,100000,100
etc_simplified_cfr_large,run,80000.0,34,0.03109,0.01325,100000,100
etc_simplified_cfr_large,run,80000.0,35,-0.00472,-0.08315,100000,100
etc_simplified_cfr_large,run,80000.0,36,0.01998,0.03215,100000,100
etc_simplified_cfr_large,run,80000.0,37,-0.08384,-0.40685,100000,100
etc_simplified_cfr_large,run,80000.0,38,-0.00064,0.0251,100000,100
etc_simplified_cfr_large,run,80000.0,39,0.00883,-0.01795,100000,100
etc_simplified_cfr_large,run,80000.0,40,0.02394,0.05495,100000,100
etc_simplified_cfr_large,run,80000.0,41,0.05174,0.15305,100000,100
etc_simplified_cfr_large,run,80000.0,42,0.02919,0.04895,100000,100
etc_simplified_cfr_large,run,80000.0,43,0.0581,0.1649,100000,100
etc_simplified_cfr_large,run,80000.0,44,-0.01878,-0.03245,100000,100
etc_simplified_cfr_large,run,80000.0,45,0.01001,0.055,100000,100
etc_simplified_cfr_large,run,80000.0,46,0.03268,0.10205,100000,100
etc_simplified_cfr_large,run,80000.0,47,0.02737,0.00505,100000,100
etc_simplified_cfr_large,run,80000.0,48,0.00634,-0.1107,100000,100
etc_simplified_cfr_large,run,80000.0,49,0.02884,0.08275,100000,100
etc_simplified_cfr_large,run,80000.0,50,0.0269,0.0743,100000,100
etc_simplified_cfr_large,run,80000.0,51,0.00422,0.07375,100000,100
etc_simplified_cfr_large,run,80000.0,52,0.01486,0.0359,100000,100
etc_simplified_cfr_large,run,80000.0,53,0.01174,0.04605,100000,100
etc_simplified_cfr_large,run,80000.0,54,0.01842,0.0289,100000,100
etc_simplified_cfr_large,run,80000.0,55,-0.01114,-0.0816,100000,100
etc_simplified_cfr_large,run,80000.0,56,0.02711,0.0614,100000,100
etc_simplified_cfr_large,run,80000.0,57,0.05115,0.1611,100000,100
etc_simplified_cfr_large,run,80000.0,58,0.05904,0.13475,100000,100
etc_simplified_cfr_large,run,80000.0,59,0.06282,0.2128,100000,100
etc_simplified_cfr_large,run,80000.0,60,0.05509,0.125,100000,100
etc_simplified_cfr_large,run,80000.0,61,0.01304,0.0089,100000,100
etc_simplified_cfr_large,run,80000.0,62,0.02269,0.0735,100000,100
etc_simplified_cfr_large,run,80000.0,63,0.03258,0.04905,100000,100
etc_simplified_cfr_large,run,80000.0,64,0.01451,-0.0189,100000,100
etc_simplified_cfr_large,run,80000.0,65,0.02358,0.0539,100000,100
etc_simplified_cfr_large,run,80000.0,66,-0.00569,-0.1068,100000,100
etc_simplified_cfr_large,run,80000.0,67,0.05529,0.1102,100000,100
etc_simplified_cfr_large,run,80000.0,68,0.03631,0.09895,100000,100
etc_simplified_cfr_large,run,80000.0,69,0.02713,0.0117,100000,100
etc_simplified_cfr_large,run,80000.0,70,-0.01631,-0.1133,100000,100
etc_simplified_cfr_large,run,80000.0,71,0.03758,0.0749,100000,100
etc_simplified_cfr_large,run,80000.0,72,0.05355,0.162,100000,100
etc_simplified_cfr_large,run,80000.0,73,0.02002,0.06785,100000,100
etc_simplified_cfr_large,run,80000.0,74,-0.02097,-0.0792,100000,100
etc_simplified_cfr_large,run,80000.0,75,0.02711,0.1666,100000,100
etc_simplified_cfr_large,run,80000.0,76,0.03605,0.11105,100000,100
etc_simplified_cfr_large,run,80000.0,77,0.01414,0.01185,100000,100
etc_simplified_cfr_large,run,80000.0,78,0.02652,0.10515,100000,100
etc_simplified_cfr_large,run,80000.0,79,0.02333,0.0818,100000,100
etc_simplified_cfr_large,run,80000.0,80,0.02917,0.14595,100000,100
etc_simplified_cfr_large,run,80000.0,81,0.02676,0.0914,100000,100
etc_simplified_cfr_large,run,80000.0,82,0.0053,-0.07855,100000,100
etc_simplified_cfr_large,run,80000.0,83,0.049,0.2507,100000,100
etc_simplified_cfr_large,run,80000.0,84,0.02866,0.11075,100000,100
etc_simplified_cfr_large,run,80000.0,85,0.04521,0.085,100000,100
etc_simplified_cfr_large,run,80000.0,86,0.02221,-0.04175,100000,100
etc_simplified_cfr_large,run,80000.0,87,0.0406,0.13445,100000,100
etc_simplified_cfr_large,run,80000.0,88,0.01674,0.07345,100000,100
etc_simplified_cfr_large,run,80000.0,89,0.02153,0.00515,100000,100
etc_simplified_cfr_large,run,80000.0,90,0.01188,-0.0004,100000,100
etc_simplified_cfr_large,run,80000.0,91,0.01803,0.05935,100000,100
etc_simplified_cfr_large,run,80000.0,92,0.04355,0.1703,100000,100
etc_simplified_cfr_large,run,80000.0,93,0.02697,0.09595,100000,100
etc_simplified_cfr_large,run,80000.0,94,0.0302,0.07775,100000,100
etc_simplified_cfr_large,run,80000.0,95,0.01756,0.0206,100000,100
etc_simplified_cfr_large,run,80000.0,96,0.03528,0.1277,100000,100
etc_simplified_cfr_large,run,80000.0,97,0.03498,0.0662,100000,100
etc_simplified_cfr_large,run,80000.0,98,0.00862,0.0429,100000,100
etc_simplified_cfr_large,run,80000.0,99,-0.0474,-0.337,100000,100
etc_vs_cfr_large,run,100.0,0,-0.4891,-0.4903503503503503,100000,100
etc_vs_cfr_large,run,100.0,1,-0.47803,-0.4785685685685685,100000,100
etc_vs_cfr_large,run,100.0,2,-0.35348,-0.353003003003003,100000,100
etc_vs_cfr_large,run,100.0,3,-0.61418,-0.6145045045045046,100000,100
etc_vs_cfr_large,run,100.0,4,-0.43913,-0.4392592592592592,100000,100
etc_vs_cfr_large,run,100.0,5,-0.44837,-0.4485885885885886,100000,100
etc_vs_cfr_large,run,100.0,6,-0.58762,-0.5870870870870871,100000,100
etc_vs_cfr_large,run,100.0,7,-0.34701,-0.3478178178178178,100000,100
etc_vs_cfr_large,run,100.0,8,-0.32937,-0.3288588588588588,100000,100
etc_vs_cfr_large,run,100.0,9,-0.44052,-0.4392092092092092,100000,100
etc_vs_cfr_large,run,100.0,10,-0.36536,-0.3650750750750751,100000,100
etc_vs_cfr_large,run,100.0,11,-0.44515,-0.4450750750750751,100000,100
etc_vs_cfr_large,run,100.0,12,-0.63549,-0.6347947947947948,100000,100
etc_vs_cfr_large,run,100.0,13,-0.36312,-0.3628128128128128,100000,100
etc_vs_cfr_large,run,100.0,14,-0.61875,-0.6185685685685686,100000,100
etc_vs_cfr_large,run,100.0,15,-0.43227,-0.431051051051051,100000,100
etc_vs_cfr_large,run,100.0,16,-0.42009,-0.4194394394394394,100000,100
etc_vs_cfr_large,run,100.0,17,-0.19036,-0.1898798798798799,100000,100
etc_vs_cfr_large,run,100.0,18,-0.42049,-0.4204904904904905,100000,100
etc_vs_cfr_large,run,100.0,19,-0.25271,-0.2520920920920921,100000,100
etc_vs_cfr_large,run,100.0,20,-0.50073,-0.5005405405405405,100000,100
etc_vs_cfr_large,run,100.0,21,-0.47757,-0.4782482482482482,100000,100
etc_vs_cfr_large,run,100.0,22,-0.42917,-0.4284484484484484,100000,100
etc_vs_cfr_large,run,100.0,23,-0.32515,-0.3243843843843844,100000,100
etc_vs_cfr_large,run,100.0,24,-0.46204,-0.4606806806806807,100000,100
etc_vs_cfr_large,run,100.0,25,-0.35651,-0.3560960960960961,100000,100
etc_vs_cfr_large,run,100.0,26,-0.34023,-0.3402802802802803,100000,100
etc_vs_cfr_large,run,100.0,27,-0.3243,-0.3238038038038038,100000,100
etc_vs_cfr_large,run,100.0,28,-0.38422,-0.3841541541541541,100000,100
etc_vs_cfr_large,run,100.0,29,-0.44897,-0.4485285285285285,100000,100
etc_vs_cfr_large,run,100.0,30,-0.34891,-0.3486086086086086,100000,100
etc_vs_cfr_large,run,100.0,31,-0.52151,-0.5206306306306306,100000,100
etc_vs_cfr_large,run,100.0,32,-0.44659,-0.4463063063063063,100000,100
etc_vs_cfr_large,run,100.0,33,-0.53881,-0.5384184184184184,100000,100
etc_vs_cfr_large,run,100.0,34,-0.34714,-0.3468668668668668,100000,100
etc_vs_cfr_large,run,100.0,35,-0.33013,-0.3301301301301301,100000,100
etc_vs_cfr_large,run,100.0,36,-0.32287,-0.3218518518518518,100000,100
etc_vs_cfr_large,run,100.0,37,-0.37796,-0.3776176176176176,100000,100
etc_vs_cfr_large,run,100.0,38,-0.44255,-0.442042042042042,100000,100
etc_vs_cfr_large,run,100.0,39,-0.49313,-0.4934034034034034,100000,100
etc_vs_cfr_large,run,100.0,40,-0.23956,-0.2385085085085085,100000,100
etc_vs_cfr_large,run,100.0,41,-0.45652,-0.4564464464464464,100000,100
etc_vs_cfr_large,run,100.0,42,-0.47051,-0.4693593593593593,100000,100
etc_vs_cfr_large,run,100.0,43,-0.38721,-0.3864564564564564,100000,100
etc_vs_cfr_large,run,100.0,44,-0.35822,-0.3567867867867867,100000,100
etc_vs_cfr_large,run,100.0,45,-0.45919,-0.459039039039039,100000,100
etc_vs_cfr_large,run,100.0,46,-0.34563,-0.3449349349349349,100000,100
etc_vs_cfr_large,run,100.0,47,-0.57135,-0.5711211211211211,100000,100
etc_vs_cfr_large,run,100.0,48,-0.36011,-0.3602402402402402,100000,100
etc_vs_cfr_large,run,100.0,49,-0.51489,-0.5149149149149149,100000,100
etc_vs_cfr_large,run,100.0,50,-0.38324,-0.383033033033033,100000,100
etc_vs_cfr_large,run,100.0,51,-0.46441,-0.4638438438438438,100000,100
etc_vs_cfr_large,run,100.0,52,-0.40367,-0.403073073073073,100000,100
etc_vs_cfr_large,run,100.0,53,-0.25349,-0.253983983983984,100000,100
etc_vs_cfr_large,run,100.0,54,-0.28989,-0.2887187187187187,100000,100
etc_vs_cfr_large,run,100.0,55,-0.60069,-0.6008508508508509,100000,100
etc_vs_cfr_large,run,100.0,56,-0.28552,-0.2853253253253253,100000,100
etc_vs_cfr_large,run,100.0,57,-0.35377,-0.3537637637637638,100000,100
etc_vs_cfr_large,run,100.0,58,-0.3969,-0.3975975975975976,100000,100
etc_vs_cfr_large,run,100.0,59,-0.4749,-0.4746146146146146,100000,100
etc_vs_cfr_large,run,100.0,60,-0.51528,-0.5153353353353354,100000,100
etc_vs_cfr_large,run,100.0,61,-0.44414,-0.4437537537537537,100000,100
etc_vs_cfr_large,run,100.0,62,-0.55006,-0.5504504504504505,100000,100
etc_vs_cfr_large,run,100.0,63,-0.37131,-0.3706406406406406,100000,100
etc_vs_cfr_large,run,100.0,64,-0.32711,-0.3264864864864865,100000,100
etc_vs_cfr_large,run,100.0,65,-0.61885,-0.6188788788788788,100000,100
etc_vs_cfr_large,run,100.0,66,-0.45641,-0.4561261261261261,100000,100
etc_vs_cfr_large,run,100.0,67,-0.44865,-0.4481981981981981,100000,100
etc_vs_cfr_large,run,100.0,68,-0.31816,-0.3173273273273273,100000,100
etc_vs_cfr_large,run,100.0,69,-0.49079,-0.4909009009009009,100000,100
etc_vs_cfr_large,run,100.0,70,-0.55545,-0.5561061061061061,100000,100
etc_vs_cfr_large,run,100.0,71,-0.33475,-0.3338438438438438,100000,100
etc_vs_cfr_large,run,100.0,72,-0.38094,-0.3812512512512512,100000,100
etc_vs_cfr_large,run,100.0,73,-0.44095,-0.4404804804804805,100000,100
etc_vs_cfr_large,run,100.0,74,-0.38648,-0.3860660660660661,100000,100
etc_vs_cfr_large,run,100.0,75,-0.31168,-0.3105705705705706,100000,100
etc_vs_cfr_large,run,100.0,76,-0.27378,-0.2729729729729729,100000,100
etc_vs_cfr_large,run,100.0,77,-0.33847,-0.3375975975975976,100000,100
etc_vs_cfr_large,run,100.0,78,-0.41563,-0.4157657657657658,100000,100
etc_vs_cfr_large,run,100.0,79,-0.48144,-0.4812612612612613,100000,100
etc_vs_cfr_large,run,100.0,80,-0.30828,-0.3074174174174174,100000,100
etc_vs_cfr_large,run,100.0,81,-0.32264,-0.322082082082082,100000,100
etc_vs_cfr_large,run,100.0,82,-0.47219,-0.4725425425425425,100000,100
etc_vs_cfr_large,run,100.0,83,-0.43165,-0.4307407407407407,100000,100
etc_vs_cfr_large,run,100.0,84,-0.17517,-0.1748148148148148,100000,100
etc_vs_cfr_large,run,100.0,85,-0.41174,-0.412022022022022,100000,100
etc_vs_cfr_large,run,100.0,86,-0.3464,-0.345985985985986,100000,100
etc_vs_cfr_large,run,100.0,87,-0.33115,-0.3308708708708708,100000,100
etc_vs_cfr_large,run,100.0,88,-0.58875,-0.5890690690690691,100000,100
etc_vs_cfr_large,run,100.0,89,-0.38788,-0.3871671671671671,100000,100
etc_vs_cfr_large,run,100.0,90,-0.36605,-0.3659259259259259,100000,100
etc_vs_cfr_large,run,100.0,91,-0.34267,-0.3421421421421421,100000,100
etc_vs_cfr_large,run,100.0,92,-0.36885,-0.369009009009009,100000,100
etc_vs_cfr_large,run,100.0,93,-0.56452,-0.5642042042042043,100000,100
etc_vs_cfr_large,run,100.0,94,-0.42867,-0.4284284284284284,100000,100
etc_vs_cfr_large,run,100.0,95,-0.4438,-0.4435635635635636,100000,100
etc_vs_cfr_large,run,100.0,96,-0.46094,-0.46004004004004,100000,100
etc_vs_cfr_large,run,100.0,97,-0.57717,-0.5775775775775776,100000,100
etc_vs_cfr_large,run,100.0,98,-0.45857,-0.4579279279279279,100000,100
etc_vs_cfr_large,run,100.0,99,-0.41362,-0.4131531531531531,100000,100
etc_vs_cfr_large,run,500.0,0,-0.31927,-0.3174472361809045,100000,100
etc_vs_cfr_large,run,500.0,1,-0.3318,-0.3283417085427135,100000,100
etc_vs_cfr_large,run,500.0,2,-0.36343,-0.3623819095477387,100000,100
etc_vs_cfr_large,run,500.0,3,-0.28924,-0.2873668341708543,100000,100
etc_vs_cfr_large,run,500.0,4,-0.49199,-0.4889447236180904,100000,100
etc_vs_cfr_large,run,500.0,5,-0.25671,-0.2549145728643216,100000,100
etc_vs_cfr_large,run,500.0,6,-0.16014,-0.1570954773869346,100000,100
etc_vs_cfr_large,run,500.0,7,-0.25567,-0.2539396984924623,100000,100
etc_vs_cfr_large,run,500.0,8,-0.40004,-0.3998592964824121,100000,100
etc_vs_cfr_large,run,500.0,9,-0.33065,-0.3300502512562814,100000,100
etc_vs_cfr_large,run,500.0,10,-0.34751,-0.3456984924623115,100000,100
etc_vs_cfr_large,run,500.0,11,-0.35319,-0.3517889447236181,100000,100
etc_vs_cfr_large,run,500.0,12,-0.3417,-0.3404120603015075,100000,100
etc_vs_cfr_large,run,500.0,13,-0.37438,-0.373608040201005,100000,100
etc_vs_cfr_large,run,500.0,14,-0.48028,-0.478070351758794,100000,100
etc_vs_cfr_large,run,500.0,15,-0.32213,-0.3207537688442211,100000,100
etc_vs_cfr_large,run,500.0,16,-0.3149,-0.312824120603015,100000,100
etc_vs_cfr_large,run,500.0,17,-0.3843,-0.3826130653266331,100000,100
etc_vs_cfr_large,run,500.0,18,-0.1909,-0.1873567839195979,100000,100
etc_vs_cfr_large,run,500.0,19,-0.26288,-0.2613065326633166,100000,100
etc_vs_cfr_large,run,500.0,20,-0.34626,-0.3446934673366834,100000,100
etc_vs_cfr_large,run,500.0,21,-0.36773,-0.3663316582914573,100000,100
etc_vs_cfr_large,run,500.0,22,-0.34387,-0.3432763819095477,100000,100
etc_vs_cfr_large,run,500.0,23,-0.30352,-0.3012462311557789,100000,100
etc_vs_cfr_large,run,500.0,24,-0.29368,-0.2909748743718593,100000,100
etc_vs_cfr_large,run,500.0,25,-0.23373,-0.2307537688442211,100000,100
etc_vs_cfr_large,run,500.0,26,-0.25155,-0.2490452261306532,100000,100
etc_vs_cfr_large,run,500.0,27,-0.32802,-0.3249346733668342,100000,100
etc_vs_cfr_large,run,500.0,28,-0.62095,-0.6187638190954774,100000,100
etc_vs_cfr_large,run,500.0,29,-0.36123,-0.358824120603015,100000,100
etc_vs_cfr_large,run,500.0,30,-0.39715,-0.3947437185929648,100000,100
etc_vs_cfr_large,run,500.0,31,-0.32033,-0.317427135678392,100000,100
etc_vs_cfr_large,run,500.0,32,-0.29147,-0.2884623115577889,100000,100
etc_vs_cfr_large,run,500.0,33,-0.40104,-0.4006733668341709,100000,100
etc_vs_cfr_large,run,500.0,34,-0.32385,-0.3223718592964824,100000,100
etc_vs_cfr_large,run,500.0,35,-0.31281,-0.3102914572864321,100000,100
etc_vs_cfr_large,run,500.0,36,-0.22622,-0.2234170854271356,100000,100
etc_vs_cfr_large,run,500.0,37,-0.29741,-0.2952261306532663,100000,100
etc_vs_cfr_large,run,500.0,38,-0.23787,-0.2350653266331658,100000,100
etc_vs_cfr_large,run,500.0,39,-0.43225,-0.4306834170854271,100000,100
etc_vs_cfr_large,run,500.0,40,-0.30599,-0.3024120603015075,100000,100
etc_vs_cfr_large,run,500.0,41,-0.33941,-0.3375276381909547,100000,100
etc_vs_cfr_large,run,500.0,42,-0.15728,-0.1541105527638191,100000,100
etc_vs_cfr_large,run,500.0,43,-0.27281,-0.2697989949748743,100000,100
etc_vs_cfr_large,run,500.0,44,-0.32277,-0.321537688442211,100000,100
etc_vs_cfr_large,run,500.0,45,-0.27947,-0.2759095477386935,100000,100
etc_vs_cfr_large,run,500.0,46,-0.31241,-0.3098994974874371,100000,100
etc_vs_cfr_large,run,500.0,47,-0.23162,-0.229678391959799,100000,100
etc_vs_cfr_large,run,500.0,48,-0.33085,-0.3281507537688442,100000,100
etc_vs_cfr_large,run,500.0,49,-0.396,-0.3949547738693467,100000,100
etc_vs_cfr_large,run,500.0,50,-0.25835,-0.2549145728643216,100000,100
etc_vs_cfr_large,run,500.0,51,-0.35016,-0.3473768844221105,100000,100
etc_vs_cfr_large,run,500.0,52,-0.37032,-0.367608040201005,100000,100
etc_vs_cfr_large,run,500.0,53,-0.39677,-0.3975075376884422,100000,100
etc_vs_cfr_large,run,500.0,54,-0.31694,-0.3160804020100503,100000,100
etc_vs_cfr_large,run,500.0,55,-0.27081,-0.2684120603015075,100000,100
etc_vs_cfr_large,run,500.0,56,-0.35001,-0.3492361809045226,100000,100
etc_vs_cfr_large,run,500.0,57,-0.36949,-0.3685628140703517,100000,100
etc_vs_cfr_large,run,500.0,58,-0.26869,-0.2635577889447236,100000,100
etc_vs_cfr_large,run,500.0,59,-0.26415,-0.2632060301507538,100000,100
etc_vs_cfr_large,run,500.0,60,-0.5509,-0.5514773869346734,100000,100
etc_vs_cfr_large,run,500.0,61,-0.42197,-0.4203919597989949,100000,100
etc_vs_cfr_large,run,500.0,62,-0.28969,-0.2881005025125628,100000,100
etc_vs_cfr_large,run,500.0,63,-0.41196,-0.410502512562814,100000,100
etc_vs_cfr_large,run,500.0,64,-0.2395,-0.238251256281407,100000,100
etc_vs_cfr_large,run,500.0,65,-0.43521,-0.4330150753768844,100000,100
etc_vs_cfr_large,run,500.0,66,-0.47278,-0.4720301507537688,100000,100
etc_vs_cfr_large,run,500.0,67,-0.30505,-0.3029849246231156,100000,100
etc_vs_cfr_large,run,500.0,68,-0.32381,-0.3216582914572864,100000,100
etc_vs_cfr_large,run,500.0,69,-0.39153,-0.3904824120603015,100000,100
etc_vs_cfr_large,run,500.0,70,-0.26389,-0.2613668341708542,100000,100
etc_vs_cfr_large,run,500.0,71,-0.34181,-0.3394773869346734,100000,100
etc_vs_cfr_large,run,500.0,72,-0.3082,-0.3059195979899498,100000,100
etc_vs_cfr_large,run,500.0,73,-0.39297,-0.3903618090452261,100000,100
etc_vs_cfr_large,run,500.0,74,-0.49052,-0.4889246231155779,100000,100
etc_vs_cfr_large,run,500.0,75,-0.27587,-0.2749145728643216,100000,100
etc_vs_cfr_large,run,500.0,76,-0.27217,-0.2706331658291457,100000,100
etc_vs_cfr_large,run,500.0,77,-0.27556,-0.2738693467336683,100000,100
etc_vs_cfr_large,run,500.0,78,-0.37682,-0.3754773869346733,100000,100
etc_vs_cfr_large,run,500.0,79,-0.34901,-0.3462613065326633,100000,100
etc_vs_cfr_large,run,500.0,80,-0.29711,-0.2949949748743719,100000,100
etc_vs_cfr_large,run,500.0,81,-0.30205,-0.2998492462311558,100000,100
etc_vs_cfr_large,run,500.0,82,-0.28871,-0.2857788944723618,100000,100
etc_vs_cfr_large,run,500.0,83,-0.37394,-0.3725326633165829,100000,100
etc_vs_cfr_large,run,500.0,84,-0.27912,-0.2759698492462311,100000,100
etc_vs_cfr_large,run,500.0,85,-0.3726,-0.3705025125628141,100000,100
etc_vs_cfr_large,run,500.0,86,-0.39888,-0.3962211055276382,100000,100
etc_vs_cfr_large,run,500.0,87,-0.28441,-0.2826532663316582,100000,100
etc_vs_cfr_large,run,500.0,88,-0.60485,-0.6041005025125629,100000,100
etc_vs_cfr_large,run,500.0,89,-0.27088,-0.2681105527638191,100000,100
etc_vs_cfr_large,run,500.0,90,-0.41252,-0.4102613065326633,100000,100
etc_vs_cfr_large,run,500.0,91,-0.34182,-0.3399698492462311,100000,100
etc_vs_cfr_large,run,500.0,92,-0.25944,-0.257356783919598,100000,100
etc_vs_cfr_large,run,500.0,93,-0.25734,-0.2549748743718593,100000,100
etc_vs_cfr_large,run,500.0,94,-0.32498,-0.3231055276381909,100000,100
etc_vs_cfr_large,run,500.0,95,-0.46574,-0.4651758793969849,100000,100
etc_vs_cfr_large,run,500.0,96,-0.25626,-0.2542814070351759,100000,100
etc_vs_cfr_large,run,500.0,97,-0.39695,-0.3960502512562814,100000,100
etc_vs_cfr_large,run,500.0,98,-0.39821,-0.3983015075376884,100000,100
etc_vs_cfr_large,run,500.0,99,-0.41904,-0.4162713567839196,100000,100
etc_vs_cfr_large,run,1000.0,0,-0.34044,-0.3343737373737374,100000,100
etc_vs_cfr_large,run,1000.0,1,-0.23719,-0.2328080808080808,100000,100
etc_vs_cfr_large,run,1000.0,2,-0.36727,-0.3643838383838383,100000,100
etc_vs_cfr_large,run,1000.0,3,-0.18348,-0.178030303030303,100000,100
etc_vs_cfr_large,run,1000.0,4,-0.41207,-0.409060606060606,100000,100
etc_vs_cfr_large,run,1000.0,5,-0.30505,-0.3037171717171717,100000,100
etc_vs_cfr_large,run,1000.0,6,-0.22879,-0.2226666666666666,100000,100
etc_vs_cfr_large,run,1000.0,7,-0.28584,-0.2841919191919192,100000,100
etc_vs_cfr_large,run,1000.0,8,-0.23369,-0.2276060606060606,100000,100
etc_vs_cfr_large,run,1000.0,9,-0.2579,-0.254070707070707,100000,100
etc_vs_cfr_large,run,1000.0,10,-0.25765,-0.2553535353535353,100000,100
etc_vs_cfr_large,run,1000.0,11,-0.34356,-0.3417676767676768,100000,100
etc_vs_cfr_large,run,1000.0,12,-0.28295,-0.2762424242424242,100000,100
etc_vs_cfr_large,run,1000.0,13,-0.39682,-0.3932626262626262,100000,100
etc_vs_cfr_large,run,1000.0,14,-0.23287,-0.2285151515151515,100000,100
etc_vs_cfr_large,run,1000.0,15,-0.23695,-0.2332626262626262,100000,100
etc_vs_cfr_large,run,1000.0,16,-0.26879,-0.2638080808080808,100000,100
etc_vs_cfr_large,run,1000.0,17,-0.28768,-0.2839191919191919,100000,100
etc_vs_cfr_large,run,1000.0,18,-0.18398,-0.1783232323232323,100000,100
etc_vs_cfr_large,run,1000.0,19,-0.4198,-0.4146767676767677,100000,100
etc_vs_cfr_large,run,1000.0,20,-0.22987,-0.2264040404040404,100000,100
etc_vs_cfr_large,run,1000.0,21,-0.30465,-0.3011010101010101,100000,100
etc_vs_cfr_large,run,1000.0,22,-0.22342,-0.2171313131313131,100000,100
etc_vs_cfr_large,run,1000.0,23,-0.25887,-0.2545151515151515,100000,100
etc_vs_cfr_large,run,1000.0,24,-0.26142,-0.2580909090909091,100000,100
etc_vs_cfr_large,run,1000.0,25,-0.23875,-0.2334242424242424,100000,100
etc_vs_cfr_large,run,1000.0,26,-0.35916,-0.357010101010101,100000,100
etc_vs_cfr_large,run,1000.0,27,-0.37657,-0.3734646464646464,100000,100
etc_vs_cfr_large,run,1000.0,28,-0.25495,-0.249060606060606,100000,100
etc_vs_cfr_large,run,1000.0,29,-0.30539,-0.3018585858585859,100000,100
etc_vs_cfr_large,run,1000.0,30,-0.2242,-0.2196161616161616,100000,100
etc_vs_cfr_large,run,1000.0,31,-0.21146,-0.2051414141414141,100000,100
etc_vs_cfr_large,run,1000.0,32,-0.28132,-0.2765353535353535,100000,100
etc_vs_cfr_large,run,1000.0,33,-0.31454,-0.310060606060606,100000,100
etc_vs_cfr_large,run,1000.0,34,-0.28527,-0.2786969696969697,100000,100
etc_vs_cfr_large,run,1000.0,35,-0.29304,-0.288050505050505,100000,100
etc_vs_cfr_large,run,1000.0,36,-0.42495,-0.4217777777777777,100000,100
etc_vs_cfr_large,run,1000.0,37,-0.38454,-0.3822727272727272,100000,100
etc_vs_cfr_large,run,1000.0,38,-0.24005,-0.2321313131313131,100000,100
etc_vs_cfr_large,run,1000.0,39,-0.25989,-0.255,100000,100
etc_vs_cfr_large,run,1000.0,40,-0.29382,-0.2899090909090909,100000,100
etc_vs_cfr_large,run,1000.0,41,-0.46276,-0.4593636363636363,100000,100
etc_vs_cfr_large,run,1000.0,42,-0.37092,-0.3685151515151515,100000,100
etc_vs_cfr_large,run,1000.0,43,-0.25881,-0.2548383838383838,100000,100
etc_vs_cfr_large,run,1000.0,44,-0.21871,-0.2143434343434343,100000,100
etc_vs_cfr_large,run,1000.0,45,-0.29844,-0.2935959595959596,100000,100
etc_vs_cfr_large,run,1000.0,46,-0.28295,-0.2775555555555555,100000,100
etc_vs_cfr_large,run,1000.0,47,-0.40681,-0.4028787878787879,100000,100
etc_vs_cfr_large,run,1000.0,48,-0.29446,-0.2902424242424242,100000,100
etc_vs_cfr_large,run,1000.0,49,-0.27082,-0.2669292929292929,100000,100
etc_vs_cfr_large,run,1000.0,50,-0.20294,-0.1977272727272727,100000,100
etc_vs_cfr_large,run,1000.0,51,-0.45727,-0.4543131313131313,100000,100
etc_vs_cfr_large,run,1000.0,52,-0.21029,-0.2019494949494949,100000,100
etc_vs_cfr_large,run,1000.0,53,-0.19203,-0.1872020202020202,100000,100
etc_vs_cfr_large,run,1000.0,54,-0.1623,-0.1587474747474747,100000,100
etc_vs_cfr_large,run,1000.0,55,-0.19546,-0.1894343434343434,100000,100
etc_vs_cfr_large,run,1000.0,56,-0.23468,-0.2306262626262626,100000,100
etc_vs_cfr_large,run,1000.0,57,-0.27839,-0.2739393939393939,100000,100
etc_vs_cfr_large,run,1000.0,58,-0.33801,-0.3308383838383838,100000,100
etc_vs_cfr_large,run,1000.0,59,-0.18561,-0.1792323232323232,100000,100
etc_vs_cfr_large,run,1000.0,60,-0.27049,-0.2661313131313131,100000,100
etc_vs_cfr_large,run,1000.0,61,-0.36051,-0.3579191919191919,100000,100
etc_vs_cfr_large,run,1000.0,62,-0.37052,-0.3671616161616162,100000,100
etc_vs_cfr_large,run,1000.0,63,-0.18929,-0.1814242424242424,100000,100
etc_vs_cfr_large,run,1000.0,64,-0.27543,-0.2682727272727273,100000,100
etc_vs_cfr_large,run,1000.0,65,-0.28854,-0.2833030303030303,100000,100
etc_vs_cfr_large,run,1000.0,66,-0.26897,-0.2653333333333333,100000,100
etc_vs_cfr_large,run,1000.0,67,-0.26513,-0.2608989898989899,100000,100
etc_vs_cfr_large,run,1000.0,68,-0.34836,-0.3434141414141414,100000,100
etc_vs_cfr_large,run,1000.0,69,-0.2597,-0.2556060606060606,100000,100
etc_vs_cfr_large,run,1000.0,70,-0.23316,-0.2263636363636363,100000,100
etc_vs_cfr_large,run,1000.0,71,-0.20497,-0.2001111111111111,100000,100
etc_vs_cfr_large,run,1000.0,72,-0.34084,-0.3368888888888889,100000,100
etc_vs_cfr_large,run,1000.0,73,-0.22485,-0.2195454545454545,100000,100
etc_vs_cfr_large,run,1000.0,74,-0.43828,-0.4369292929292929,100000,100
etc_vs_cfr_large,run,1000.0,75,-0.29694,-0.2933232323232323,100000,100
etc_vs_cfr_large,run,1000.0,76,-0.24541,-0.2414848484848485,100000,100
etc_vs_cfr_large,run,1000.0,77,-0.38296,-0.3774949494949495,100000,100
etc_vs_cfr_large,run,1000.0,78,-0.3388,-0.336040404040404,100000,100
etc_vs_cfr_large,run,1000.0,79,-0.22247,-0.2174343434343434,100000,100
etc_vs_cfr_large,run,1000.0,80,-0.26787,-0.264979797979798,100000,100
etc_vs_cfr_large,run,1000.0,81,-0.26595,-0.2633636363636363,100000,100
etc_vs_cfr_large,run,1000.0,82,-0.3704,-0.3689292929292929,100000,100
etc_vs_cfr_large,run,1000.0,83,-0.23512,-0.2302424242424242,100000,100
etc_vs_cfr_large,run,1000.0,84,-0.25157,-0.2466464646464646,100000,100
etc_vs_cfr_large,run,1000.0,85,-0.24856,-0.2443333333333333,100000,100
etc_vs_cfr_large,run,1000.0,86,-0.26703,-0.2626868686868687,100000,100
etc_vs_cfr_large,run,1000.0,87,-0.28449,-0.2801212121212121,100000,100
etc_vs_cfr_large,run,1000.0,88,-0.27768,-0.2748686868686869,100000,100
etc_vs_cfr_large,run,1000.0,89,-0.40255,-0.3981919191919192,100000,100
etc_vs_cfr_large,run,1000.0,90,-0.35965,-0.3578383838383838,100000,100
etc_vs_cfr_large,run,1000.0,91,-0.22012,-0.2156161616161616,100000,100
etc_vs_cfr_large,run,1000.0,92,-0.17138,-0.1687979797979798,100000,100
etc_vs_cfr_large,run,1000.0,93,-0.18254,-0.1747171717171717,100000,100
etc_vs_cfr_large,run,1000.0,94,-0.29407,-0.2888080808080808,100000,100
etc_vs_cfr_large,run,1000.0,95,-0.26517,-0.2617777777777778,100000,100
etc_vs_cfr_large,run,1000.0,96,-0.23823,-0.2351111111111111,100000,100
etc_vs_cfr_large,run,1000.0,97,-0.23574,-0.2296868686868687,100000,100
etc_vs_cfr_large,run,1000.0,98,-0.34875,-0.3475454545454545,100000,100
etc_vs_cfr_large,run,1000.0,99,-0.25624,-0.250030303030303,100000,100
etc_vs_cfr_large,run,1500.0,0,-0.25766,-0.2488426395939086,100000,100
etc_vs_cfr_large,run,1500.0,1,-0.37205,-0.3658071065989848,100000,100
etc_vs_cfr_large,run,1500.0,2,-0.32931,-0.3205583756345178,100000,100
etc_vs_cfr_large,run,1500.0,3,-0.27293,-0.2689035532994924,100000,100
etc_vs_cfr_large,run,1500.0,4,-0.22114,-0.2100304568527918,100000,100
etc_vs_cfr_large,run,1500.0,5,-0.19793,-0.1888324873096446,100000,100
etc_vs_cfr_large,run,1500.0,6,-0.184,-0.1751370558375634,100000,100
etc_vs_cfr_large,run,1500.0,7,-0.3248,-0.3195228426395939,100000,100
etc_vs_cfr_large,run,1500.0,8,-0.36441,-0.3596040609137055,100000,100
etc_vs_cfr_large,run,1500.0,9,-0.17198,-0.1644467005076142,100000,100
etc_vs_cfr_large,run,1500.0,10,-0.28458,-0.2765685279187817,100000,100
etc_vs_cfr_large,run,1500.0,11,-0.26483,-0.2568121827411168,100000,100
etc_vs_cfr_large,run,1500.0,12,-0.2233,-0.2170659898477157,100000,100
etc_vs_cfr_large,run,1500.0,13,-0.29248,-0.2889238578680203,100000,100
etc_vs_cfr_large,run,1500.0,14,-0.21676,-0.2108020304568527,100000,100
etc_vs_cfr_large,run,1500.0,15,-0.26192,-0.2543959390862944,100000,100
etc_vs_cfr_large,run,1500.0,16,-0.20684,-0.1991269035532994,100000,100
etc_vs_cfr_large,run,1500.0,17,-0.24699,-0.2407512690355329,100000,100
etc_vs_cfr_large,run,1500.0,18,-0.37461,-0.3690761421319797,100000,100
etc_vs_cfr_large,run,1500.0,19,-0.37366,-0.3697766497461929,100000,100
etc_vs_cfr_large,run,1500.0,20,-0.38675,-0.3799187817258883,100000,100
etc_vs_cfr_large,run,1500.0,21,-0.41906,-0.4136345177664974,100000,100
etc_vs_cfr_large,run,1500.0,22,-0.17609,-0.1653401015228426,100000,100
etc_vs_cfr_large,run,1500.0,23,-0.24113,-0.2321319796954314,100000,100
etc_vs_cfr_large,run,1500.0,24,-0.17966,-0.1680406091370558,100000,100
etc_vs_cfr_large,run,1500.0,25,-0.29563,-0.2890355329949238,100000,100
etc_vs_cfr_large,run,1500.0,26,-0.25528,-0.2462842639593908,100000,100
etc_vs_cfr_large,run,1500.0,27,-0.19764,-0.1885177664974619,100000,100
etc_vs_cfr_large,run,1500.0,28,-0.29339,-0.2870355329949238,100000,100
etc_vs_cfr_large,run,1500.0,29,-0.33443,-0.3274822335025381,100000,100
etc_vs_cfr_large,run,1500.0,30,-0.24767,-0.2436040609137056,100000,100
etc_vs_cfr_large,run,1500.0,31,-0.24044,-0.2368832487309644,100000,100
etc_vs_cfr_large,run,1500.0,32,-0.36361,-0.3576852791878173,100000,100
etc_vs_cfr_large,run,1500.0,33,-0.21884,-0.214,100000,100
etc_vs_cfr_large,run,1500.0,34,-0.37155,-0.3665786802030457,100000,100
etc_vs_cfr_large,run,1500.0,35,-0.30495,-0.2983756345177665,100000,100
etc_vs_cfr_large,run,1500.0,36,-0.21533,-0.2096548223350254,100000,100
etc_vs_cfr_large,run,1500.0,37,-0.31552,-0.3087208121827411,100000,100
etc_vs_cfr_large,run,1500.0,38,-0.19515,-0.1895329949238578,100000,100
etc_vs_cfr_large,run,1500.0,39,-0.34034,-0.3347005076142132,100000,100
etc_vs_cfr_large,run,1500.0,40,-0.28038,-0.2721421319796954,100000,100
etc_vs_cfr_large,run,1500.0,41,-0.22334,-0.2163045685279188,100000,100
etc_vs_cfr_large,run,1500.0,42,-0.23616,-0.2312994923857868,100000,100
etc_vs_cfr_large,run,1500.0,43,-0.21402,-0.2082639593908629,100000,100
etc_vs_cfr_large,run,1500.0,44,-0.33466,-0.3310964467005076,100000,100
etc_vs_cfr_large,run,1500.0,45,-0.19902,-0.192730964467005,100000,100
etc_vs_cfr_large,run,1500.0,46,-0.31702,-0.3121725888324873,100000,100
etc_vs_cfr_large,run,1500.0,47,-0.3469,-0.3424060913705584,100000,100
etc_vs_cfr_large,run,1500.0,48,-0.21582,-0.2106091370558375,100000,100
etc_vs_cfr_large,run,1500.0,49,-0.19476,-0.1899593908629441,100000,100
etc_vs_cfr_large,run,1500.0,50,-0.24883,-0.2438883248730964,100000,100
etc_vs_cfr_large,run,1500.0,51,-0.27564,-0.2700913705583756,100000,100
etc_vs_cfr_large,run,1500.0,52,-0.29636,-0.2893401015228426,100000,100
etc_vs_cfr_large,run,1500.0,53,-0.1797,-0.1751573604060913,100000,100
etc_vs_cfr_large,run,1500.0,54,-0.19597,-0.1886700507614213,100000,100
etc_vs_cfr_large,run,1500.0,55,-0.30405,-0.2980913705583756,100000,100
etc_vs_cfr_large,run,1500.0,56,-0.27545,-0.2694517766497462,100000,100
etc_vs_cfr_large,run,1500.0,57,-0.36984,-0.3672588832487309,100000,100
etc_vs_cfr_large,run,1500.0,58,-0.26732,-0.2604365482233503,100000,100
etc_vs_cfr_large,run,1500.0,59,-0.3006,-0.2952690355329949,100000,100
etc_vs_cfr_large,run,1500.0,60,-0.45086,-0.4505583756345178,100000,100
etc_vs_cfr_large,run,1500.0,61,-0.26051,-0.2564771573604061,100000,100
etc_vs_cfr_large,run,1500.0,62,-0.2882,-0.2811065989847716,100000,100
etc_vs_cfr_large,run,1500.0,63,-0.17948,-0.1717055837563451,100000,100
etc_vs_cfr_large,run,1500.0,64,-0.21467,-0.2056345177664974,100000,100
etc_vs_cfr_large,run,1500.0,65,-0.26501,-0.2598477157360406,100000,100
etc_vs_cfr_large,run,1500.0,66,-0.2327,-0.2239695431472081,100000,100
etc_vs_cfr_large,run,1500.0,67,-0.17522,-0.1644365482233502,100000,100
etc_vs_cfr_large,run,1500.0,68,-0.2368,-0.2291167512690355,100000,100
etc_vs_cfr_large,run,1500.0,69,-0.36524,-0.3598680203045685,100000,100
etc_vs_cfr_large,run,1500.0,70,-0.19654,-0.1887817258883248,100000,100
etc_vs_cfr_large,run,1500.0,71,-0.34494,-0.3399289340101523,100000,100
etc_vs_cfr_large,run,1500.0,72,-0.25209,-0.2440406091370558,100000,100
etc_vs_cfr_large,run,1500.0,73,-0.20693,-0.2015431472081218,100000,100
etc_vs_cfr_large,run,1500.0,74,-0.20851,-0.2005583756345177,100000,100
etc_vs_cfr_large,run,1500.0,75,-0.25257,-0.2440812182741116,100000,100
etc_vs_cfr_large,run,1500.0,76,-0.34827,-0.3415736040609137,100000,100
etc_vs_cfr_large,run,1500.0,77,-0.20512,-0.1979187817258883,100000,100
etc_vs_cfr_large,run,1500.0,78,-0.22187,-0.2145380710659898,100000,100
etc_vs_cfr_large,run,1500.0,79,-0.24323,-0.2376142131979695,100000,100
etc_vs_cfr_large,run,1500.0,80,-0.32311,-0.3186497461928934,100000,100
etc_vs_cfr_large,run,1500.0,81,-0.23846,-0.2342030456852792,100000,100
etc_vs_cfr_large,run,1500.0,82,-0.35348,-0.3495532994923858,100000,100
etc_vs_cfr_large,run,1500.0,83,-0.42652,-0.4240406091370558,100000,100
etc_vs_cfr_large,run,1500.0,84,-0.23318,-0.2248629441624365,100000,100
etc_vs_cfr_large,run,1500.0,85,-0.33644,-0.328751269035533,100000,100
etc_vs_cfr_large,run,1500.0,86,-0.39365,-0.3858680203045685,100000,100
etc_vs_cfr_large,run,1500.0,87,-0.21525,-0.2106192893401015,100000,100
etc_vs_cfr_large,run,1500.0,88,-0.31905,-0.3119086294416243,100000,100
etc_vs_cfr_large,run,1500.0,89,-0.25952,-0.2522335025380711,100000,100
etc_vs_cfr_large,run,1500.0,90,-0.30577,-0.2988121827411167,100000,100
etc_vs_cfr_large,run,1500.0,91,-0.18741,-0.1793299492385786,100000,100
etc_vs_cfr_large,run,1500.0,92,-0.46148,-0.4587715736040609,100000,100
etc_vs_cfr_large,run,1500.0,93,-0.16785,-0.1593502538071066,100000,100
etc_vs_cfr_large,run,1500.0,94,-0.23449,-0.2282233502538071,100000,100
etc_vs_cfr_large,run,1500.0,95,-0.31411,-0.3104365482233502,100000,100
etc_vs_cfr_large,run,1500.0,96,-0.50087,-0.4976345177664975,100000,100
etc_vs_cfr_large,run,1500.0,97,-0.32061,-0.3128426395939086,100000,100
etc_vs_cfr_large,run,1500.0,98,-0.29907,-0.2966497461928934,100000,100
etc_vs_cfr_large,run,1500.0,99,-0.18481,-0.1783350253807106,100000,100
etc_vs_cfr_large,run,2000.0,0,-0.21086,-0.2011020408163265,100000,100
etc_vs_cfr_large,run,2000.0,1,-0.22428,-0.2159081632653061,100000,100
etc_vs_cfr_large,run,2000.0,2,-0.21164,-0.2031326530612245,100000,100
etc_vs_cfr_large,run,2000.0,3,-0.20135,-0.1888163265306122,100000,100
etc_vs_cfr_large,run,2000.0,4,-0.29139,-0.2846326530612245,100000,100
etc_vs_cfr_large,run,2000.0,5,-0.23829,-0.2300408163265306,100000,100
etc_vs_cfr_large,run,2000.0,6,-0.23479,-0.2217857142857142,100000,100
etc_vs_cfr_large,run,2000.0,7,-0.20395,-0.1914591836734694,100000,100
etc_vs_cfr_large,run,2000.0,8,-0.22598,-0.2180816326530612,100000,100
etc_vs_cfr_large,run,2000.0,9,-0.20113,-0.190938775510204,100000,100
etc_vs_cfr_large,run,2000.0,10,-0.19052,-0.1794183673469387,100000,100
etc_vs_cfr_large,run,2000.0,11,-0.21019,-0.1991734693877551,100000,100
etc_vs_cfr_large,run,2000.0,12,-0.24782,-0.2386938775510204,100000,100
etc_vs_cfr_large,run,2000.0,13,-0.30518,-0.2976530612244898,100000,100
etc_vs_cfr_large,run,2000.0,14,-0.25031,-0.2408979591836734,100000,100
etc_vs_cfr_large,run,2000.0,15,-0.24996,-0.2424591836734694,100000,100
etc_vs_cfr_large,run,2000.0,16,-0.21874,-0.2063877551020408,100000,100
etc_vs_cfr_large,run,2000.0,17,-0.19589,-0.1870612244897959,100000,100
etc_vs_cfr_large,run,2000.0,18,-0.26359,-0.2533367346938776,100000,100
etc_vs_cfr_large,run,2000.0,19,-0.33122,-0.3229591836734694,100000,100
etc_vs_cfr_large,run,2000.0,20,-0.2037,-0.1969183673469387,100000,100
etc_vs_cfr_large,run,2000.0,21,-0.25827,-0.2488367346938775,100000,100
etc_vs_cfr_large,run,2000.0,22,-0.23865,-0.2288673469387755,100000,100
etc_vs_cfr_large,run,2000.0,23,-0.3135,-0.3062959183673469,100000,100
etc_vs_cfr_large,run,2000.0,24,-0.2318,-0.2222448979591836,100000,100
etc_vs_cfr_large,run,2000.0,25,-0.20371,-0.1980510204081632,100000,100
etc_vs_cfr_large,run,2000.0,26,-0.3124,-0.3017551020408163,100000,100
etc_vs_cfr_large,run,2000.0,27,-0.18202,-0.1707551020408163,100000,100
etc_vs_cfr_large,run,2000.0,28,-0.25478,-0.2419183673469387,100000,100
etc_vs_cfr_large,run,2000.0,29,-0.26384,-0.2543469387755102,100000,100
etc_vs_cfr_large,run,2000.0,30,-0.14159,-0.1299081632653061,100000,100
etc_vs_cfr_large,run,2000.0,31,-0.35817,-0.3536734693877551,100000,100
etc_vs_cfr_large,run,2000.0,32,-0.20481,-0.1962857142857142,100000,100
etc_vs_cfr_large,run,2000.0,33,-0.2645,-0.2544897959183673,100000,100
etc_vs_cfr_large,run,2000.0,34,-0.21257,-0.2028571428571428,100000,100
etc_vs_cfr_large,run,2000.0,35,-0.25581,-0.2419183673469387,100000,100
etc_vs_cfr_large,run,2000.0,36,-0.18811,-0.178938775510204,100000,100
etc_vs_cfr_large,run,2000.0,37,-0.24286,-0.2338775510204081,100000,100
etc_vs_cfr_large,run,2000.0,38,-0.16243,-0.1534183673469387,100000,100
etc_vs_cfr_large,run,2000.0,39,-0.1913,-0.1831428571428571,100000,100
etc_vs_cfr_large,run,2000.0,40,-0.20599,-0.2005306122448979,100000,100
etc_vs_cfr_large,run,2000.0,41,-0.41753,-0.4086122448979591,100000,100
etc_vs_cfr_large,run,2000.0,42,-0.21948,-0.2090714285714285,100000,100
etc_vs_cfr_large,run,2000.0,43,-0.19111,-0.175704081632653,100000,100
etc_vs_cfr_large,run,2000.0,44,-0.39862,-0.3926632653061224,100000,100
etc_vs_cfr_large,run,2000.0,45,-0.2062,-0.196234693877551,100000,100
etc_vs_cfr_large,run,2000.0,46,-0.31072,-0.3014081632653061,100000,100
etc_vs_cfr_large,run,2000.0,47,-0.23175,-0.2219795918367346,100000,100
etc_vs_cfr_large,run,2000.0,48,-0.2948,-0.2831632653061224,100000,100
etc_vs_cfr_large,run,2000.0,49,-0.23826,-0.2275102040816326,100000,100
etc_vs_cfr_large,run,2000.0,50,-0.17027,-0.1568673469387755,100000,100
etc_vs_cfr_large,run,2000.0,51,-0.24962,-0.240704081632653,100000,100
etc_vs_cfr_large,run,2000.0,52,-0.22421,-0.2111938775510204,100000,100
etc_vs_cfr_large,run,2000.0,53,-0.23628,-0.2315510204081632,100000,100
etc_vs_cfr_large,run,2000.0,54,-0.23761,-0.225734693877551,100000,100
etc_vs_cfr_large,run,2000.0,55,-0.20862,-0.2000816326530612,100000,100
etc_vs_cfr_large,run,2000.0,56,-0.209,-0.1985510204081632,100000,100
etc_vs_cfr_large,run,2000.0,57,-0.27332,-0.2655918367346939,100000,100
etc_vs_cfr_large,run,2000.0,58,-0.3292,-0.324438775510204,100000,100
etc_vs_cfr_large,run,2000.0,59,-0.17768,-0.1684081632653061,100000,100
etc_vs_cfr_large,run,2000.0,60,-0.29227,-0.2837448979591837,100000,100
etc_vs_cfr_large,run,2000.0,61,-0.20216,-0.1886326530612244,100000,100
etc_vs_cfr_large,run,2000.0,62,-0.29202,-0.2787448979591836,100000,100
etc_vs_cfr_large,run,2000.0,63,-0.18175,-0.1710612244897959,100000,100
etc_vs_cfr_large,run,2000.0,64,-0.2112,-0.198704081632653,100000,100
etc_vs_cfr_large,run,2000.0,65,-0.21162,-0.2016224489795918,100000,100
etc_vs_cfr_large,run,2000.0,66,-0.2923,-0.2830612244897959,100000,100
etc_vs_cfr_large,run,2000.0,67,-0.40723,-0.3983979591836735,100000,100
etc_vs_cfr_large,run,2000.0,68,-0.47117,-0.4707244897959183,100000,100
etc_vs_cfr_large,run,2000.0,69,-0.26555,-0.2577653061224489,100000,100
etc_vs_cfr_large,run,2000.0,70,-0.28845,-0.2783469387755102,100000,100
etc_vs_cfr_large,run,2000.0,71,-0.13926,-0.1268469387755102,100000,100
etc_vs_cfr_large,run,2000.0,72,-0.27045,-0.2626122448979592,100000,100
etc_vs_cfr_large,run,2000.0,73,-0.22327,-0.2138163265306122,100000,100
etc_vs_cfr_large,run,2000.0,74,-0.32061,-0.3115204081632653,100000,100
etc_vs_cfr_large,run,2000.0,75,-0.29817,-0.291704081632653,100000,100
etc_vs_cfr_large,run,2000.0,76,-0.25853,-0.2508367346938775,100000,100
etc_vs_cfr_large,run,2000.0,77,-0.27598,-0.2683469387755102,100000,100
etc_vs_cfr_large,run,2000.0,78,-0.21104,-0.200234693877551,100000,100
etc_vs_cfr_large,run,2000.0,79,-0.28451,-0.2776530612244898,100000,100
etc_vs_cfr_large,run,2000.0,80,-0.31887,-0.3090408163265306,100000,100
etc_vs_cfr_large,run,2000.0,81,-0.26181,-0.2558775510204081,100000,100
etc_vs_cfr_large,run,2000.0,82,-0.20765,-0.1973979591836734,100000,100
etc_vs_cfr_large,run,2000.0,83,-0.25263,-0.2420102040816326,100000,100
etc_vs_cfr_large,run,2000.0,84,-0.17514,-0.1641530612244898,100000,100
etc_vs_cfr_large,run,2000.0,85,-0.21437,-0.2055408163265306,100000,100
etc_vs_cfr_large,run,2000.0,86,-0.22082,-0.2135,100000,100
etc_vs_cfr_large,run,2000.0,87,-0.19136,-0.1804183673469387,100000,100
etc_vs_cfr_large,run,2000.0,88,-0.41206,-0.4045,100000,100
etc_vs_cfr_large,run,2000.0,89,-0.14127,-0.1277755102040816,100000,100
etc_vs_cfr_large,run,2000.0,90,-0.25585,-0.2470510204081632,100000,100
etc_vs_cfr_large,run,2000.0,91,-0.12044,-0.1106224489795918,100000,100
etc_vs_cfr_large,run,2000.0,92,-0.2162,-0.206234693877551,100000,100
etc_vs_cfr_large,run,2000.0,93,-0.19346,-0.1863469387755102,100000,100
etc_vs_cfr_large,run,2000.0,94,-0.21401,-0.2015816326530612,100000,100
etc_vs_cfr_large,run,2000.0,95,-0.24474,-0.2329795918367347,100000,100
etc_vs_cfr_large,run,2000.0,96,-0.21773,-0.2092142857142857,100000,100
etc_vs_cfr_large,run,2000.0,97,-0.31463,-0.3106938775510204,100000,100
etc_vs_cfr_large,run,2000.0,98,-0.25852,-0.2482755102040816,100000,100
etc_vs_cfr_large,run,2000.0,99,-0.24957,-0.2450816326530612,100000,100
etc_vs_cfr_large,run,5000.0,0,-0.27965,-0.2561263157894737,100000,100
etc_vs_cfr_large,run,5000.0,1,-0.26355,-0.2391368421052631,100000,100
etc_vs_cfr_large,run,5000.0,2,-0.33123,-0.3074526315789473,100000,100
etc_vs_cfr_large,run,5000.0,3,-0.28863,-0.2701578947368421,100000,100
etc_vs_cfr_large,run,5000.0,4,-0.20048,-0.1767473684210526,100000,100
etc_vs_cfr_large,run,5000.0,5,-0.24437,-0.2247368421052631,100000,100
etc_vs_cfr_large,run,5000.0,6,-0.24285,-0.2221052631578947,100000,100
etc_vs_cfr_large,run,5000.0,7,-0.19178,-0.1659894736842105,100000,100
etc_vs_cfr_large,run,5000.0,8,-0.23542,-0.208778947368421,100000,100
etc_vs_cfr_large,run,5000.0,9,-0.293,-0.2759684210526316,100000,100
etc_vs_cfr_large,run,5000.0,10,-0.22816,-0.2017263157894737,100000,100
etc_vs_cfr_large,run,5000.0,11,-0.23329,-0.2076526315789473,100000,100
etc_vs_cfr_large,run,5000.0,12,-0.34193,-0.3224631578947368,100000,100
etc_vs_cfr_large,run,5000.0,13,-0.2478,-0.2261263157894736,100000,100
etc_vs_cfr_large,run,5000.0,14,-0.3621,-0.3480421052631579,100000,100
etc_vs_cfr_large,run,5000.0,15,-0.20896,-0.1840526315789473,100000,100
etc_vs_cfr_large,run,5000.0,16,-0.2106,-0.1819894736842105,100000,100
etc_vs_cfr_large,run,5000.0,17,-0.25081,-0.2216736842105263,100000,100
etc_vs_cfr_large,run,5000.0,18,-0.18068,-0.1538947368421052,100000,100
etc_vs_cfr_large,run,5000.0,19,-0.25627,-0.2236,100000,100
etc_vs_cfr_large,run,5000.0,20,-0.27805,-0.2535684210526315,100000,100
etc_vs_cfr_large,run,5000.0,21,-0.17674,-0.1458421052631578,100000,100
etc_vs_cfr_large,run,5000.0,22,-0.30852,-0.2918105263157894,100000,100
etc_vs_cfr_large,run,5000.0,23,-0.20546,-0.1806105263157894,100000,100
etc_vs_cfr_large,run,5000.0,24,-0.38841,-0.3763578947368421,100000,100
etc_vs_cfr_large,run,5000.0,25,-0.24742,-0.2307578947368421,100000,100
etc_vs_cfr_large,run,5000.0,26,-0.17132,-0.1440736842105263,100000,100
etc_vs_cfr_large,run,5000.0,27,-0.26027,-0.236578947368421,100000,100
etc_vs_cfr_large,run,5000.0,28,-0.29355,-0.2701263157894736,100000,100
etc_vs_cfr_large,run,5000.0,29,-0.21711,-0.1918631578947368,100000,100
etc_vs_cfr_large,run,5000.0,30,-0.23812,-0.2182736842105263,100000,100
etc_vs_cfr_large,run,5000.0,31,-0.28602,-0.2620526315789473,100000,100
etc_vs_cfr_large,run,5000.0,32,-0.33769,-0.3232736842105263,100000,100
etc_vs_cfr_large,run,5000.0,33,-0.20391,-0.1775684210526315,100000,100
etc_vs_cfr_large,run,5000.0,34,-0.2471,-0.2244315789473684,100000,100
etc_vs_cfr_large,run,5000.0,35,-0.31521,-0.2921157894736842,100000,100
etc_vs_cfr_large,run,5000.0,36,-0.1971,-0.1708210526315789,100000,100
etc_vs_cfr_large,run,5000.0,37,-0.23245,-0.2044631578947368,100000,100
etc_vs_cfr_large,run,5000.0,38,-0.17775,-0.1501894736842105,100000,100
etc_vs_cfr_large,run,5000.0,39,-0.28267,-0.2562842105263158,100000,100
etc_vs_cfr_large,run,5000.0,40,-0.16231,-0.1345263157894737,100000,100
etc_vs_cfr_large,run,5000.0,41,-0.2066,-0.1793473684210526,100000,100
etc_vs_cfr_large,run,5000.0,42,-0.24524,-0.2158105263157894,100000,100
etc_vs_cfr_large,run,5000.0,43,-0.18455,-0.162578947368421,100000,100
etc_vs_cfr_large,run,5000.0,44,-0.24167,-0.2228526315789473,100000,100
etc_vs_cfr_large,run,5000.0,45,-0.23941,-0.2173578947368421,100000,100
etc_vs_cfr_large,run,5000.0,46,-0.29306,-0.2690105263157895,100000,100
etc_vs_cfr_large,run,5000.0,47,-0.23448,-0.2090210526315789,100000,100
etc_vs_cfr_large,run,5000.0,48,-0.22363,-0.2024736842105263,100000,100
etc_vs_cfr_large,run,5000.0,49,-0.27757,-0.2508526315789474,100000,100
etc_vs_cfr_large,run,5000.0,50,-0.22537,-0.2007157894736842,100000,100
etc_vs_cfr_large,run,5000.0,51,-0.26482,-0.2392631578947368,100000,100
etc_vs_cfr_large,run,5000.0,52,-0.26253,-0.237378947368421,100000,100
etc_vs_cfr_large,run,5000.0,53,-0.24497,-0.222,100000,100
etc_vs_cfr_large,run,5000.0,54,-0.2168,-0.1866631578947368,100000,100
etc_vs_cfr_large,run,5000.0,55,-0.21799,-0.1964210526315789,100000,100
etc_vs_cfr_large,run,5000.0,56,-0.17128,-0.1365894736842105,100000,100
etc_vs_cfr_large,run,5000.0,57,-0.24222,-0.2179368421052631,100000,100
etc_vs_cfr_large,run,5000.0,58,-0.20239,-0.1850526315789473,100000,100
etc_vs_cfr_large,run,5000.0,59,-0.13676,-0.1054842105263157,100000,100
etc_vs_cfr_large,run,5000.0,60,-0.27807,-0.255,100000,100
etc_vs_cfr_large,run,5000.0,61,-0.2168,-0.1896526315789473,100000,100
etc_vs_cfr_large,run,5000.0,62,-0.29919,-0.2748,100000,100
etc_vs_cfr_large,run,5000.0,63,-0.19683,-0.1742736842105263,100000,100
etc_vs_cfr_large,run,5000.0,64,-0.19682,-0.176978947368421,100000,100
etc_vs_cfr_large,run,5000.0,65,-0.21723,-0.1890842105263158,100000,100
etc_vs_cfr_large,run,5000.0,66,-0.20278,-0.1707157894736842,100000,100
etc_vs_cfr_large,run,5000.0,67,-0.30778,-0.2868210526315789,100000,100
etc_vs_cfr_large,run,5000.0,68,-0.24059,-0.2192421052631579,100000,100
etc_vs_cfr_large,run,5000.0,69,-0.22712,-0.1958210526315789,100000,100
etc_vs_cfr_large,run,5000.0,70,-0.25675,-0.2321263157894736,100000,100
etc_vs_cfr_large,run,5000.0,71,-0.26135,-0.2376631578947368,100000,100
etc_vs_cfr_large,run,5000.0,72,-0.1657,-0.1349894736842105,100000,100
etc_vs_cfr_large,run,5000.0,73,-0.21403,-0.1921368421052631,100000,100
etc_vs_cfr_large,run,5000.0,74,-0.26722,-0.2502526315789474,100000,100
etc_vs_cfr_large,run,5000.0,75,-0.17997,-0.1540210526315789,100000,100
etc_vs_cfr_large,run,5000.0,76,-0.19126,-0.1667263157894737,100000,100
etc_vs_cfr_large,run,5000.0,77,-0.21163,-0.1806,100000,100
etc_vs_cfr_large,run,5000.0,78,-0.23969,-0.2142736842105263,100000,100
etc_vs_cfr_large,run,5000.0,79,-0.26245,-0.2352105263157894,100000,100
etc_vs_cfr_large,run,5000.0,80,-0.23436,-0.2065157894736842,100000,100
etc_vs_cfr_large,run,5000.0,81,-0.21003,-0.1797263157894736,100000,100
etc_vs_cfr_large,run,5000.0,82,-0.23299,-0.2066,100000,100
etc_vs_cfr_large,run,5000.0,83,-0.2359,-0.2109368421052631,100000,100
etc_vs_cfr_large,run,5000.0,84,-0.24887,-0.2245368421052631,100000,100
etc_vs_cfr_large,run,5000.0,85,-0.21935,-0.1879263157894737,100000,100
etc_vs_cfr_large,run,5000.0,86,-0.2253,-0.2078421052631578,100000,100
etc_vs_cfr_large,run,5000.0,87,-0.24427,-0.2184842105263157,100000,100
etc_vs_cfr_large,run,5000.0,88,-0.26396,-0.2391578947368421,100000,100
etc_vs_cfr_large,run,5000.0,89,-0.41426,-0.3987052631578947,100000,100
etc_vs_cfr_large,run,5000.0,90,-0.22277,-0.1940842105263157,100000,100
etc_vs_cfr_large,run,5000.0,91,-0.26141,-0.2393052631578947,100000,100
etc_vs_cfr_large,run,5000.0,92,-0.19729,-0.1736105263157894,100000,100
etc_vs_cfr_large,run,5000.0,93,-0.19141,-0.160178947368421,100000,100
etc_vs_cfr_large,run,5000.0,94,-0.31175,-0.2942947368421053,100000,100
etc_vs_cfr_large,run,5000.0,95,-0.23152,-0.2077473684210526,100000,100
etc_vs_cfr_large,run,5000.0,96,-0.21365,-0.1848,100000,100
etc_vs_cfr_large,run,5000.0,97,-0.30455,-0.2893578947368421,100000,100
etc_vs_cfr_large,run,5000.0,98,-0.17412,-0.1482210526315789,100000,100
etc_vs_cfr_large,run,5000.0,99,-0.22727,-0.2036105263157894,100000,100
etc_vs_cfr_large,run,10000.0,0,-0.28266,-0.2380222222222222,100000,100
etc_vs_cfr_large,run,10000.0,1,-0.28743,-0.2414333333333333,100000,100
etc_vs_cfr_large,run,10000.0,2,-0.24227,-0.1892222222222222,100000,100
etc_vs_cfr_large,run,10000.0,3,-0.21195,-0.1587333333333333,100000,100
etc_vs_cfr_large,run,10000.0,4,-0.27731,-0.2294888888888888,100000,100
etc_vs_cfr_large,run,10000.0,5,-0.2306,-0.1710777777777777,100000,100
etc_vs_cfr_large,run,10000.0,6,-0.2105,-0.1546111111111111,100000,100
etc_vs_cfr_large,run,10000.0,7,-0.25758,-0.2119,100000,100
etc_vs_cfr_large,run,10000.0,8,-0.22951,-0.1770666666666666,100000,100
etc_vs_cfr_large,run,10000.0,9,-0.29266,-0.2398333333333333,100000,100
etc_vs_cfr_large,run,10000.0,10,-0.22115,-0.1721666666666666,100000,100
etc_vs_cfr_large,run,10000.0,11,-0.24424,-0.1894222222222222,100000,100
etc_vs_cfr_large,run,10000.0,12,-0.27921,-0.2334888888888888,100000,100
etc_vs_cfr_large,run,10000.0,13,-0.30281,-0.2623333333333333,100000,100
etc_vs_cfr_large,run,10000.0,14,-0.2901,-0.2518555555555555,100000,100
etc_vs_cfr_large,run,10000.0,15,-0.24987,-0.1958111111111111,100000,100
etc_vs_cfr_large,run,10000.0,16,-0.27192,-0.2319777777777777,100000,100
etc_vs_cfr_large,run,10000.0,17,-0.28535,-0.2398111111111111,100000,100
etc_vs_cfr_large,run,10000.0,18,-0.23426,-0.1777222222222222,100000,100
etc_vs_cfr_large,run,10000.0,19,-0.26435,-0.2112111111111111,100000,100
etc_vs_cfr_large,run,10000.0,20,-0.27556,-0.2333333333333333,100000,100
etc_vs_cfr_large,run,10000.0,21,-0.28917,-0.2399888888888889,100000,100
etc_vs_cfr_large,run,10000.0,22,-0.28187,-0.2368222222222222,100000,100
etc_vs_cfr_large,run,10000.0,23,-0.22428,-0.1725444444444444,100000,100
etc_vs_cfr_large,run,10000.0,24,-0.28176,-0.2372333333333333,100000,100
etc_vs_cfr_large,run,10000.0,25,-0.2321,-0.1752,100000,100
etc_vs_cfr_large,run,10000.0,26,-0.31783,-0.279,100000,100
etc_vs_cfr_large,run,10000.0,27,-0.26133,-0.2125333333333333,100000,100
etc_vs_cfr_large,run,10000.0,28,-0.25153,-0.2019555555555555,100000,100
etc_vs_cfr_large,run,10000.0,29,-0.26804,-0.2219444444444444,100000,100
etc_vs_cfr_large,run,10000.0,30,-0.23028,-0.1768555555555555,100000,100
etc_vs_cfr_large,run,10000.0,31,-0.22546,-0.1677666666666666,100000,100
etc_vs_cfr_large,run,10000.0,32,-0.2813,-0.2356222222222222,100000,100
etc_vs_cfr_large,run,10000.0,33,-0.33608,-0.2860777777777777,100000,100
etc_vs_cfr_large,run,10000.0,34,-0.27733,-0.2326777777777778,100000,100
etc_vs_cfr_large,run,10000.0,35,-0.29209,-0.2476666666666666,100000,100
etc_vs_cfr_large,run,10000.0,36,-0.28335,-0.2266333333333333,100000,100
etc_vs_cfr_large,run,10000.0,37,-0.23591,-0.1830555555555555,100000,100
etc_vs_cfr_large,run,10000.0,38,-0.24733,-0.2023333333333333,100000,100
etc_vs_cfr_large,run,10000.0,39,-0.21537,-0.1575,100000,100
etc_vs_cfr_large,run,10000.0,40,-0.31395,-0.2722333333333333,100000,100
etc_vs_cfr_large,run,10000.0,41,-0.25713,-0.222,100000,100
etc_vs_cfr_large,run,10000.0,42,-0.32503,-0.2838666666666666,100000,100
etc_vs_cfr_large,run,10000.0,43,-0.24053,-0.1873333333333333,100000,100
etc_vs_cfr_large,run,10000.0,44,-0.2073,-0.1502333333333333,100000,100
etc_vs_cfr_large,run,10000.0,45,-0.22954,-0.1694333333333333,100000,100
etc_vs_cfr_large,run,10000.0,46,-0.26002,-0.2183888888888888,100000,100
etc_vs_cfr_large,run,10000.0,47,-0.32519,-0.2894333333333333,100000,100
etc_vs_cfr_large,run,10000.0,48,-0.24148,-0.1907333333333333,100000,100
etc_vs_cfr_large,run,10000.0,49,-0.22995,-0.1719111111111111,100000,100
etc_vs_cfr_large,run,10000.0,50,-0.22625,-0.1683888888888889,100000,100
etc_vs_cfr_large,run,10000.0,51,-0.29144,-0.2361555555555555,100000,100
etc_vs_cfr_large,run,10000.0,52,-0.28492,-0.2398222222222222,100000,100
etc_vs_cfr_large,run,10000.0,53,-0.2205,-0.1662333333333333,100000,100
etc_vs_cfr_large,run,10000.0,54,-0.30766,-0.2549222222222222,100000,100
etc_vs_cfr_large,run,10000.0,55,-0.23246,-0.1806,100000,100
etc_vs_cfr_large,run,10000.0,56,-0.24817,-0.1998555555555555,100000,100
etc_vs_cfr_large,run,10000.0,57,-0.21597,-0.1578,100000,100
etc_vs_cfr_large,run,10000.0,58,-0.21331,-0.1536888888888889,100000,100
etc_vs_cfr_large,run,10000.0,59,-0.21778,-0.1611777777777777,100000,100
etc_vs_cfr_large,run,10000.0,60,-0.20024,-0.1391555555555555,100000,100
etc_vs_cfr_large,run,10000.0,61,-0.28561,-0.2335333333333333,100000,100
etc_vs_cfr_large,run,10000.0,62,-0.23837,-0.1910666666666666,100000,100
etc_vs_cfr_large,run,10000.0,63,-0.22665,-0.1716222222222222,100000,100
etc_vs_cfr_large,run,10000.0,64,-0.24228,-0.1931333333333333,100000,100
etc_vs_cfr_large,run,10000.0,65,-0.23902,-0.1865444444444444,100000,100
etc_vs_cfr_large,run,10000.0,66,-0.27706,-0.2259111111111111,100000,100
etc_vs_cfr_large,run,10000.0,67,-0.26569,-0.2115111111111111,100000,100
etc_vs_cfr_large,run,10000.0,68,-0.22971,-0.1755111111111111,100000,100
etc_vs_cfr_large,run,10000.0,69,-0.28575,-0.2412555555555555,100000,100
etc_vs_cfr_large,run,10000.0,70,-0.15321,-0.0935777777777777,100000,100
etc_vs_cfr_large,run,10000.0,71,-0.25616,-0.2126111111111111,100000,100
etc_vs_cfr_large,run,10000.0,72,-0.30036,-0.2611444444444444,100000,100
etc_vs_cfr_large,run,10000.0,73,-0.22206,-0.1719222222222222,100000,100
etc_vs_cfr_large,run,10000.0,74,-0.27956,-0.2304,100000,100
etc_vs_cfr_large,run,10000.0,75,-0.28534,-0.2383666666666666,100000,100
etc_vs_cfr_large,run,10000.0,76,-0.18562,-0.1280777777777778,100000,100
etc_vs_cfr_large,run,10000.0,77,-0.25187,-0.1974888888888888,100000,100
etc_vs_cfr_large,run,10000.0,78,-0.29991,-0.2521,100000,100
etc_vs_cfr_large,run,10000.0,79,-0.23882,-0.1862777777777777,100000,100
etc_vs_cfr_large,run,10000.0,80,-0.1956,-0.1327111111111111,100000,100
etc_vs_cfr_large,run,10000.0,81,-0.28265,-0.232,100000,100
etc_vs_cfr_large,run,10000.0,82,-0.26807,-0.2164666666666666,100000,100
etc_vs_cfr_large,run,10000.0,83,-0.22998,-0.1705,100000,100
etc_vs_cfr_large,run,10000.0,84,-0.24594,-0.1888777777777777,100000,100
etc_vs_cfr_large,run,10000.0,85,-0.26649,-0.2187222222222222,100000,100
etc_vs_cfr_large,run,10000.0,86,-0.2628,-0.2102111111111111,100000,100
etc_vs_cfr_large,run,10000.0,87,-0.26314,-0.2074666666666666,100000,100
etc_vs_cfr_large,run,10000.0,88,-0.26695,-0.2240666666666666,100000,100
etc_vs_cfr_large,run,10000.0,89,-0.27965,-0.2408444444444444,100000,100
etc_vs_cfr_large,run,10000.0,90,-0.22028,-0.1637444444444444,100000,100
etc_vs_cfr_large,run,10000.0,91,-0.35769,-0.3202333333333333,100000,100
etc_vs_cfr_large,run,10000.0,92,-0.25553,-0.2111222222222222,100000,100
etc_vs_cfr_large,run,10000.0,93,-0.25462,-0.2055222222222222,100000,100
etc_vs_cfr_large,run,10000.0,94,-0.25284,-0.2101111111111111,100000,100
etc_vs_cfr_large,run,10000.0,95,-0.28065,-0.2355333333333333,100000,100
etc_vs_cfr_large,run,10000.0,96,-0.23037,-0.1719666666666666,100000,100
etc_vs_cfr_large,run,10000.0,97,-0.29633,-0.2476111111111111,100000,100
etc_vs_cfr_large,run,10000.0,98,-0.26888,-0.2188888888888888,100000,100
etc_vs_cfr_large,run,10000.0,99,-0.22371,-0.1782666666666666,100000,100
etc_vs_cfr_large,run,20000.0,0,-0.31422,-0.2250125,100000,100
etc_vs_cfr_large,run,20000.0,1,-0.28401,-0.1988,100000,100
etc_vs_cfr_large,run,20000.0,2,-0.24323,-0.131,100000,100
etc_vs_cfr_large,run,20000.0,3,-0.2829,-0.1785875,100000,100
etc_vs_cfr_large,run,20000.0,4,-0.29158,-0.1838125,100000,100
etc_vs_cfr_large,run,20000.0,5,-0.2981,-0.1934375,100000,100
etc_vs_cfr_large,run,20000.0,6,-0.33069,-0.2157,100000,100
etc_vs_cfr_large,run,20000.0,7,-0.28664,-0.180775,100000,100
etc_vs_cfr_large,run,20000.0,8,-0.26212,-0.1587375,100000,100
etc_vs_cfr_large,run,20000.0,9,-0.29828,-0.19545,100000,100
etc_vs_cfr_large,run,20000.0,10,-0.33914,-0.2546375,100000,100
etc_vs_cfr_large,run,20000.0,11,-0.27615,-0.16015,100000,100
etc_vs_cfr_large,run,20000.0,12,-0.27593,-0.1723,100000,100
etc_vs_cfr_large,run,20000.0,13,-0.28639,-0.1800875,100000,100
etc_vs_cfr_large,run,20000.0,14,-0.31902,-0.2255875,100000,100
etc_vs_cfr_large,run,20000.0,15,-0.31001,-0.216175,100000,100
etc_vs_cfr_large,run,20000.0,16,-0.31278,-0.2200625,100000,100
etc_vs_cfr_large,run,20000.0,17,-0.26586,-0.1571,100000,100
etc_vs_cfr_large,run,20000.0,18,-0.33335,-0.2437,100000,100
etc_vs_cfr_large,run,20000.0,19,-0.30679,-0.2044,100000,100
etc_vs_cfr_large,run,20000.0,20,-0.28271,-0.1870875,100000,100
etc_vs_cfr_large,run,20000.0,21,-0.26823,-0.1722125,100000,100
etc_vs_cfr_large,run,20000.0,22,-0.29281,-0.18755,100000,100
etc_vs_cfr_large,run,20000.0,23,-0.27895,-0.1611125,100000,100
etc_vs_cfr_large,run,20000.0,24,-0.27292,-0.170875,100000,100
etc_vs_cfr_large,run,20000.0,25,-0.30673,-0.1999875,100000,100
etc_vs_cfr_large,run,20000.0,26,-0.23555,-0.1126875,100000,100
etc_vs_cfr_large,run,20000.0,27,-0.2923,-0.184875,100000,100
etc_vs_cfr_large,run,20000.0,28,-0.29464,-0.191575,100000,100
etc_vs_cfr_large,run,20000.0,29,-0.29139,-0.184275,100000,100
etc_vs_cfr_large,run,20000.0,30,-0.30641,-0.196675,100000,100
etc_vs_cfr_large,run,20000.0,31,-0.24568,-0.128725,100000,100
etc_vs_cfr_large,run,20000.0,32,-0.35345,-0.267125,100000,100
etc_vs_cfr_large,run,20000.0,33,-0.29757,-0.196875,100000,100
etc_vs_cfr_large,run,20000.0,34,-0.28702,-0.19115,100000,100
etc_vs_cfr_large,run,20000.0,35,-0.28144,-0.1770375,100000,100
etc_vs_cfr_large,run,20000.0,36,-0.28725,-0.1824875,100000,100
etc_vs_cfr_large,run,20000.0,37,-0.30008,-0.20685,100000,100
etc_vs_cfr_large,run,20000.0,38,-0.31662,-0.220325,100000,100
etc_vs_cfr_large,run,20000.0,39,-0.29902,-0.2002125,100000,100
etc_vs_cfr_large,run,20000.0,40,-0.31434,-0.2272,100000,100
etc_vs_cfr_large,run,20000.0,41,-0.33596,-0.2308875,100000,100
etc_vs_cfr_large,run,20000.0,42,-0.30591,-0.1990625,100000,100
etc_vs_cfr_large,run,20000.0,43,-0.30302,-0.197225,100000,100
etc_vs_cfr_large,run,20000.0,44,-0.27334,-0.1621375,100000,100
etc_vs_cfr_large,run,20000.0,45,-0.26908,-0.150225,100000,100
etc_vs_cfr_large,run,20000.0,46,-0.3096,-0.2264,100000,100
etc_vs_cfr_large,run,20000.0,47,-0.27029,-0.17525,100000,100
etc_vs_cfr_large,run,20000.0,48,-0.30712,-0.2002875,100000,100
etc_vs_cfr_large,run,20000.0,49,-0.3168,-0.225175,100000,100
etc_vs_cfr_large,run,20000.0,50,-0.35706,-0.275275,100000,100
etc_vs_cfr_large,run,20000.0,51,-0.3245,-0.228275,100000,100
etc_vs_cfr_large,run,20000.0,52,-0.29072,-0.1945,100000,100
etc_vs_cfr_large,run,20000.0,53,-0.30271,-0.2152125,100000,100
etc_vs_cfr_large,run,20000.0,54,-0.30006,-0.204425,100000,100
etc_vs_cfr_large,run,20000.0,55,-0.25606,-0.144025,100000,100
etc_vs_cfr_large,run,20000.0,56,-0.32612,-0.22965,100000,100
etc_vs_cfr_large,run,20000.0,57,-0.32736,-0.2392875,100000,100
etc_vs_cfr_large,run,20000.0,58,-0.32641,-0.214875,100000,100
etc_vs_cfr_large,run,20000.0,59,-0.24636,-0.128125,100000,100
etc_vs_cfr_large,run,20000.0,60,-0.32766,-0.2371375,100000,100
etc_vs_cfr_large,run,20000.0,61,-0.31429,-0.2093125,100000,100
etc_vs_cfr_large,run,20000.0,62,-0.30131,-0.1964125,100000,100
etc_vs_cfr_large,run,20000.0,63,-0.25273,-0.1501125,100000,100
etc_vs_cfr_large,run,20000.0,64,-0.34897,-0.266725,100000,100
etc_vs_cfr_large,run,20000.0,65,-0.3574,-0.2688875,100000,100
etc_vs_cfr_large,run,20000.0,66,-0.25798,-0.135725,100000,100
etc_vs_cfr_large,run,20000.0,67,-0.30388,-0.1897,100000,100
etc_vs_cfr_large,run,20000.0,68,-0.32406,-0.2329625,100000,100
etc_vs_cfr_large,run,20000.0,69,-0.29651,-0.1999,100000,100
etc_vs_cfr_large,run,20000.0,70,-0.35725,-0.2573125,100000,100
etc_vs_cfr_large,run,20000.0,71,-0.27934,-0.17925,100000,100
etc_vs_cfr_large,run,20000.0,72,-0.28793,-0.1846125,100000,100
etc_vs_cfr_large,run,20000.0,73,-0.26045,-0.1567875,100000,100
etc_vs_cfr_large,run,20000.0,74,-0.25003,-0.1392125,100000,100
etc_vs_cfr_large,run,20000.0,75,-0.33778,-0.2507625,100000,100
etc_vs_cfr_large,run,20000.0,76,-0.32391,-0.2200625,100000,100
etc_vs_cfr_large,run,20000.0,77,-0.29212,-0.1771,100000,100
etc_vs_cfr_large,run,20000.0,78,-0.34254,-0.238925,100000,100
etc_vs_cfr_large,run,20000.0,79,-0.30346,-0.214675,100000,100
etc_vs_cfr_large,run,20000.0,80,-0.29014,-0.1916,100000,100
etc_vs_cfr_large,run,20000.0,81,-0.31544,-0.2315625,100000,100
etc_vs_cfr_large,run,20000.0,82,-0.2728,-0.1650125,100000,100
etc_vs_cfr_large,run,20000.0,83,-0.34186,-0.2535375,100000,100
etc_vs_cfr_large,run,20000.0,84,-0.27258,-0.1558125,100000,100
etc_vs_cfr_large,run,20000.0,85,-0.36125,-0.265825,100000,100
etc_vs_cfr_large,run,20000.0,86,-0.34364,-0.2399375,100000,100
etc_vs_cfr_large,run,20000.0,87,-0.29929,-0.1970375,100000,100
etc_vs_cfr_large,run,20000.0,88,-0.29368,-0.2009625,100000,100
etc_vs_cfr_large,run,20000.0,89,-0.27551,-0.170075,100000,100
etc_vs_cfr_large,run,20000.0,90,-0.25284,-0.126325,100000,100
etc_vs_cfr_large,run,20000.0,91,-0.305,-0.198875,100000,100
etc_vs_cfr_large,run,20000.0,92,-0.32896,-0.232675,100000,100
etc_vs_cfr_large,run,20000.0,93,-0.29895,-0.1848625,100000,100
etc_vs_cfr_large,run,20000.0,94,-0.30732,-0.2144375,100000,100
etc_vs_cfr_large,run,20000.0,95,-0.30393,-0.2099625,100000,100
etc_vs_cfr_large,run,20000.0,96,-0.31606,-0.2184625,100000,100
etc_vs_cfr_large,run,20000.0,97,-0.3144,-0.216325,100000,100
etc_vs_cfr_large,run,20000.0,98,-0.32282,-0.235325,100000,100
etc_vs_cfr_large,run,20000.0,99,-0.28509,-0.1735375,100000,100
etc_vs_cfr_large,run,40000.0,0,-0.38137,-0.1694666666666666,100000,100
etc_vs_cfr_large,run,40000.0,1,-0.38545,-0.18015,100000,100
etc_vs_cfr_large,run,40000.0,2,-0.41709,-0.20815,100000,100
etc_vs_cfr_large,run,40000.0,3,-0.37018,-0.1697833333333333,100000,100
etc_vs_cfr_large,run,40000.0,4,-0.38768,-0.1951166666666666,100000,100
etc_vs_cfr_large,run,40000.0,5,-0.40464,-0.2231666666666666,100000,100
etc_vs_cfr_large,run,40000.0,6,-0.43397,-0.2533166666666667,100000,100
etc_vs_cfr_large,run,40000.0,7,-0.35963,-0.1220333333333333,100000,100
etc_vs_cfr_large,run,40000.0,8,-0.4055,-0.1992333333333333,100000,100
etc_vs_cfr_large,run,40000.0,9,-0.39434,-0.19135,100000,100
etc_vs_cfr_large,run,40000.0,10,-0.40811,-0.2131333333333333,100000,100
etc_vs_cfr_large,run,40000.0,11,-0.37608,-0.1567,100000,100
etc_vs_cfr_large,run,40000.0,12,-0.41791,-0.2652,100000,100
etc_vs_cfr_large,run,40000.0,13,-0.40409,-0.2217166666666666,100000,100
etc_vs_cfr_large,run,40000.0,14,-0.37464,-0.1650166666666666,100000,100
etc_vs_cfr_large,run,40000.0,15,-0.41578,-0.2113,100000,100
etc_vs_cfr_large,run,40000.0,16,-0.41938,-0.2078,100000,100
etc_vs_cfr_large,run,40000.0,17,-0.41187,-0.21265,100000,100
etc_vs_cfr_large,run,40000.0,18,-0.41035,-0.2413833333333333,100000,100
etc_vs_cfr_large,run,40000.0,19,-0.36579,-0.1623833333333333,100000,100
etc_vs_cfr_large,run,40000.0,20,-0.41992,-0.22245,100000,100
etc_vs_cfr_large,run,40000.0,21,-0.41273,-0.2174166666666666,100000,100
etc_vs_cfr_large,run,40000.0,22,-0.41531,-0.2350166666666666,100000,100
etc_vs_cfr_large,run,40000.0,23,-0.40259,-0.2202833333333333,100000,100
etc_vs_cfr_large,run,40000.0,24,-0.37099,-0.1686333333333333,100000,100
etc_vs_cfr_large,run,40000.0,25,-0.34073,-0.1164,100000,100
etc_vs_cfr_large,run,40000.0,26,-0.35899,-0.1343833333333333,100000,100
etc_vs_cfr_large,run,40000.0,27,-0.41893,-0.22375,100000,100
etc_vs_cfr_large,run,40000.0,28,-0.39291,-0.1689833333333333,100000,100
etc_vs_cfr_large,run,40000.0,29,-0.39208,-0.18275,100000,100
etc_vs_cfr_large,run,40000.0,30,-0.34727,-0.1374666666666666,100000,100
etc_vs_cfr_large,run,40000.0,31,-0.36529,-0.1657166666666666,100000,100
etc_vs_cfr_large,run,40000.0,32,-0.42199,-0.2377,100000,100
etc_vs_cfr_large,run,40000.0,33,-0.42969,-0.2561333333333333,100000,100
etc_vs_cfr_large,run,40000.0,34,-0.42214,-0.2101,100000,100
etc_vs_cfr_large,run,40000.0,35,-0.38477,-0.1406833333333333,100000,100
etc_vs_cfr_large,run,40000.0,36,-0.38795,-0.1816666666666666,100000,100
etc_vs_cfr_large,run,40000.0,37,-0.41348,-0.2101833333333333,100000,100
etc_vs_cfr_large,run,40000.0,38,-0.43971,-0.2343833333333333,100000,100
etc_vs_cfr_large,run,40000.0,39,-0.4153,-0.23545,100000,100
etc_vs_cfr_large,run,40000.0,40,-0.37959,-0.19075,100000,100
etc_vs_cfr_large,run,40000.0,41,-0.3959,-0.1790333333333333,100000,100
etc_vs_cfr_large,run,40000.0,42,-0.37561,-0.1531833333333333,100000,100
etc_vs_cfr_large,run,40000.0,43,-0.40647,-0.2108666666666666,100000,100
etc_vs_cfr_large,run,40000.0,44,-0.43357,-0.2491666666666666,100000,100
etc_vs_cfr_large,run,40000.0,45,-0.38743,-0.1580333333333333,100000,100
etc_vs_cfr_large,run,40000.0,46,-0.35256,-0.1368,100000,100
etc_vs_cfr_large,run,40000.0,47,-0.4142,-0.2350666666666666,100000,100
etc_vs_cfr_large,run,40000.0,48,-0.40562,-0.18675,100000,100
etc_vs_cfr_large,run,40000.0,49,-0.42745,-0.2522166666666666,100000,100
etc_vs_cfr_large,run,40000.0,50,-0.36146,-0.1616,100000,100
etc_vs_cfr_large,run,40000.0,51,-0.43662,-0.2586333333333333,100000,100
etc_vs_cfr_large,run,40000.0,52,-0.37701,-0.1654166666666666,100000,100
etc_vs_cfr_large,run,40000.0,53,-0.40138,-0.20425,100000,100
etc_vs_cfr_large,run,40000.0,54,-0.39596,-0.1972833333333333,100000,100
etc_vs_cfr_large,run,40000.0,55,-0.37522,-0.1615833333333333,100000,100
etc_vs_cfr_large,run,40000.0,56,-0.42315,-0.2414833333333333,100000,100
etc_vs_cfr_large,run,40000.0,57,-0.41799,-0.2197833333333333,100000,100
etc_vs_cfr_large,run,40000.0,58,-0.39744,-0.2023333333333333,100000,100
etc_vs_cfr_large,run,40000.0,59,-0.3887,-0.1900666666666666,100000,100
etc_vs_cfr_large,run,40000.0,60,-0.4283,-0.2326833333333333,100000,100
etc_vs_cfr_large,run,40000.0,61,-0.39635,-0.1864333333333333,100000,100
etc_vs_cfr_large,run,40000.0,62,-0.36035,-0.1694,100000,100
etc_vs_cfr_large,run,40000.0,63,-0.39931,-0.1761833333333333,100000,100
etc_vs_cfr_large,run,40000.0,64,-0.37093,-0.1753333333333333,100000,100
etc_vs_cfr_large,run,40000.0,65,-0.37339,-0.1431333333333333,100000,100
etc_vs_cfr_large,run,40000.0,66,-0.43447,-0.26085,100000,100
etc_vs_cfr_large,run,40000.0,67,-0.42165,-0.2241166666666666,100000,100
etc_vs_cfr_large,run,40000.0,68,-0.37816,-0.1497166666666666,100000,100
etc_vs_cfr_large,run,40000.0,69,-0.42086,-0.2111,100000,100
etc_vs_cfr_large,run,40000.0,70,-0.38034,-0.181,100000,100
etc_vs_cfr_large,run,40000.0,71,-0.38877,-0.1888333333333333,100000,100
etc_vs_cfr_large,run,40000.0,72,-0.3891,-0.1864333333333333,100000,100
etc_vs_cfr_large,run,40000.0,73,-0.38604,-0.18405,100000,100
etc_vs_cfr_large,run,40000.0,74,-0.44174,-0.2405,100000,100
etc_vs_cfr_large,run,40000.0,75,-0.39468,-0.1911666666666666,100000,100
etc_vs_cfr_large,run,40000.0,76,-0.38626,-0.1685666666666666,100000,100
etc_vs_cfr_large,run,40000.0,77,-0.41476,-0.2093333333333333,100000,100
etc_vs_cfr_large,run,40000.0,78,-0.40812,-0.2404,100000,100
etc_vs_cfr_large,run,40000.0,79,-0.3799,-0.1671666666666666,100000,100
etc_vs_cfr_large,run,40000.0,80,-0.39759,-0.2058166666666666,100000,100
etc_vs_cfr_large,run,40000.0,81,-0.37201,-0.1474,100000,100
etc_vs_cfr_large,run,40000.0,82,-0.40582,-0.2103,100000,100
etc_vs_cfr_large,run,40000.0,83,-0.38954,-0.1912833333333333,100000,100
etc_vs_cfr_large,run,40000.0,84,-0.38011,-0.1882166666666666,100000,100
etc_vs_cfr_large,run,40000.0,85,-0.37817,-0.1573666666666666,100000,100
etc_vs_cfr_large,run,40000.0,86,-0.3877,-0.1778833333333333,100000,100
etc_vs_cfr_large,run,40000.0,87,-0.34727,-0.1101333333333333,100000,100
etc_vs_cfr_large,run,40000.0,88,-0.40152,-0.20675,100000,100
etc_vs_cfr_large,run,40000.0,89,-0.41447,-0.2171166666666666,100000,100
etc_vs_cfr_large,run,40000.0,90,-0.41672,-0.2243,100000,100
etc_vs_cfr_large,run,40000.0,91,-0.41997,-0.2255666666666666,100000,100
etc_vs_cfr_large,run,40000.0,92,-0.38695,-0.1695833333333333,100000,100
etc_vs_cfr_large,run,40000.0,93,-0.38277,-0.1770666666666666,100000,100
etc_vs_cfr_large,run,40000.0,94,-0.41837,-0.24875,100000,100
etc_vs_cfr_large,run,40000.0,95,-0.41519,-0.1943666666666666,100000,100
etc_vs_cfr_large,run,40000.0,96,-0.42033,-0.2347666666666666,100000,100
etc_vs_cfr_large,run,40000.0,97,-0.39222,-0.13745,100000,100
etc_vs_cfr_large,run,40000.0,98,-0.3647,-0.1402333333333333,100000,100
etc_vs_cfr_large,run,40000.0,99,-0.41942,-0.21135,100000,100
etc_vs_cfr_large,run,60000.0,0,-0.49659,-0.190675,100000,100
etc_vs_cfr_large,run,60000.0,1,-0.47076,-0.14335,100000,100
etc_vs_cfr_large,run,60000.0,2,-0.47881,-0.165225,100000,100
etc_vs_cfr_large,run,60000.0,3,-0.50945,-0.229175,100000,100
etc_vs_cfr_large,run,60000.0,4,-0.48633,-0.15135,100000,100
etc_vs_cfr_large,run,60000.0,5,-0.5047,-0.175425,100000,100
etc_vs_cfr_large,run,60000.0,6,-0.47144,-0.166075,100000,100
etc_vs_cfr_large,run,60000.0,7,-0.48575,-0.17515,100000,100
etc_vs_cfr_large,run,60000.0,8,-0.50111,-0.1755,100000,100
etc_vs_cfr_large,run,60000.0,9,-0.51944,-0.229625,100000,100
etc_vs_cfr_large,run,60000.0,10,-0.48536,-0.133925,100000,100
etc_vs_cfr_large,run,60000.0,11,-0.52291,-0.24125,100000,100
etc_vs_cfr_large,run,60000.0,12,-0.51273,-0.21795,100000,100
etc_vs_cfr_large,run,60000.0,13,-0.51564,-0.2376,100000,100
etc_vs_cfr_large,run,60000.0,14,-0.47758,-0.164675,100000,100
etc_vs_cfr_large,run,60000.0,15,-0.53371,-0.252125,100000,100
etc_vs_cfr_large,run,60000.0,16,-0.47791,-0.161975,100000,100
etc_vs_cfr_large,run,60000.0,17,-0.51233,-0.193325,100000,100
etc_vs_cfr_large,run,60000.0,18,-0.4942,-0.217925,100000,100
etc_vs_cfr_large,run,60000.0,19,-0.50231,-0.19335,100000,100
etc_vs_cfr_large,run,60000.0,20,-0.53956,-0.26515,100000,100
etc_vs_cfr_large,run,60000.0,21,-0.48058,-0.138075,100000,100
etc_vs_cfr_large,run,60000.0,22,-0.48581,-0.20165,100000,100
etc_vs_cfr_large,run,60000.0,23,-0.53236,-0.238175,100000,100
etc_vs_cfr_large,run,60000.0,24,-0.48593,-0.19575,100000,100
etc_vs_cfr_large,run,60000.0,25,-0.50496,-0.224275,100000,100
etc_vs_cfr_large,run,60000.0,26,-0.49144,-0.16915,100000,100
etc_vs_cfr_large,run,60000.0,27,-0.49438,-0.1842,100000,100
etc_vs_cfr_large,run,60000.0,28,-0.4853,-0.147775,100000,100
etc_vs_cfr_large,run,60000.0,29,-0.51044,-0.1973,100000,100
etc_vs_cfr_large,run,60000.0,30,-0.4821,-0.12785,100000,100
etc_vs_cfr_large,run,60000.0,31,-0.49908,-0.1707,100000,100
etc_vs_cfr_large,run,60000.0,32,-0.48968,-0.14845,100000,100
etc_vs_cfr_large,run,60000.0,33,-0.49553,-0.2259,100000,100
etc_vs_cfr_large,run,60000.0,34,-0.48773,-0.15895,100000,100
etc_vs_cfr_large,run,60000.0,35,-0.46649,-0.14585,100000,100
etc_vs_cfr_large,run,60000.0,36,-0.5051,-0.221075,100000,100
etc_vs_cfr_large,run,60000.0,37,-0.46561,-0.1427,100000,100
etc_vs_cfr_large,run,60000.0,38,-0.5014,-0.202875,100000,100
etc_vs_cfr_large,run,60000.0,39,-0.48189,-0.17645,100000,100
etc_vs_cfr_large,run,60000.0,40,-0.51711,-0.234375,100000,100
etc_vs_cfr_large,run,60000.0,41,-0.49041,-0.1571,100000,100
etc_vs_cfr_large,run,60000.0,42,-0.50796,-0.245275,100000,100
etc_vs_cfr_large,run,60000.0,43,-0.50997,-0.21945,100000,100
etc_vs_cfr_large,run,60000.0,44,-0.51105,-0.192225,100000,100
etc_vs_cfr_large,run,60000.0,45,-0.50883,-0.163275,100000,100
etc_vs_cfr_large,run,60000.0,46,-0.50041,-0.202975,100000,100
etc_vs_cfr_large,run,60000.0,47,-0.46054,-0.1181,100000,100
etc_vs_cfr_large,run,60000.0,48,-0.46306,-0.13005,100000,100
etc_vs_cfr_large,run,60000.0,49,-0.47022,-0.141525,100000,100
etc_vs_cfr_large,run,60000.0,50,-0.50583,-0.192525,100000,100
etc_vs_cfr_large,run,60000.0,51,-0.48993,-0.1912,100000,100
etc_vs_cfr_large,run,60000.0,52,-0.51759,-0.271625,100000,100
etc_vs_cfr_large,run,60000.0,53,-0.50786,-0.188775,100000,100
etc_vs_cfr_large,run,60000.0,54,-0.50656,-0.17425,100000,100
etc_vs_cfr_large,run,60000.0,55,-0.49671,-0.13945,100000,100
etc_vs_cfr_large,run,60000.0,56,-0.48571,-0.16855,100000,100
etc_vs_cfr_large,run,60000.0,57,-0.50581,-0.1733,100000,100
etc_vs_cfr_large,run,60000.0,58,-0.46666,-0.152225,100000,100
etc_vs_cfr_large,run,60000.0,59,-0.48068,-0.1643,100000,100
etc_vs_cfr_large,run,60000.0,60,-0.49171,-0.243525,100000,100
etc_vs_cfr_large,run,60000.0,61,-0.52003,-0.2195,100000,100
etc_vs_cfr_large,run,60000.0,62,-0.50285,-0.221875,100000,100
etc_vs_cfr_large,run,60000.0,63,-0.52042,-0.2184,100000,100
etc_vs_cfr_large,run,60000.0,64,-0.49332,-0.173025,100000,100
etc_vs_cfr_large,run,60000.0,65,-0.48332,-0.1644,100000,100
etc_vs_cfr_large,run,60000.0,66,-0.49918,-0.2014,100000,100
etc_vs_cfr_large,run,60000.0,67,-0.50615,-0.2082,100000,100
etc_vs_cfr_large,run,60000.0,68,-0.53663,-0.288725,100000,100
etc_vs_cfr_large,run,60000.0,69,-0.49882,-0.1932,100000,100
etc_vs_cfr_large,run,60000.0,70,-0.47385,-0.113675,100000,100
etc_vs_cfr_large,run,60000.0,71,-0.52516,-0.249775,100000,100
etc_vs_cfr_large,run,60000.0,72,-0.52395,-0.257775,100000,100
etc_vs_cfr_large,run,60000.0,73,-0.46492,-0.155325,100000,100
etc_vs_cfr_large,run,60000.0,74,-0.46748,-0.155775,100000,100
etc_vs_cfr_large,run,60000.0,75,-0.5078,-0.2324,100000,100
etc_vs_cfr_large,run,60000.0,76,-0.4967,-0.17085,100000,100
etc_vs_cfr_large,run,60000.0,77,-0.52627,-0.246675,100000,100
etc_vs_cfr_large,run,60000.0,78,-0.50859,-0.2362,100000,100
etc_vs_cfr_large,run,60000.0,79,-0.49363,-0.17355,100000,100
etc_vs_cfr_large,run,60000.0,80,-0.50743,-0.18505,100000,100
etc_vs_cfr_large,run,60000.0,81,-0.49866,-0.225925,100000,100
etc_vs_cfr_large,run,60000.0,82,-0.51472,-0.230325,100000,100
etc_vs_cfr_large,run,60000.0,83,-0.51293,-0.23485,100000,100
etc_vs_cfr_large,run,60000.0,84,-0.51161,-0.1632,100000,100
etc_vs_cfr_large,run,60000.0,85,-0.52597,-0.221775,100000,100
etc_vs_cfr_large,run,60000.0,86,-0.4854,-0.15885,100000,100
etc_vs_cfr_large,run,60000.0,87,-0.52189,-0.25375,100000,100
etc_vs_cfr_large,run,60000.0,88,-0.48031,-0.17055,100000,100
etc_vs_cfr_large,run,60000.0,89,-0.48107,-0.153675,100000,100
etc_vs_cfr_large,run,60000.0,90,-0.50086,-0.2062,100000,100
etc_vs_cfr_large,run,60000.0,91,-0.48128,-0.168575,100000,100
etc_vs_cfr_large,run,60000.0,92,-0.49457,-0.222625,100000,100
etc_vs_cfr_large,run,60000.0,93,-0.5253,-0.23695,100000,100
etc_vs_cfr_large,run,60000.0,94,-0.48078,-0.165425,100000,100
etc_vs_cfr_large,run,60000.0,95,-0.50054,-0.2299,100000,100
etc_vs_cfr_large,run,60000.0,96,-0.4977,-0.178875,100000,100
etc_vs_cfr_large,run,60000.0,97,-0.48873,-0.184775,100000,100
etc_vs_cfr_large,run,60000.0,98,-0.48703,-0.153425,100000,100
etc_vs_cfr_large,run,60000.0,99,-0.50563,-0.231575,100000,100
etc_vs_cfr_large,run,80000.0,0,-0.61144,-0.18495,100000,100
etc_vs_cfr_large,run,80000.0,1,-0.60076,-0.19235,100000,100
etc_vs_cfr_large,run,80000.0,2,-0.61206,-0.1688,100000,100
etc_vs_cfr_large,run,80000.0,3,-0.62011,-0.21465,100000,100
etc_vs_cfr_large,run,80000.0,4,-0.6085,-0.11185,100000,100
etc_vs_cfr_large,run,80000.0,5,-0.62202,-0.24675,100000,100
etc_vs_cfr_large,run,80000.0,6,-0.57632,-0.13775,100000,100
etc_vs_cfr_large,run,80000.0,7,-0.60486,-0.12265,100000,100
etc_vs_cfr_large,run,80000.0,8,-0.59731,-0.19705,100000,100
etc_vs_cfr_large,run,80000.0,9,-0.63722,-0.23605,100000,100
etc_vs_cfr_large,run,80000.0,10,-0.62891,-0.2864,100000,100
etc_vs_cfr_large,run,80000.0,11,-0.63061,-0.269,100000,100
etc_vs_cfr_large,run,80000.0,12,-0.59662,-0.18585,100000,100
etc_vs_cfr_large,run,80000.0,13,-0.61553,-0.21945,100000,100
etc_vs_cfr_large,run,80000.0,14,-0.59888,-0.2176,100000,100
etc_vs_cfr_large,run,80000.0,15,-0.60136,-0.1321,100000,100
etc_vs_cfr_large,run,80000.0,16,-0.59462,-0.20005,100000,100
etc_vs_cfr_large,run,80000.0,17,-0.61879,-0.2461,100000,100
etc_vs_cfr_large,run,80000.0,18,-0.60921,-0.214,100000,100
etc_vs_cfr_large,run,80000.0,19,-0.60556,-0.1878,100000,100
etc_vs_cfr_large,run,80000.0,20,-0.62005,-0.2567,100000,100
etc_vs_cfr_large,run,80000.0,21,-0.60573,-0.23475,100000,100
etc_vs_cfr_large,run,80000.0,22,-0.58642,-0.1514,100000,100
etc_vs_cfr_large,run,80000.0,23,-0.59303,-0.1559,100000,100
etc_vs_cfr_large,run,80000.0,24,-0.59818,-0.18905,100000,100
etc_vs_cfr_large,run,80000.0,25,-0.617,-0.25325,100000,100
etc_vs_cfr_large,run,80000.0,26,-0.58072,-0.18585,100000,100
etc_vs_cfr_large,run,80000.0,27,-0.60778,-0.1434,100000,100
etc_vs_cfr_large,run,80000.0,28,-0.59585,-0.24695,100000,100
etc_vs_cfr_large,run,80000.0,29,-0.57086,-0.1006,100000,100
etc_vs_cfr_large,run,80000.0,30,-0.5839,-0.1693,100000,100
etc_vs_cfr_large,run,80000.0,31,-0.63229,-0.279,100000,100
etc_vs_cfr_large,run,80000.0,32,-0.60919,-0.2394,100000,100
etc_vs_cfr_large,run,80000.0,33,-0.59198,-0.1664,100000,100
etc_vs_cfr_large,run,80000.0,34,-0.59886,-0.16665,100000,100
etc_vs_cfr_large,run,80000.0,35,-0.61289,-0.1955,100000,100
etc_vs_cfr_large,run,80000.0,36,-0.61384,-0.21035,100000,100
etc_vs_cfr_large,run,80000.0,37,-0.60483,-0.21465,100000,100
etc_vs_cfr_large,run,80000.0,38,-0.6011,-0.17165,100000,100
etc_vs_cfr_large,run,80000.0,39,-0.6215,-0.3135,100000,100
etc_vs_cfr_large,run,80000.0,40,-0.61203,-0.25635,100000,100
etc_vs_cfr_large,run,80000.0,41,-0.58818,-0.11065,100000,100
etc_vs_cfr_large,run,80000.0,42,-0.59834,-0.19785,100000,100
etc_vs_cfr_large,run,80000.0,43,-0.60131,-0.14625,100000,100
etc_vs_cfr_large,run,80000.0,44,-0.60246,-0.22995,100000,100
etc_vs_cfr_large,run,80000.0,45,-0.60902,-0.183,100000,100
etc_vs_cfr_large,run,80000.0,46,-0.60955,-0.22685,100000,100
etc_vs_cfr_large,run,80000.0,47,-0.60765,-0.2063,100000,100
etc_vs_cfr_large,run,80000.0,48,-0.63273,-0.24045,100000,100
etc_vs_cfr_large,run,80000.0,49,-0.59415,-0.1202,100000,100
etc_vs_cfr_large,run,80000.0,50,-0.61004,-0.24775,100000,100
etc_vs_cfr_large,run,80000.0,51,-0.59764,-0.13625,100000,100
etc_vs_cfr_large,run,80000.0,52,-0.60824,-0.25235,100000,100
etc_vs_cfr_large,run,80000.0,53,-0.58978,-0.1834,100000,100
etc_vs_cfr_large,run,80000.0,54,-0.59109,-0.1417,100000,100
etc_vs_cfr_large,run,80000.0,55,-0.58881,-0.1829,100000,100
etc_vs_cfr_large,run,80000.0,56,-0.58651,-0.2394,100000,100
etc_vs_cfr_large,run,80000.0,57,-0.59453,-0.2207,100000,100
etc_vs_cfr_large,run,80000.0,58,-0.60348,-0.15995,100000,100
etc_vs_cfr_large,run,80000.0,59,-0.59286,-0.2257,100000,100
etc_vs_cfr_large,run,80000.0,60,-0.57611,-0.24485,100000,100
etc_vs_cfr_large,run,80000.0,61,-0.61779,-0.2771,100000,100
etc_vs_cfr_large,run,80000.0,62,-0.61332,-0.258,100000,100
etc_vs_cfr_large,run,80000.0,63,-0.60196,-0.1699,100000,100
etc_vs_cfr_large,run,80000.0,64,-0.59637,-0.1391,100000,100
etc_vs_cfr_large,run,80000.0,65,-0.58737,-0.191,100000,100
etc_vs_cfr_large,run,80000.0,66,-0.60688,-0.22015,100000,100
etc_vs_cfr_large,run,80000.0,67,-0.61571,-0.2185,100000,100
etc_vs_cfr_large,run,80000.0,68,-0.59399,-0.16895,100000,100
etc_vs_cfr_large,run,80000.0,69,-0.58732,-0.17665,100000,100
etc_vs_cfr_large,run,80000.0,70,-0.57605,-0.1085,100000,100
etc_vs_cfr_large,run,80000.0,71,-0.60309,-0.1734,100000,100
etc_vs_cfr_large,run,80000.0,72,-0.59076,-0.08525,100000,100
etc_vs_cfr_large,run,80000.0,73,-0.60945,-0.18365,100000,100
etc_vs_cfr_large,run,80000.0,74,-0.59101,-0.21935,100000,100
etc_vs_cfr_large,run,80000.0,75,-0.63329,-0.2106,100000,100
etc_vs_cfr_large,run,80000.0,76,-0.5948,-0.1695,100000,100
etc_vs_cfr_large,run,80000.0,77,-0.59084,-0.2108,100000,100
etc_vs_cfr_large,run,80000.0,78,-0.58789,-0.28725,100000,100
etc_vs_cfr_large,run,80000.0,79,-0.61228,-0.17735,100000,100
etc_vs_cfr_large,run,80000.0,80,-0.58999,-0.17315,100000,100
etc_vs_cfr_large,run,80000.0,81,-0.60105,-0.158,100000,100
etc_vs_cfr_large,run,80000.0,82,-0.59771,-0.2317,100000,100
etc_vs_cfr_large,run,80000.0,83,-0.5943,-0.2064,100000,100
etc_vs_cfr_large,run,80000.0,84,-0.5969,-0.1874,100000,100
etc_vs_cfr_large,run,80000.0,85,-0.58132,-0.0708,100000,100
etc_vs_cfr_large,run,80000.0,86,-0.61147,-0.2338,100000,100
etc_vs_cfr_large,run,80000.0,87,-0.60993,-0.24945,100000,100
etc_vs_cfr_large,run,80000.0,88,-0.61132,-0.1761,100000,100
etc_vs_cfr_large,run,80000.0,89,-0.61033,-0.18995,100000,100
etc_vs_cfr_large,run,80000.0,90,-0.61018,-0.2135,100000,100
etc_vs_cfr_large,run,80000.0,91,-0.60306,-0.1433,100000,100
etc_vs_cfr_large,run,80000.0,92,-0.62264,-0.25855,100000,100
etc_vs_cfr_large,run,80000.0,93,-0.61112,-0.16635,100000,100
etc_vs_cfr_large,run,80000.0,94,-0.60523,-0.20475,100000,100
etc_vs_cfr_large,run,80000.0,95,-0.59378,-0.14275,100000,100
etc_vs_cfr_large,run,80000.0,96,-0.60045,-0.1769,100000,100
etc_vs_cfr_large,run,80000.0,97,-0.60967,-0.20345,100000,100
etc_vs_cfr_large,run,80000.0,98,-0.59892,-0.2104,100000,100
etc_vs_cfr_large,run,80000.0,99,-0.62555,-0.242,100000,100
etc_cfr_vs_cfr,run,100.0,0,-0.50403,-0.5045945945945945,100000,100
etc_cfr_vs_cfr,run,100.0,1,-0.2971,-0.2971771771771772,100000,100
etc_cfr_vs_cfr,run,100.0,2,-0.35468,-0.3546446446446446,100000,100
etc_cfr_vs_cfr,run,100.0,3,-0.43492,-0.4353253253253253,100000,100
etc_cfr_vs_cfr,run,100.0,4,-0.34386,-0.3443343343343343,100000,100
etc_cfr_vs_cfr,run,100.0,5,-0.30226,-0.3028628628628628,100000,100
etc_cfr_vs_cfr,run,100.0,6,-0.26986,-0.2699899899899899,100000,100
etc_cfr_vs_cfr,run,100.0,7,-0.48031,-0.4805605605605605,100000,100
etc_cfr_vs_cfr,run,100.0,8,-0.32491,-0.325025025025025,100000,100
etc_cfr_vs_cfr,run,100.0,9,-0.32603,-0.3257457457457457,100000,100
etc_cfr_vs_cfr,run,100.0,10,-0.38565,-0.3855655655655655,100000,100
etc_cfr_vs_cfr,run,100.0,11,-0.39548,-0.3958558558558558,100000,100
etc_cfr_vs_cfr,run,100.0,12,-0.36556,-0.3657557557557557,100000,100
etc_cfr_vs_cfr,run,100.0,13,-0.29329,-0.2939139139139139,100000,100
etc_cfr_vs_cfr,run,100.0,14,-0.47548,-0.476066066066066,100000,100
etc_cfr_vs_cfr,run,100.0,15,-0.28339,-0.2838138138138138,100000,100
etc_cfr_vs_cfr,run,100.0,16,-0.23633,-0.2367767767767767,100000,100
etc_cfr_vs_cfr,run,100.0,17,-0.46494,-0.4652052052052052,100000,100
etc_cfr_vs_cfr,run,100.0,18,-0.32546,-0.3257157157157157,100000,100
etc_cfr_vs_cfr,run,100.0,19,-0.47705,-0.4773773773773774,100000,100
etc_cfr_vs_cfr,run,100.0,20,-0.43812,-0.4386986986986987,100000,100
etc_cfr_vs_cfr,run,100.0,21,-0.39592,-0.3958258258258258,100000,100
etc_cfr_vs_cfr,run,100.0,22,-0.25481,-0.2554554554554554,100000,100
etc_cfr_vs_cfr,run,100.0,23,-0.18288,-0.1826426426426426,100000,100
etc_cfr_vs_cfr,run,100.0,24,-0.54975,-0.5501701701701702,100000,100
etc_cfr_vs_cfr,run,100.0,25,-0.36388,-0.3644144144144144,100000,100
etc_cfr_vs_cfr,run,100.0,26,-0.28514,-0.2849449449449449,100000,100
etc_cfr_vs_cfr,run,100.0,27,-0.41438,-0.4148048048048048,100000,100
etc_cfr_vs_cfr,run,100.0,28,-0.40123,-0.4015015015015015,100000,100
etc_cfr_vs_cfr,run,100.0,29,-0.23123,-0.2315615615615615,100000,100
etc_cfr_vs_cfr,run,100.0,30,-0.38486,-0.3856156156156156,100000,100
etc_cfr_vs_cfr,run,100.0,31,-0.4516,-0.4526226226226226,100000,100
etc_cfr_vs_cfr,run,100.0,32,-0.33915,-0.3388688688688688,100000,100
etc_cfr_vs_cfr,run,100.0,33,-0.59157,-0.5922122122122122,100000,100
etc_cfr_vs_cfr,run,100.0,34,-0.29063,-0.2902702702702702,100000,100
etc_cfr_vs_cfr,run,100.0,35,-0.32,-0.3199299299299299,100000,100
etc_cfr_vs_cfr,run,100.0,36,-0.38326,-0.3834134134134134,100000,100
etc_cfr_vs_cfr,run,100.0,37,-0.28181,-0.2818118118118118,100000,100
etc_cfr_vs_cfr,run,100.0,38,-0.40736,-0.4075575575575575,100000,100
etc_cfr_vs_cfr,run,100.0,39,-0.33263,-0.3334434434434434,100000,100
etc_cfr_vs_cfr,run,100.0,40,-0.33224,-0.3322722722722723,100000,100
etc_cfr_vs_cfr,run,100.0,41,-0.34738,-0.3478878878878879,100000,100
etc_cfr_vs_cfr,run,100.0,42,-0.32355,-0.3238038038038038,100000,100
etc_cfr_vs_cfr,run,100.0,43,-0.2951,-0.2954054054054054,100000,100
etc_cfr_vs_cfr,run,100.0,44,-0.25307,-0.253983983983984,100000,100
etc_cfr_vs_cfr,run,100.0,45,-0.32879,-0.3287987987987988,100000,100
etc_cfr_vs_cfr,run,100.0,46,-0.36175,-0.3629129129129129,100000,100
etc_cfr_vs_cfr,run,100.0,47,-0.24471,-0.2444244244244244,100000,100
etc_cfr_vs_cfr,run,100.0,48,-0.51813,-0.5185185185185185,100000,100
etc_cfr_vs_cfr,run,100.0,49,-0.27045,-0.2710710710710711,100000,100
etc_cfr_vs_cfr,run,100.0,50,-0.32955,-0.3299299299299299,100000,100
etc_cfr_vs_cfr,run,100.0,51,-0.36648,-0.3665865865865866,100000,100
etc_cfr_vs_cfr,run,100.0,52,-0.25634,-0.2563463463463463,100000,100
etc_cfr_vs_cfr,run,100.0,53,-0.37141,-0.3716616616616616,100000,100
etc_cfr_vs_cfr,run,100.0,54,-0.27451,-0.2745945945945946,100000,100
etc_cfr_vs_cfr,run,100.0,55,-0.24648,-0.2462362362362362,100000,100
etc_cfr_vs_cfr,run,100.0,56,-0.3918,-0.3925025025025025,100000,100
etc_cfr_vs_cfr,run,100.0,57,-0.2708,-0.2711111111111111,100000,100
etc_cfr_vs_cfr,run,100.0,58,-0.25521,-0.2556556556556557,100000,100
etc_cfr_vs_cfr,run,100.0,59,-0.14726,-0.1473973973973974,100000,100
etc_cfr_vs_cfr,run,100.0,60,-0.56479,-0.5653053053053053,100000,100
etc_cfr_vs_cfr,run,100.0,61,-0.33673,-0.3366666666666666,100000,100
etc_cfr_vs_cfr,run,100.0,62,-0.45364,-0.454034034034034,100000,100
etc_cfr_vs_cfr,run,100.0,63,-0.19593,-0.1965565565565565,100000,100
etc_cfr_vs_cfr,run,100.0,64,-0.27171,-0.2716816816816816,100000,100
etc_cfr_vs_cfr,run,100.0,65,-0.38826,-0.3883783783783783,100000,100
etc_cfr_vs_cfr,run,100.0,66,-0.42562,-0.4257357357357357,100000,100
etc_cfr_vs_cfr,run,100.0,67,-0.26344,-0.2638838838838839,100000,100
etc_cfr_vs_cfr,run,100.0,68,-0.64184,-0.6426026026026026,100000,100
etc_cfr_vs_cfr,run,100.0,69,-0.29027,-0.2898198198198198,100000,100
etc_cfr_vs_cfr,run,100.0,70,-0.34914,-0.3493993993993994,100000,100
etc_cfr_vs_cfr,run,100.0,71,-0.28805,-0.2883183183183183,100000,100
etc_cfr_vs_cfr,run,100.0,72,-0.38512,-0.3850750750750751,100000,100
etc_cfr_vs_cfr,run,100.0,73,-0.30667,-0.3069269269269269,100000,100
etc_cfr_vs_cfr,run,100.0,74,-0.23836,-0.2382182182182182,100000,100
etc_cfr_vs_cfr,run,100.0,75,-0.35052,-0.3509509509509509,100000,100
etc_cfr_vs_cfr,run,100.0,76,-0.46898,-0.4689189189189189,100000,100
etc_cfr_vs_cfr,run,100.0,77,-0.3083,-0.3087487487487487,100000,100
etc_cfr_vs_cfr,run,100.0,78,-0.47405,-0.4737237237237237,100000,100
etc_cfr_vs_cfr,run,100.0,79,-0.28852,-0.2887687687687688,100000,100
etc_cfr_vs_cfr,run,100.0,80,-0.3797,-0.3796196196196196,100000,100
etc_cfr_vs_cfr,run,100.0,81,-0.48968,-0.4904004004004004,100000,100
etc_cfr_vs_cfr,run,100.0,82,-0.53565,-0.5365065065065066,100000,100
etc_cfr_vs_cfr,run,100.0,83,-0.43349,-0.4334134134134134,100000,100
etc_cfr_vs_cfr,run,100.0,84,-0.33747,-0.3378978978978979,100000,100
etc_cfr_vs_cfr,run,100.0,85,-0.52112,-0.5220720720720721,100000,100
etc_cfr_vs_cfr,run,100.0,86,-0.39146,-0.3918018018018018,100000,100
etc_cfr_vs_cfr,run,100.0,87,-0.32017,-0.32006006006006,100000,100
etc_cfr_vs_cfr,run,100.0,88,-0.25424,-0.2543343343343343,100000,100
etc_cfr_vs_cfr,run,100.0,89,-0.41157,-0.4118918918918919,100000,100
etc_cfr_vs_cfr,run,100.0,90,-0.30068,-0.3012512512512512,100000,100
etc_cfr_vs_cfr,run,100.0,91,-0.30142,-0.3017917917917918,100000,100
etc_cfr_vs_cfr,run,100.0,92,-0.41014,-0.4097997997997998,100000,100
etc_cfr_vs_cfr,run,100.0,93,-0.72649,-0.7268068068068068,100000,100
etc_cfr_vs_cfr,run,100.0,94,-0.35508,-0.3556756756756756,100000,100
etc_cfr_vs_cfr,run,100.0,95,-0.43728,-0.4376576576576577,100000,100
etc_cfr_vs_cfr,run,100.0,96,-0.22383,-0.2234234234234234,100000,100
etc_cfr_vs_cfr,run,100.0,97,-0.42838,-0.4285285285285285,100000,100
etc_cfr_vs_cfr,run,100.0,98,-0.41664,-0.4181281281281281,100000,100
etc_cfr_vs_cfr,run,100.0,99,-0.19711,-0.1972272272272272,100000,100
etc_cfr_vs_cfr,run,500.0,0,-0.24246,-0.2438391959798995,100000,100
etc_cfr_vs_cfr,run,500.0,1,-0.36811,-0.3701306532663316,100000,100
etc_cfr_vs_cfr,run,500.0,2,-0.42909,-0.4298291457286432,100000,100
etc_cfr_vs_cfr,run,500.0,3,-0.17639,-0.1769145728643216,100000,100
etc_cfr_vs_cfr,run,500.0,4,-0.44281,-0.4454371859296482,100000,100
etc_cfr_vs_cfr,run,500.0,5,-0.26469,-0.2663115577889447,100000,100
etc_cfr_vs_cfr,run,500.0,6,-0.32372,-0.3258793969849246,100000,100
etc_cfr_vs_cfr,run,500.0,7,-0.38639,-0.3878894472361809,100000,100
etc_cfr_vs_cfr,run,500.0,8,-0.43379,-0.4370452261306533,100000,100
etc_cfr_vs_cfr,run,500.0,9,-0.32817,-0.3291859296482412,100000,100
etc_cfr_vs_cfr,run,500.0,10,-0.32659,-0.3287236180904522,100000,100
etc_cfr_vs_cfr,run,500.0,11,-0.27964,-0.281537688442211,100000,100
etc_cfr_vs_cfr,run,500.0,12,-0.31389,-0.3155879396984924,100000,100
etc_cfr_vs_cfr,run,500.0,13,-0.24095,-0.243356783919598,100000,100
etc_cfr_vs_cfr,run,500.0,14,-0.36671,-0.3668442211055276,100000,100
etc_cfr_vs_cfr,run,500.0,15,-0.30747,-0.3102713567839196,100000,100
etc_cfr_vs_cfr,run,500.0,16,-0.35142,-0.3530552763819095,100000,100
etc_cfr_vs_cfr,run,500.0,17,-0.34281,-0.3443718592964824,100000,100
etc_cfr_vs_cfr,run,500.0,18,-0.25229,-0.2551155778894472,100000,100
etc_cfr_vs_cfr,run,500.0,19,-0.3624,-0.3641306532663316,100000,100
etc_cfr_vs_cfr,run,500.0,20,-0.30994,-0.3108643216080402,100000,100
etc_cfr_vs_cfr,run,500.0,21,-0.35772,-0.3603718592964824,100000,100
etc_cfr_vs_cfr,run,500.0,22,-0.22243,-0.2235477386934673,100000,100
etc_cfr_vs_cfr,run,500.0,23,-0.31239,-0.3117185929648241,100000,100
etc_cfr_vs_cfr,run,500.0,24,-0.2553,-0.2574472361809045,100000,100
etc_cfr_vs_cfr,run,500.0,25,-0.28906,-0.2901809045226131,100000,100
etc_cfr_vs_cfr,run,500.0,26,-0.33478,-0.3352763819095477,100000,100
etc_cfr_vs_cfr,run,500.0,27,-0.29267,-0.2944120603015075,100000,100
etc_cfr_vs_cfr,run,500.0,28,-0.30519,-0.3069547738693467,100000,100
etc_cfr_vs_cfr,run,500.0,29,-0.23136,-0.2326130653266331,100000,100
etc_cfr_vs_cfr,run,500.0,30,-0.30587,-0.3069547738693467,100000,100
etc_cfr_vs_cfr,run,500.0,31,-0.31339,-0.3135175879396984,100000,100
etc_cfr_vs_cfr,run,500.0,32,-0.28339,-0.2846331658291457,100000,100
etc_cfr_vs_cfr,run,500.0,33,-0.3771,-0.3794070351758793,100000,100
etc_cfr_vs_cfr,run,500.0,34,-0.2979,-0.2988743718592965,100000,100
etc_cfr_vs_cfr,run,500.0,35,-0.46147,-0.4633065326633165,100000,100
etc_cfr_vs_cfr,run,500.0,36,-0.34305,-0.3441105527638191,100000,100
etc_cfr_vs_cfr,run,500.0,37,-0.43347,-0.4373266331658291,100000,100
etc_cfr_vs_cfr,run,500.0,38,-0.40143,-0.4027738693467336,100000,100
etc_cfr_vs_cfr,run,500.0,39,-0.23602,-0.2368040201005025,100000,100
etc_cfr_vs_cfr,run,500.0,40,-0.27226,-0.2740804020100502,100000,100
etc_cfr_vs_cfr,run,500.0,41,-0.40044,-0.4015577889447236,100000,100
etc_cfr_vs_cfr,run,500.0,42,-0.24309,-0.2446231155778894,100000,100
etc_cfr_vs_cfr,run,500.0,43,-0.31009,-0.312070351758794,100000,100
etc_cfr_vs_cfr,run,500.0,44,-0.27911,-0.2803115577889447,100000,100
etc_cfr_vs_cfr,run,500.0,45,-0.37596,-0.3770150753768844,100000,100
etc_cfr_vs_cfr,run,500.0,46,-0.31073,-0.3125527638190954,100000,100
etc_cfr_vs_cfr,run,500.0,47,-0.26474,-0.2670452261306533,100000,100
etc_cfr_vs_cfr,run,500.0,48,-0.37805,-0.3797688442211055,100000,100
etc_cfr_vs_cfr,run,500.0,49,-0.33916,-0.3422814070351759,100000,100
etc_cfr_vs_cfr,run,500.0,50,-0.41829,-0.4203919597989949,100000,100
etc_cfr_vs_cfr,run,500.0,51,-0.18242,-0.184180904522613,100000,100
etc_cfr_vs_cfr,run,500.0,52,-0.51362,-0.5168040201005025,100000,100
etc_cfr_vs_cfr,run,500.0,53,-0.39401,-0.3983316582914573,100000,100
etc_cfr_vs_cfr,run,500.0,54,-0.30489,-0.3073768844221105,100000,100
etc_cfr_vs_cfr,run,500.0,55,-0.52001,-0.5227236180904523,100000,100
etc_cfr_vs_cfr,run,500.0,56,-0.3577,-0.3590753768844221,100000,100
etc_cfr_vs_cfr,run,500.0,57,-0.3264,-0.3273366834170854,100000,100
etc_cfr_vs_cfr,run,500.0,58,-0.23342,-0.2340603015075376,100000,100
etc_cfr_vs_cfr,run,500.0,59,-0.32888,-0.3295175879396985,100000,100
etc_cfr_vs_cfr,run,500.0,60,-0.35247,-0.3544020100502512,100000,100
etc_cfr_vs_cfr,run,500.0,61,-0.27827,-0.2793869346733668,100000,100
etc_cfr_vs_cfr,run,500.0,62,-0.25759,-0.2583417085427135,100000,100
etc_cfr_vs_cfr,run,500.0,63,-0.38159,-0.3827537688442211,100000,100
etc_cfr_vs_cfr,run,500.0,64,-0.43428,-0.4362613065326633,100000,100
etc_cfr_vs_cfr,run,500.0,65,-0.227,-0.228643216080402,100000,100
etc_cfr_vs_cfr,run,500.0,66,-0.4162,-0.4182311557788944,100000,100
etc_cfr_vs_cfr,run,500.0,67,-0.27862,-0.2811859296482412,100000,100
etc_cfr_vs_cfr,run,500.0,68,-0.32674,-0.3286331658291457,100000,100
etc_cfr_vs_cfr,run,500.0,69,-0.28731,-0.2882412060301507,100000,100
etc_cfr_vs_cfr,run,500.0,70,-0.23127,-0.2322613065326633,100000,100
etc_cfr_vs_cfr,run,500.0,71,-0.3305,-0.3310251256281407,100000,100
etc_cfr_vs_cfr,run,500.0,72,-0.33761,-0.339678391959799,100000,100
etc_cfr_vs_cfr,run,500.0,73,-0.25914,-0.2604824120603015,100000,100
etc_cfr_vs_cfr,run,500.0,74,-0.49044,-0.4912663316582915,100000,100
etc_cfr_vs_cfr,run,500.0,75,-0.33284,-0.3343517587939698,100000,100
etc_cfr_vs_cfr,run,500.0,76,-0.21102,-0.2122110552763819,100000,100
etc_cfr_vs_cfr,run,500.0,77,-0.34754,-0.3491457286432161,100000,100
etc_cfr_vs_cfr,run,500.0,78,-0.27489,-0.2774673366834171,100000,100
etc_cfr_vs_cfr,run,500.0,79,-0.39973,-0.4029145728643216,100000,100
etc_cfr_vs_cfr,run,500.0,80,-0.2865,-0.2895175879396985,100000,100
etc_cfr_vs_cfr,run,500.0,81,-0.33844,-0.3405829145728643,100000,100
etc_cfr_vs_cfr,run,500.0,82,-0.2572,-0.2587638190954774,100000,100
etc_cfr_vs_cfr,run,500.0,83,-0.43196,-0.4326834170854271,100000,100
etc_cfr_vs_cfr,run,500.0,84,-0.24937,-0.2508140703517588,100000,100
etc_cfr_vs_cfr,run,500.0,85,-0.31985,-0.3225628140703517,100000,100
etc_cfr_vs_cfr,run,500.0,86,-0.32702,-0.3296884422110552,100000,100
etc_cfr_vs_cfr,run,500.0,87,-0.31478,-0.3166331658291457,100000,100
etc_cfr_vs_cfr,run,500.0,88,-0.42497,-0.4278291457286432,100000,100
etc_cfr_vs_cfr,run,500.0,89,-0.41032,-0.4114271356783919,100000,100
etc_cfr_vs_cfr,run,500.0,90,-0.522,-0.5234170854271357,100000,100
etc_cfr_vs_cfr,run,500.0,91,-0.26198,-0.2648241206030151,100000,100
etc_cfr_vs_cfr,run,500.0,92,-0.28566,-0.2867638190954774,100000,100
etc_cfr_vs_cfr,run,500.0,93,-0.31699,-0.3188341708542713,100000,100
etc_cfr_vs_cfr,run,500.0,94,-0.40814,-0.4088743718592965,100000,100
etc_cfr_vs_cfr,run,500.0,95,-0.26999,-0.2710753768844221,100000,100
etc_cfr_vs_cfr,run,500.0,96,-0.37089,-0.3721306532663316,100000,100
etc_cfr_vs_cfr,run,500.0,97,-0.29134,-0.2936884422110553,100000,100
etc_cfr_vs_cfr,run,500.0,98,-0.30241,-0.3051457286432161,100000,100
etc_cfr_vs_cfr,run,500.0,99,-0.32327,-0.3248241206030151,100000,100
etc_cfr_vs_cfr,run,1000.0,0,-0.35158,-0.3566262626262626,100000,100
etc_cfr_vs_cfr,run,1000.0,1,-0.34723,-0.3512626262626263,100000,100
etc_cfr_vs_cfr,run,1000.0,2,-0.30487,-0.3079595959595959,100000,100
etc_cfr_vs_cfr,run,1000.0,3,-0.51086,-0.5148585858585859,100000,100
etc_cfr_vs_cfr,run,1000.0,4,-0.3454,-0.3488484848484848,100000,100
etc_cfr_vs_cfr,run,1000.0,5,-0.391,-0.3943939393939394,100000,100
etc_cfr_vs_cfr,run,1000.0,6,-0.23948,-0.2427272727272727,100000,100
etc_cfr_vs_cfr,run,1000.0,7,-0.27128,-0.2741313131313131,100000,100
etc_cfr_vs_cfr,run,1000.0,8,-0.29078,-0.2942323232323232,100000,100
etc_cfr_vs_cfr,run,1000.0,9,-0.39667,-0.3993535353535353,100000,100
etc_cfr_vs_cfr,run,1000.0,10,-0.36111,-0.3661919191919192,100000,100
etc_cfr_vs_cfr,run,1000.0,11,-0.39134,-0.3953232323232323,100000,100
etc_cfr_vs_cfr,run,1000.0,12,-0.28819,-0.2902222222222222,100000,100
etc_cfr_vs_cfr,run,1000.0,13,-0.23917,-0.2407878787878788,100000,100
etc_cfr_vs_cfr,run,1000.0,14,-0.2172,-0.2214141414141414,100000,100
etc_cfr_vs_cfr,run,1000.0,15,-0.34456,-0.3511818181818182,100000,100
etc_cfr_vs_cfr,run,1000.0,16,-0.24331,-0.2448181818181818,100000,100
etc_cfr_vs_cfr,run,1000.0,17,-0.26753,-0.2701313131313131,100000,100
etc_cfr_vs_cfr,run,1000.0,18,-0.35306,-0.3578686868686869,100000,100
etc_cfr_vs_cfr,run,1000.0,19,-0.27144,-0.2735959595959596,100000,100
etc_cfr_vs_cfr,run,1000.0,20,-0.31228,-0.3145959595959596,100000,100
etc_cfr_vs_cfr,run,1000.0,21,-0.42951,-0.4337878787878788,100000,100
etc_cfr_vs_cfr,run,1000.0,22,-0.28274,-0.286989898989899,100000,100
etc_cfr_vs_cfr,run,1000.0,23,-0.4486,-0.4556868686868687,100000,100
etc_cfr_vs_cfr,run,1000.0,24,-0.33195,-0.3355757575757576,100000,100
etc_cfr_vs_cfr,run,1000.0,25,-0.19083,-0.1927070707070707,100000,100
etc_cfr_vs_cfr,run,1000.0,26,-0.34906,-0.3556767676767677,100000,100
etc_cfr_vs_cfr,run,1000.0,27,-0.33888,-0.3428282828282828,100000,100
etc_cfr_vs_cfr,run,1000.0,28,-0.42478,-0.4283434343434343,100000,100
etc_cfr_vs_cfr,run,1000.0,29,-0.2549,-0.2572424242424242,100000,100
etc_cfr_vs_cfr,run,1000.0,30,-0.35253,-0.3570606060606061,100000,100
etc_cfr_vs_cfr,run,1000.0,31,-0.45469,-0.4586565656565656,100000,100
etc_cfr_vs_cfr,run,1000.0,32,-0.32881,-0.3314545454545454,100000,100
etc_cfr_vs_cfr,run,1000.0,33,-0.21889,-0.2228080808080808,100000,100
etc_cfr_vs_cfr,run,1000.0,34,-0.30026,-0.304020202020202,100000,100
etc_cfr_vs_cfr,run,1000.0,35,-0.29626,-0.2995454545454545,100000,100
etc_cfr_vs_cfr,run,1000.0,36,-0.25194,-0.2548181818181818,100000,100
etc_cfr_vs_cfr,run,1000.0,37,-0.40871,-0.4146262626262626,100000,100
etc_cfr_vs_cfr,run,1000.0,38,-0.33048,-0.333050505050505,100000,100
etc_cfr_vs_cfr,run,1000.0,39,-0.32337,-0.3259494949494949,100000,100
etc_cfr_vs_cfr,run,1000.0,40,-0.33462,-0.3378484848484848,100000,100
etc_cfr_vs_cfr,run,1000.0,41,-0.21907,-0.2211313131313131,100000,100
etc_cfr_vs_cfr,run,1000.0,42,-0.2001,-0.2028484848484848,100000,100
etc_cfr_vs_cfr,run,1000.0,43,-0.40104,-0.403969696969697,100000,100
etc_cfr_vs_cfr,run,1000.0,44,-0.33841,-0.3428282828282828,100000,100
etc_cfr_vs_cfr,run,1000.0,45,-0.40259,-0.4068686868686869,100000,100
etc_cfr_vs_cfr,run,1000.0,46,-0.27644,-0.2783030303030303,100000,100
etc_cfr_vs_cfr,run,1000.0,47,-0.28145,-0.2844848484848485,100000,100
etc_cfr_vs_cfr,run,1000.0,48,-0.18386,-0.1849898989898989,100000,100
etc_cfr_vs_cfr,run,1000.0,49,-0.50501,-0.5094949494949494,100000,100
etc_cfr_vs_cfr,run,1000.0,50,-0.51599,-0.5202727272727272,100000,100
etc_cfr_vs_cfr,run,1000.0,51,-0.41634,-0.420090909090909,100000,100
etc_cfr_vs_cfr,run,1000.0,52,-0.2369,-0.2392929292929292,100000,100
etc_cfr_vs_cfr,run,1000.0,53,-0.32891,-0.3342828282828283,100000,100
etc_cfr_vs_cfr,run,1000.0,54,-0.36682,-0.3691616161616161,100000,100
etc_cfr_vs_cfr,run,1000.0,55,-0.41421,-0.4196464646464646,100000,100
etc_cfr_vs_cfr,run,1000.0,56,-0.32662,-0.3302525252525252,100000,100
etc_cfr_vs_cfr,run,1000.0,57,-0.23786,-0.2391313131313131,100000,100
etc_cfr_vs_cfr,run,1000.0,58,-0.38492,-0.3881212121212121,100000,100
etc_cfr_vs_cfr,run,1000.0,59,-0.25603,-0.2596262626262626,100000,100
etc_cfr_vs_cfr,run,1000.0,60,-0.32913,-0.3317878787878788,100000,100
etc_cfr_vs_cfr,run,1000.0,61,-0.21948,-0.2223030303030303,100000,100
etc_cfr_vs_cfr,run,1000.0,62,-0.44705,-0.449070707070707,100000,100
etc_cfr_vs_cfr,run,1000.0,63,-0.32245,-0.3247777777777778,100000,100
etc_cfr_vs_cfr,run,1000.0,64,-0.41213,-0.4172020202020202,100000,100
etc_cfr_vs_cfr,run,1000.0,65,-0.2483,-0.2488686868686868,100000,100
etc_cfr_vs_cfr,run,1000.0,66,-0.30409,-0.3077272727272727,100000,100
etc_cfr_vs_cfr,run,1000.0,67,-0.2694,-0.2729393939393939,100000,100
etc_cfr_vs_cfr,run,1000.0,68,-0.19736,-0.2004646464646464,100000,100
etc_cfr_vs_cfr,run,1000.0,69,-0.38352,-0.3866161616161616,100000,100
etc_cfr_vs_cfr,run,1000.0,70,-0.25981,-0.263050505050505,100000,100
etc_cfr_vs_cfr,run,1000.0,71,-0.18902,-0.190060606060606,100000,100
etc_cfr_vs_cfr,run,1000.0,72,-0.25001,-0.2548383838383838,100000,100
etc_cfr_vs_cfr,run,1000.0,73,-0.30523,-0.3085656565656565,100000,100
etc_cfr_vs_cfr,run,1000.0,74,-0.26036,-0.2614040404040404,100000,100
etc_cfr_vs_cfr,run,1000.0,75,-0.37131,-0.3746969696969697,100000,100
etc_cfr_vs_cfr,run,1000.0,76,-0.33587,-0.339989898989899,100000,100
etc_cfr_vs_cfr,run,1000.0,77,-0.25379,-0.2581212121212121,100000,100
etc_cfr_vs_cfr,run,1000.0,78,-0.38056,-0.3832424242424242,100000,100
etc_cfr_vs_cfr,run,1000.0,79,-0.26542,-0.2682424242424242,100000,100
etc_cfr_vs_cfr,run,1000.0,80,-0.27572,-0.2753838383838384,100000,100
etc_cfr_vs_cfr,run,1000.0,81,-0.31843,-0.322070707070707,100000,100
etc_cfr_vs_cfr,run,1000.0,82,-0.38333,-0.3869292929292929,100000,100
etc_cfr_vs_cfr,run,1000.0,83,-0.29447,-0.2982525252525252,100000,100
etc_cfr_vs_cfr,run,1000.0,84,-0.22123,-0.2241313131313131,100000,100
etc_cfr_vs_cfr,run,1000.0,85,-0.20741,-0.2102424242424242,100000,100
etc_cfr_vs_cfr,run,1000.0,86,-0.46482,-0.468030303030303,100000,100
etc_cfr_vs_cfr,run,1000.0,87,-0.22771,-0.2315151515151515,100000,100
etc_cfr_vs_cfr,run,1000.0,88,-0.37397,-0.3757979797979798,100000,100
etc_cfr_vs_cfr,run,1000.0,89,-0.2924,-0.2948989898989899,100000,100
etc_cfr_vs_cfr,run,1000.0,90,-0.18919,-0.1914747474747474,100000,100
etc_cfr_vs_cfr,run,1000.0,91,-0.32567,-0.3296363636363636,100000,100
etc_cfr_vs_cfr,run,1000.0,92,-0.26856,-0.2714646464646464,100000,100
etc_cfr_vs_cfr,run,1000.0,93,-0.31208,-0.3157575757575757,100000,100
etc_cfr_vs_cfr,run,1000.0,94,-0.37192,-0.3772424242424242,100000,100
etc_cfr_vs_cfr,run,1000.0,95,-0.21877,-0.222010101010101,100000,100
etc_cfr_vs_cfr,run,1000.0,96,-0.339,-0.3429191919191919,100000,100
etc_cfr_vs_cfr,run,1000.0,97,-0.35331,-0.3566262626262626,100000,100
etc_cfr_vs_cfr,run,1000.0,98,-0.2787,-0.2821818181818182,100000,100
etc_cfr_vs_cfr,run,1000.0,99,-0.33399,-0.3364141414141414,100000,100
etc_cfr_vs_cfr,run,1500.0,0,-0.29513,-0.3005380710659898,100000,100
etc_cfr_vs_cfr,run,1500.0,1,-0.21663,-0.2203959390862944,100000,100
etc_cfr_vs_cfr,run,1500.0,2,-0.17238,-0.175746192893401,100000,100
etc_cfr_vs_cfr,run,1500.0,3,-0.32262,-0.3276548223350253,100000,100
etc_cfr_vs_cfr,run,1500.0,4,-0.26708,-0.2744060913705584,100000,100
etc_cfr_vs_cfr,run,1500.0,5,-0.28329,-0.2883248730964467,100000,100
etc_cfr_vs_cfr,run,1500.0,6,-0.3563,-0.3630862944162437,100000,100
etc_cfr_vs_cfr,run,1500.0,7,-0.33019,-0.3335126903553299,100000,100
etc_cfr_vs_cfr,run,1500.0,8,-0.33532,-0.3402131979695431,100000,100
etc_cfr_vs_cfr,run,1500.0,9,-0.23559,-0.241492385786802,100000,100
etc_cfr_vs_cfr,run,1500.0,10,-0.36534,-0.3735532994923858,100000,100
etc_cfr_vs_cfr,run,1500.0,11,-0.27472,-0.2790456852791878,100000,100
etc_cfr_vs_cfr,run,1500.0,12,-0.37979,-0.385492385786802,100000,100
etc_cfr_vs_cfr,run,1500.0,13,-0.35358,-0.3595126903553299,100000,100
etc_cfr_vs_cfr,run,1500.0,14,-0.26575,-0.2692284263959391,100000,100
etc_cfr_vs_cfr,run,1500.0,15,-0.34446,-0.3494111675126903,100000,100
etc_cfr_vs_cfr,run,1500.0,16,-0.29084,-0.2931370558375634,100000,100
etc_cfr_vs_cfr,run,1500.0,17,-0.38423,-0.3887106598984771,100000,100
etc_cfr_vs_cfr,run,1500.0,18,-0.30447,-0.3102131979695431,100000,100
etc_cfr_vs_cfr,run,1500.0,19,-0.28869,-0.2940507614213198,100000,100
etc_cfr_vs_cfr,run,1500.0,20,-0.32159,-0.3261522842639593,100000,100
etc_cfr_vs_cfr,run,1500.0,21,-0.29582,-0.2992994923857868,100000,100
etc_cfr_vs_cfr,run,1500.0,22,-0.37555,-0.3812690355329949,100000,100
etc_cfr_vs_cfr,run,1500.0,23,-0.48319,-0.4895837563451776,100000,100
etc_cfr_vs_cfr,run,1500.0,24,-0.33929,-0.3448324873096446,100000,100
etc_cfr_vs_cfr,run,1500.0,25,-0.3319,-0.3372791878172589,100000,100
etc_cfr_vs_cfr,run,1500.0,26,-0.47947,-0.4866903553299492,100000,100
etc_cfr_vs_cfr,run,1500.0,27,-0.22411,-0.2288121827411167,100000,100
etc_cfr_vs_cfr,run,1500.0,28,-0.42209,-0.427482233502538,100000,100
etc_cfr_vs_cfr,run,1500.0,29,-0.18403,-0.1866598984771573,100000,100
etc_cfr_vs_cfr,run,1500.0,30,-0.35064,-0.3552994923857868,100000,100
etc_cfr_vs_cfr,run,1500.0,31,-0.31223,-0.3170761421319797,100000,100
etc_cfr_vs_cfr,run,1500.0,32,-0.33186,-0.3374314720812182,100000,100
etc_cfr_vs_cfr,run,1500.0,33,-0.38428,-0.3896345177664974,100000,100
etc_cfr_vs_cfr,run,1500.0,34,-0.38882,-0.3943350253807106,100000,100
etc_cfr_vs_cfr,run,1500.0,35,-0.22586,-0.228984771573604,100000,100
etc_cfr_vs_cfr,run,1500.0,36,-0.28502,-0.2871472081218274,100000,100
etc_cfr_vs_cfr,run,1500.0,37,-0.28748,-0.2919086294416244,100000,100
etc_cfr_vs_cfr,run,1500.0,38,-0.23704,-0.2424263959390863,100000,100
etc_cfr_vs_cfr,run,1500.0,39,-0.20132,-0.2045989847715736,100000,100
etc_cfr_vs_cfr,run,1500.0,40,-0.2837,-0.2904670050761421,100000,100
etc_cfr_vs_cfr,run,1500.0,41,-0.34834,-0.3536954314720812,100000,100
etc_cfr_vs_cfr,run,1500.0,42,-0.38441,-0.3879187817258883,100000,100
etc_cfr_vs_cfr,run,1500.0,43,-0.26765,-0.2713299492385786,100000,100
etc_cfr_vs_cfr,run,1500.0,44,-0.35134,-0.3546192893401015,100000,100
etc_cfr_vs_cfr,run,1500.0,45,-0.27235,-0.2742842639593909,100000,100
etc_cfr_vs_cfr,run,1500.0,46,-0.34975,-0.3508832487309645,100000,100
etc_cfr_vs_cfr,run,1500.0,47,-0.41626,-0.4258375634517766,100000,100
etc_cfr_vs_cfr,run,1500.0,48,-0.30729,-0.3121725888324873,100000,100
etc_cfr_vs_cfr,run,1500.0,49,-0.25286,-0.2558477157360406,100000,100
etc_cfr_vs_cfr,run,1500.0,50,-0.33459,-0.3413604060913706,100000,100
etc_cfr_vs_cfr,run,1500.0,51,-0.36872,-0.3745482233502538,100000,100
etc_cfr_vs_cfr,run,1500.0,52,-0.37722,-0.3838984771573604,100000,100
etc_cfr_vs_cfr,run,1500.0,53,-0.26693,-0.272497461928934,100000,100
etc_cfr_vs_cfr,run,1500.0,54,-0.2538,-0.2582335025380711,100000,100
etc_cfr_vs_cfr,run,1500.0,55,-0.24598,-0.2497055837563452,100000,100
etc_cfr_vs_cfr,run,1500.0,56,-0.3662,-0.3710862944162436,100000,100
etc_cfr_vs_cfr,run,1500.0,57,-0.29821,-0.304741116751269,100000,100
etc_cfr_vs_cfr,run,1500.0,58,-0.42079,-0.4301319796954315,100000,100
etc_cfr_vs_cfr,run,1500.0,59,-0.32401,-0.3307715736040609,100000,100
etc_cfr_vs_cfr,run,1500.0,60,-0.37525,-0.3822233502538071,100000,100
etc_cfr_vs_cfr,run,1500.0,61,-0.36587,-0.3719289340101522,100000,100
etc_cfr_vs_cfr,run,1500.0,62,-0.49118,-0.4989238578680203,100000,100
etc_cfr_vs_cfr,run,1500.0,63,-0.35255,-0.3586091370558376,100000,100
etc_cfr_vs_cfr,run,1500.0,64,-0.32106,-0.3233096446700507,100000,100
etc_cfr_vs_cfr,run,1500.0,65,-0.4319,-0.4368832487309644,100000,100
etc_cfr_vs_cfr,run,1500.0,66,-0.29765,-0.3008121827411167,100000,100
etc_cfr_vs_cfr,run,1500.0,67,-0.25879,-0.2637360406091371,100000,100
etc_cfr_vs_cfr,run,1500.0,68,-0.32097,-0.3264670050761421,100000,100
etc_cfr_vs_cfr,run,1500.0,69,-0.30738,-0.3121725888324873,100000,100
etc_cfr_vs_cfr,run,1500.0,70,-0.15398,-0.1570964467005076,100000,100
etc_cfr_vs_cfr,run,1500.0,71,-0.22616,-0.2288426395939086,100000,100
etc_cfr_vs_cfr,run,1500.0,72,-0.51405,-0.5187918781725889,100000,100
etc_cfr_vs_cfr,run,1500.0,73,-0.32133,-0.3253604060913705,100000,100
etc_cfr_vs_cfr,run,1500.0,74,-0.27244,-0.2759796954314721,100000,100
etc_cfr_vs_cfr,run,1500.0,75,-0.35642,-0.3606903553299492,100000,100
etc_cfr_vs_cfr,run,1500.0,76,-0.2627,-0.2672791878172589,100000,100
etc_cfr_vs_cfr,run,1500.0,77,-0.27082,-0.2751675126903553,100000,100
etc_cfr_vs_cfr,run,1500.0,78,-0.29267,-0.2953096446700508,100000,100
etc_cfr_vs_cfr,run,1500.0,79,-0.30605,-0.3093197969543147,100000,100
etc_cfr_vs_cfr,run,1500.0,80,-0.26369,-0.2678781725888325,100000,100
etc_cfr_vs_cfr,run,1500.0,81,-0.26019,-0.2629644670050761,100000,100
etc_cfr_vs_cfr,run,1500.0,82,-0.18838,-0.1910456852791878,100000,100
etc_cfr_vs_cfr,run,1500.0,83,-0.31523,-0.3181827411167512,100000,100
etc_cfr_vs_cfr,run,1500.0,84,-0.35103,-0.3554213197969543,100000,100
etc_cfr_vs_cfr,run,1500.0,85,-0.26808,-0.2707106598984771,100000,100
etc_cfr_vs_cfr,run,1500.0,86,-0.33153,-0.3376548223350253,100000,100
etc_cfr_vs_cfr,run,1500.0,87,-0.34452,-0.349746192893401,100000,100
etc_cfr_vs_cfr,run,1500.0,88,-0.32288,-0.328730964467005,100000,100
etc_cfr_vs_cfr,run,1500.0,89,-0.36724,-0.3717969543147208,100000,100
etc_cfr_vs_cfr,run,1500.0,90,-0.27465,-0.2787106598984771,100000,100
etc_cfr_vs_cfr,run,1500.0,91,-0.32322,-0.3292182741116751,100000,100
etc_cfr_vs_cfr,run,1500.0,92,-0.38136,-0.3866802030456853,100000,100
etc_cfr_vs_cfr,run,1500.0,93,-0.23248,-0.2361218274111675,100000,100
etc_cfr_vs_cfr,run,1500.0,94,-0.2986,-0.301725888324873,100000,100
etc_cfr_vs_cfr,run,1500.0,95,-0.38739,-0.3920203045685279,100000,100
etc_cfr_vs_cfr,run,1500.0,96,-0.26914,-0.2741421319796954,100000,100
etc_cfr_vs_cfr,run,1500.0,97,-0.26239,-0.2670964467005076,100000,100
etc_cfr_vs_cfr,run,1500.0,98,-0.24855,-0.2538883248730964,100000,100
etc_cfr_vs_cfr,run,1500.0,99,-0.36441,-0.3730456852791878,100000,100
etc_cfr_vs_cfr,run,2000.0,0,-0.25378,-0.2585714285714285,100000,100
etc_cfr_vs_cfr,run,2000.0,1,-0.3448,-0.3533163265306122,100000,100
etc_cfr_vs_cfr,run,2000.0,2,-0.25421,-0.2593367346938775,100000,100
etc_cfr_vs_cfr,run,2000.0,3,-0.30109,-0.3053061224489796,100000,100
etc_cfr_vs_cfr,run,2000.0,4,-0.47837,-0.4866020408163265,100000,100
etc_cfr_vs_cfr,run,2000.0,5,-0.33577,-0.3421224489795918,100000,100
etc_cfr_vs_cfr,run,2000.0,6,-0.42773,-0.4362142857142857,100000,100
etc_cfr_vs_cfr,run,2000.0,7,-0.33835,-0.3483163265306122,100000,100
etc_cfr_vs_cfr,run,2000.0,8,-0.26658,-0.2708571428571428,100000,100
etc_cfr_vs_cfr,run,2000.0,9,-0.39121,-0.3996836734693877,100000,100
etc_cfr_vs_cfr,run,2000.0,10,-0.24253,-0.2467857142857142,100000,100
etc_cfr_vs_cfr,run,2000.0,11,-0.28235,-0.2874387755102041,100000,100
etc_cfr_vs_cfr,run,2000.0,12,-0.30465,-0.3099387755102041,100000,100
etc_cfr_vs_cfr,run,2000.0,13,-0.26972,-0.2761020408163265,100000,100
etc_cfr_vs_cfr,run,2000.0,14,-0.40345,-0.413234693877551,100000,100
etc_cfr_vs_cfr,run,2000.0,15,-0.39736,-0.4041428571428571,100000,100
etc_cfr_vs_cfr,run,2000.0,16,-0.33697,-0.344204081632653,100000,100
etc_cfr_vs_cfr,run,2000.0,17,-0.27963,-0.2836122448979591,100000,100
etc_cfr_vs_cfr,run,2000.0,18,-0.3555,-0.3623265306122449,100000,100
etc_cfr_vs_cfr,run,2000.0,19,-0.22576,-0.2302755102040816,100000,100
etc_cfr_vs_cfr,run,2000.0,20,-0.39818,-0.4066326530612245,100000,100
etc_cfr_vs_cfr,run,2000.0,21,-0.30464,-0.308,100000,100
etc_cfr_vs_cfr,run,2000.0,22,-0.26356,-0.2662244897959183,100000,100
etc_cfr_vs_cfr,run,2000.0,23,-0.25536,-0.261469387755102,100000,100
etc_cfr_vs_cfr,run,2000.0,24,-0.36383,-0.3698877551020408,100000,100
etc_cfr_vs_cfr,run,2000.0,25,-0.27463,-0.2796020408163265,100000,100
etc_cfr_vs_cfr,run,2000.0,26,-0.33664,-0.3436428571428571,100000,100
etc_cfr_vs_cfr,run,2000.0,27,-0.23562,-0.2389897959183673,100000,100
etc_cfr_vs_cfr,run,2000.0,28,-0.29751,-0.3041428571428571,100000,100
etc_cfr_vs_cfr,run,2000.0,29,-0.25311,-0.2558061224489796,100000,100
etc_cfr_vs_cfr,run,2000.0,30,-0.29468,-0.299969387755102,100000,100
etc_cfr_vs_cfr,run,2000.0,31,-0.23418,-0.2415612244897959,100000,100
etc_cfr_vs_cfr,run,2000.0,32,-0.20862,-0.2147755102040816,100000,100
etc_cfr_vs_cfr,run,2000.0,33,-0.21422,-0.2193163265306122,100000,100
etc_cfr_vs_cfr,run,2000.0,34,-0.23925,-0.2453061224489796,100000,100
etc_cfr_vs_cfr,run,2000.0,35,-0.38312,-0.3945,100000,100
etc_cfr_vs_cfr,run,2000.0,36,-0.23783,-0.2429183673469387,100000,100
etc_cfr_vs_cfr,run,2000.0,37,-0.26207,-0.2672755102040816,100000,100
etc_cfr_vs_cfr,run,2000.0,38,-0.31404,-0.3206224489795918,100000,100
etc_cfr_vs_cfr,run,2000.0,39,-0.28588,-0.2938469387755102,100000,100
etc_cfr_vs_cfr,run,2000.0,40,-0.37436,-0.3818775510204081,100000,100
etc_cfr_vs_cfr,run,2000.0,41,-0.31195,-0.3182448979591836,100000,100
etc_cfr_vs_cfr,run,2000.0,42,-0.40885,-0.4160714285714286,100000,100
etc_cfr_vs_cfr,run,2000.0,43,-0.43174,-0.437969387755102,100000,100
etc_cfr_vs_cfr,run,2000.0,44,-0.34919,-0.3581326530612245,100000,100
etc_cfr_vs_cfr,run,2000.0,45,-0.1847,-0.1885204081632653,100000,100
etc_cfr_vs_cfr,run,2000.0,46,-0.29044,-0.2966836734693877,100000,100
etc_cfr_vs_cfr,run,2000.0,47,-0.32849,-0.3341632653061224,100000,100
etc_cfr_vs_cfr,run,2000.0,48,-0.30933,-0.3156632653061224,100000,100
etc_cfr_vs_cfr,run,2000.0,49,-0.26584,-0.2720408163265306,100000,100
etc_cfr_vs_cfr,run,2000.0,50,-0.28769,-0.2955714285714286,100000,100
etc_cfr_vs_cfr,run,2000.0,51,-0.26993,-0.2767551020408163,100000,100
etc_cfr_vs_cfr,run,2000.0,52,-0.27035,-0.2750612244897959,100000,100
etc_cfr_vs_cfr,run,2000.0,53,-0.24804,-0.2542653061224489,100000,100
etc_cfr_vs_cfr,run,2000.0,54,-0.2482,-0.2511122448979592,100000,100
etc_cfr_vs_cfr,run,2000.0,55,-0.17763,-0.1826326530612245,100000,100
etc_cfr_vs_cfr,run,2000.0,56,-0.31621,-0.3239081632653061,100000,100
etc_cfr_vs_cfr,run,2000.0,57,-0.33861,-0.3468367346938775,100000,100
etc_cfr_vs_cfr,run,2000.0,58,-0.18952,-0.1945102040816326,100000,100
etc_cfr_vs_cfr,run,2000.0,59,-0.33396,-0.3415,100000,100
etc_cfr_vs_cfr,run,2000.0,60,-0.2833,-0.2911734693877551,100000,100
etc_cfr_vs_cfr,run,2000.0,61,-0.25162,-0.2574183673469388,100000,100
etc_cfr_vs_cfr,run,2000.0,62,-0.21986,-0.2234897959183673,100000,100
etc_cfr_vs_cfr,run,2000.0,63,-0.34554,-0.3531428571428571,100000,100
etc_cfr_vs_cfr,run,2000.0,64,-0.37638,-0.382204081632653,100000,100
etc_cfr_vs_cfr,run,2000.0,65,-0.28153,-0.2856428571428571,100000,100
etc_cfr_vs_cfr,run,2000.0,66,-0.23636,-0.2416836734693877,100000,100
etc_cfr_vs_cfr,run,2000.0,67,-0.36026,-0.3653775510204081,100000,100
etc_cfr_vs_cfr,run,2000.0,68,-0.28906,-0.296204081632653,100000,100
etc_cfr_vs_cfr,run,2000.0,69,-0.47228,-0.4819285714285714,100000,100
etc_cfr_vs_cfr,run,2000.0,70,-0.33117,-0.3396020408163265,100000,100
etc_cfr_vs_cfr,run,2000.0,71,-0.28566,-0.2902959183673469,100000,100
etc_cfr_vs_cfr,run,2000.0,72,-0.19885,-0.2026530612244897,100000,100
etc_cfr_vs_cfr,run,2000.0,73,-0.24799,-0.2538979591836734,100000,100
etc_cfr_vs_cfr,run,2000.0,74,-0.30002,-0.3029183673469388,100000,100
etc_cfr_vs_cfr,run,2000.0,75,-0.38011,-0.388234693877551,100000,100
etc_cfr_vs_cfr,run,2000.0,76,-0.26029,-0.2658163265306122,100000,100
etc_cfr_vs_cfr,run,2000.0,77,-0.38701,-0.3950204081632653,100000,100
etc_cfr_vs_cfr,run,2000.0,78,-0.32702,-0.3325408163265306,100000,100
etc_cfr_vs_cfr,run,2000.0,79,-0.33151,-0.3386428571428571,100000,100
etc_cfr_vs_cfr,run,2000.0,80,-0.22428,-0.2290408163265306,100000,100
etc_cfr_vs_cfr,run,2000.0,81,-0.36818,-0.3775918367346939,100000,100
etc_cfr_vs_cfr,run,2000.0,82,-0.35303,-0.3584285714285714,100000,100
etc_cfr_vs_cfr,run,2000.0,83,-0.25384,-0.2605510204081632,100000,100
etc_cfr_vs_cfr,run,2000.0,84,-0.38905,-0.3958877551020408,100000,100
etc_cfr_vs_cfr,run,2000.0,85,-0.34316,-0.3500612244897959,100000,100
etc_cfr_vs_cfr,run,2000.0,86,-0.29441,-0.3032142857142857,100000,100
etc_cfr_vs_cfr,run,2000.0,87,-0.28033,-0.2869489795918367,100000,100
etc_cfr_vs_cfr,run,2000.0,88,-0.19219,-0.1957142857142857,100000,100
etc_cfr_vs_cfr,run,2000.0,89,-0.28687,-0.2901224489795918,100000,100
etc_cfr_vs_cfr,run,2000.0,90,-0.34869,-0.354969387755102,100000,100
etc_cfr_vs_cfr,run,2000.0,91,-0.32956,-0.336734693877551,100000,100
etc_cfr_vs_cfr,run,2000.0,92,-0.26811,-0.2747448979591836,100000,100
etc_cfr_vs_cfr,run,2000.0,93,-0.32681,-0.3365510204081632,100000,100
etc_cfr_vs_cfr,run,2000.0,94,-0.36471,-0.3720612244897959,100000,100
etc_cfr_vs_cfr,run,2000.0,95,-0.30586,-0.3100204081632653,100000,100
etc_cfr_vs_cfr,run,2000.0,96,-0.27759,-0.2845612244897959,100000,100
etc_cfr_vs_cfr,run,2000.0,97,-0.40221,-0.4096122448979591,100000,100
etc_cfr_vs_cfr,run,2000.0,98,-0.25477,-0.2588979591836735,100000,100
etc_cfr_vs_cfr,run,2000.0,99,-0.2867,-0.2940204081632653,100000,100
etc_cfr_vs_cfr,run,5000.0,0,-0.35585,-0.3727894736842105,100000,100
etc_cfr_vs_cfr,run,5000.0,1,-0.29881,-0.3192315789473684,100000,100
etc_cfr_vs_cfr,run,5000.0,2,-0.2808,-0.2969157894736842,100000,100
etc_cfr_vs_cfr,run,5000.0,3,-0.31916,-0.3383578947368421,100000,100
etc_cfr_vs_cfr,run,5000.0,4,-0.45439,-0.4804315789473684,100000,100
etc_cfr_vs_cfr,run,5000.0,5,-0.39935,-0.4208526315789473,100000,100
etc_cfr_vs_cfr,run,5000.0,6,-0.3508,-0.3702947368421053,100000,100
etc_cfr_vs_cfr,run,5000.0,7,-0.28237,-0.2940947368421052,100000,100
etc_cfr_vs_cfr,run,5000.0,8,-0.37157,-0.3931157894736842,100000,100
etc_cfr_vs_cfr,run,5000.0,9,-0.50274,-0.5343263157894736,100000,100
etc_cfr_vs_cfr,run,5000.0,10,-0.24671,-0.2590631578947368,100000,100
etc_cfr_vs_cfr,run,5000.0,11,-0.31008,-0.3276210526315789,100000,100
etc_cfr_vs_cfr,run,5000.0,12,-0.32296,-0.3412421052631579,100000,100
etc_cfr_vs_cfr,run,5000.0,13,-0.39352,-0.4134,100000,100
etc_cfr_vs_cfr,run,5000.0,14,-0.25998,-0.2749157894736842,100000,100
etc_cfr_vs_cfr,run,5000.0,15,-0.24602,-0.2573684210526316,100000,100
etc_cfr_vs_cfr,run,5000.0,16,-0.29935,-0.3164631578947368,100000,100
etc_cfr_vs_cfr,run,5000.0,17,-0.3856,-0.4083894736842105,100000,100
etc_cfr_vs_cfr,run,5000.0,18,-0.32872,-0.3417473684210526,100000,100
etc_cfr_vs_cfr,run,5000.0,19,-0.37669,-0.3941368421052632,100000,100
etc_cfr_vs_cfr,run,5000.0,20,-0.35035,-0.3706210526315789,100000,100
etc_cfr_vs_cfr,run,5000.0,21,-0.37957,-0.4008,100000,100
etc_cfr_vs_cfr,run,5000.0,22,-0.30419,-0.3170736842105263,100000,100
etc_cfr_vs_cfr,run,5000.0,23,-0.29795,-0.3155052631578947,100000,100
etc_cfr_vs_cfr,run,5000.0,24,-0.2013,-0.2154631578947368,100000,100
etc_cfr_vs_cfr,run,5000.0,25,-0.26878,-0.2835578947368421,100000,100
etc_cfr_vs_cfr,run,5000.0,26,-0.21777,-0.2260315789473684,100000,100
etc_cfr_vs_cfr,run,5000.0,27,-0.359,-0.3778105263157895,100000,100
etc_cfr_vs_cfr,run,5000.0,28,-0.19522,-0.2070210526315789,100000,100
etc_cfr_vs_cfr,run,5000.0,29,-0.26361,-0.2799368421052631,100000,100
etc_cfr_vs_cfr,run,5000.0,30,-0.26997,-0.2841263157894736,100000,100
etc_cfr_vs_cfr,run,5000.0,31,-0.32134,-0.3393263157894737,100000,100
etc_cfr_vs_cfr,run,5000.0,32,-0.24762,-0.2623684210526316,100000,100
etc_cfr_vs_cfr,run,5000.0,33,-0.19492,-0.2048631578947368,100000,100
etc_cfr_vs_cfr,run,5000.0,34,-0.31689,-0.3350105263157895,100000,100
etc_cfr_vs_cfr,run,5000.0,35,-0.26823,-0.2827789473684211,100000,100
etc_cfr_vs_cfr,run,5000.0,36,-0.26592,-0.2797052631578947,100000,100
etc_cfr_vs_cfr,run,5000.0,37,-0.24119,-0.2551157894736842,100000,100
etc_cfr_vs_cfr,run,5000.0,38,-0.27877,-0.2927578947368421,100000,100
etc_cfr_vs_cfr,run,5000.0,39,-0.25138,-0.2702736842105263,100000,100
etc_cfr_vs_cfr,run,5000.0,40,-0.28343,-0.2939052631578947,100000,100
etc_cfr_vs_cfr,run,5000.0,41,-0.37448,-0.3936526315789473,100000,100
etc_cfr_vs_cfr,run,5000.0,42,-0.35174,-0.3692105263157895,100000,100
etc_cfr_vs_cfr,run,5000.0,43,-0.29612,-0.3112,100000,100
etc_cfr_vs_cfr,run,5000.0,44,-0.25627,-0.2727894736842105,100000,100
etc_cfr_vs_cfr,run,5000.0,45,-0.18453,-0.1965157894736842,100000,100
etc_cfr_vs_cfr,run,5000.0,46,-0.26056,-0.2720210526315789,100000,100
etc_cfr_vs_cfr,run,5000.0,47,-0.26742,-0.2827684210526315,100000,100
etc_cfr_vs_cfr,run,5000.0,48,-0.2896,-0.3035263157894737,100000,100
etc_cfr_vs_cfr,run,5000.0,49,-0.35826,-0.3707368421052631,100000,100
etc_cfr_vs_cfr,run,5000.0,50,-0.29191,-0.3072736842105263,100000,100
etc_cfr_vs_cfr,run,5000.0,51,-0.30719,-0.3252526315789473,100000,100
etc_cfr_vs_cfr,run,5000.0,52,-0.19854,-0.2076947368421052,100000,100
etc_cfr_vs_cfr,run,5000.0,53,-0.24403,-0.259178947368421,100000,100
etc_cfr_vs_cfr,run,5000.0,54,-0.29781,-0.3103263157894737,100000,100
etc_cfr_vs_cfr,run,5000.0,55,-0.57283,-0.6039052631578947,100000,100
etc_cfr_vs_cfr,run,5000.0,56,-0.34839,-0.3702315789473684,100000,100
etc_cfr_vs_cfr,run,5000.0,57,-0.21524,-0.2283684210526315,100000,100
etc_cfr_vs_cfr,run,5000.0,58,-0.27702,-0.2943894736842105,100000,100
etc_cfr_vs_cfr,run,5000.0,59,-0.28375,-0.2952631578947368,100000,100
etc_cfr_vs_cfr,run,5000.0,60,-0.26243,-0.2765052631578947,100000,100
etc_cfr_vs_cfr,run,5000.0,61,-0.30966,-0.3296315789473684,100000,100
etc_cfr_vs_cfr,run,5000.0,62,-0.22568,-0.2341894736842105,100000,100
etc_cfr_vs_cfr,run,5000.0,63,-0.17718,-0.1833157894736842,100000,100
etc_cfr_vs_cfr,run,5000.0,64,-0.33019,-0.3447157894736842,100000,100
etc_cfr_vs_cfr,run,5000.0,65,-0.3027,-0.3156526315789473,100000,100
etc_cfr_vs_cfr,run,5000.0,66,-0.32012,-0.3347263157894737,100000,100
etc_cfr_vs_cfr,run,5000.0,67,-0.33914,-0.3580105263157895,100000,100
etc_cfr_vs_cfr,run,5000.0,68,-0.36344,-0.3795894736842105,100000,100
etc_cfr_vs_cfr,run,5000.0,69,-0.26873,-0.2813368421052631,100000,100
etc_cfr_vs_cfr,run,5000.0,70,-0.29425,-0.3089157894736842,100000,100
etc_cfr_vs_cfr,run,5000.0,71,-0.30758,-0.3206105263157894,100000,100
etc_cfr_vs_cfr,run,5000.0,72,-0.27811,-0.2986631578947368,100000,100
etc_cfr_vs_cfr,run,5000.0,73,-0.41404,-0.4352631578947368,100000,100
etc_cfr_vs_cfr,run,5000.0,74,-0.30055,-0.3182736842105263,100000,100
etc_cfr_vs_cfr,run,5000.0,75,-0.3137,-0.3308210526315789,100000,100
etc_cfr_vs_cfr,run,5000.0,76,-0.43107,-0.4500421052631579,100000,100
etc_cfr_vs_cfr,run,5000.0,77,-0.27093,-0.284978947368421,100000,100
etc_cfr_vs_cfr,run,5000.0,78,-0.34486,-0.3585894736842105,100000,100
etc_cfr_vs_cfr,run,5000.0,79,-0.29849,-0.3159157894736842,100000,100
etc_cfr_vs_cfr,run,5000.0,80,-0.29331,-0.306,100000,100
etc_cfr_vs_cfr,run,5000.0,81,-0.2867,-0.3010631578947368,100000,100
etc_cfr_vs_cfr,run,5000.0,82,-0.28658,-0.3043157894736842,100000,100
etc_cfr_vs_cfr,run,5000.0,83,-0.21963,-0.2314315789473684,100000,100
etc_cfr_vs_cfr,run,5000.0,84,-0.22487,-0.2358526315789473,100000,100
etc_cfr_vs_cfr,run,5000.0,85,-0.26986,-0.2804105263157895,100000,100
etc_cfr_vs_cfr,run,5000.0,86,-0.31871,-0.3311473684210526,100000,100
etc_cfr_vs_cfr,run,5000.0,87,-0.2756,-0.2896105263157895,100000,100
etc_cfr_vs_cfr,run,5000.0,88,-0.25755,-0.2731052631578947,100000,100
etc_cfr_vs_cfr,run,5000.0,89,-0.18561,-0.1954631578947368,100000,100
etc_cfr_vs_cfr,run,5000.0,90,-0.25698,-0.2633157894736842,100000,100
etc_cfr_vs_cfr,run,5000.0,91,-0.36422,-0.3850315789473684,100000,100
etc_cfr_vs_cfr,run,5000.0,92,-0.31313,-0.3284842105263157,100000,100
etc_cfr_vs_cfr,run,5000.0,93,-0.2111,-0.2238210526315789,100000,100
etc_cfr_vs_cfr,run,5000.0,94,-0.46861,-0.4957473684210526,100000,100
etc_cfr_vs_cfr,run,5000.0,95,-0.38529,-0.4068210526315789,100000,100
etc_cfr_vs_cfr,run,5000.0,96,-0.21588,-0.2267684210526316,100000,100
etc_cfr_vs_cfr,run,5000.0,97,-0.29111,-0.3065157894736842,100000,100
etc_cfr_vs_cfr,run,5000.0,98,-0.2651,-0.2810315789473684,100000,100
etc_cfr_vs_cfr,run,5000.0,99,-0.2422,-0.2583157894736842,100000,100
etc_cfr_vs_cfr,run,10000.0,0,-0.2697,-0.3035111111111111,100000,100
etc_cfr_vs_cfr,run,10000.0,1,-0.36543,-0.4042,100000,100
etc_cfr_vs_cfr,run,10000.0,2,-0.21514,-0.2399888888888889,100000,100
etc_cfr_vs_cfr,run,10000.0,3,-0.23532,-0.2646333333333333,100000,100
etc_cfr_vs_cfr,run,10000.0,4,-0.30192,-0.3298888888888889,100000,100
etc_cfr_vs_cfr,run,10000.0,5,-0.29897,-0.3249333333333333,100000,100
etc_cfr_vs_cfr,run,10000.0,6,-0.2809,-0.3114222222222222,100000,100
etc_cfr_vs_cfr,run,10000.0,7,-0.27349,-0.3056555555555555,100000,100
etc_cfr_vs_cfr,run,10000.0,8,-0.43917,-0.4879666666666666,100000,100
etc_cfr_vs_cfr,run,10000.0,9,-0.36426,-0.403,100000,100
etc_cfr_vs_cfr,run,10000.0,10,-0.29479,-0.3294666666666667,100000,100
etc_cfr_vs_cfr,run,10000.0,11,-0.31528,-0.3547666666666667,100000,100
etc_cfr_vs_cfr,run,10000.0,12,-0.24058,-0.2679777777777777,100000,100
etc_cfr_vs_cfr,run,10000.0,13,-0.29735,-0.3307444444444444,100000,100
etc_cfr_vs_cfr,run,10000.0,14,-0.18813,-0.2134555555555555,100000,100
etc_cfr_vs_cfr,run,10000.0,15,-0.19736,-0.2165111111111111,100000,100
etc_cfr_vs_cfr,run,10000.0,16,-0.32989,-0.3659444444444444,100000,100
etc_cfr_vs_cfr,run,10000.0,17,-0.26096,-0.2838111111111111,100000,100
etc_cfr_vs_cfr,run,10000.0,18,-0.34094,-0.3783666666666667,100000,100
etc_cfr_vs_cfr,run,10000.0,19,-0.26157,-0.2867222222222222,100000,100
etc_cfr_vs_cfr,run,10000.0,20,-0.24127,-0.2706222222222222,100000,100
etc_cfr_vs_cfr,run,10000.0,21,-0.40559,-0.4545777777777778,100000,100
etc_cfr_vs_cfr,run,10000.0,22,-0.35152,-0.3982111111111111,100000,100
etc_cfr_vs_cfr,run,10000.0,23,-0.2951,-0.3323555555555555,100000,100
etc_cfr_vs_cfr,run,10000.0,24,-0.33179,-0.3589555555555556,100000,100
etc_cfr_vs_cfr,run,10000.0,25,-0.2953,-0.3236666666666666,100000,100
etc_cfr_vs_cfr,run,10000.0,26,-0.38689,-0.4320888888888889,100000,100
etc_cfr_vs_cfr,run,10000.0,27,-0.30742,-0.3430444444444444,100000,100
etc_cfr_vs_cfr,run,10000.0,28,-0.36237,-0.4059444444444444,100000,100
etc_cfr_vs_cfr,run,10000.0,29,-0.36974,-0.4117333333333333,100000,100
etc_cfr_vs_cfr,run,10000.0,30,-0.24177,-0.2724111111111111,100000,100
etc_cfr_vs_cfr,run,10000.0,31,-0.31849,-0.3566,100000,100
etc_cfr_vs_cfr,run,10000.0,32,-0.24603,-0.2737111111111111,100000,100
etc_cfr_vs_cfr,run,10000.0,33,-0.33443,-0.3803333333333333,100000,100
etc_cfr_vs_cfr,run,10000.0,34,-0.29925,-0.3323111111111111,100000,100
etc_cfr_vs_cfr,run,10000.0,35,-0.23514,-0.2583,100000,100
etc_cfr_vs_cfr,run,10000.0,36,-0.31277,-0.3501111111111111,100000,100
etc_cfr_vs_cfr,run,10000.0,37,-0.42841,-0.4755666666666667,100000,100
etc_cfr_vs_cfr,run,10000.0,38,-0.37257,-0.4150555555555555,100000,100
etc_cfr_vs_cfr,run,10000.0,39,-0.31219,-0.3444888888888889,100000,100
etc_cfr_vs_cfr,run,10000.0,40,-0.28083,-0.3148444444444444,100000,100
etc_cfr_vs_cfr,run,10000.0,41,-0.28186,-0.3147444444444444,100000,100
etc_cfr_vs_cfr,run,10000.0,42,-0.32906,-0.3611888888888889,100000,100
etc_cfr_vs_cfr,run,10000.0,43,-0.23438,-0.2637888888888889,100000,100
etc_cfr_vs_cfr,run,10000.0,44,-0.28772,-0.3178888888888889,100000,100
etc_cfr_vs_cfr,run,10000.0,45,-0.31137,-0.3419111111111111,100000,100
etc_cfr_vs_cfr,run,10000.0,46,-0.30886,-0.3421777777777778,100000,100
etc_cfr_vs_cfr,run,10000.0,47,-0.33495,-0.3723777777777777,100000,100
etc_cfr_vs_cfr,run,10000.0,48,-0.31927,-0.359,100000,100
etc_cfr_vs_cfr,run,10000.0,49,-0.36222,-0.4015888888888889,100000,100
etc_cfr_vs_cfr,run,10000.0,50,-0.22109,-0.2440888888888888,100000,100
etc_cfr_vs_cfr,run,10000.0,51,-0.30361,-0.3371666666666666,100000,100
etc_cfr_vs_cfr,run,10000.0,52,-0.25264,-0.2804333333333333,100000,100
etc_cfr_vs_cfr,run,10000.0,53,-0.32767,-0.3708222222222222,100000,100
etc_cfr_vs_cfr,run,10000.0,54,-0.23319,-0.2583666666666667,100000,100
etc_cfr_vs_cfr,run,10000.0,55,-0.29171,-0.3202222222222222,100000,100
etc_cfr_vs_cfr,run,10000.0,56,-0.35979,-0.3997444444444444,100000,100
etc_cfr_vs_cfr,run,10000.0,57,-0.27879,-0.3096666666666666,100000,100
etc_cfr_vs_cfr,run,10000.0,58,-0.2982,-0.3275,100000,100
etc_cfr_vs_cfr,run,10000.0,59,-0.44518,-0.4902888888888889,100000,100
etc_cfr_vs_cfr,run,10000.0,60,-0.24864,-0.2833555555555556,100000,100
etc_cfr_vs_cfr,run,10000.0,61,-0.1929,-0.2133555555555555,100000,100
etc_cfr_vs_cfr,run,10000.0,62,-0.29232,-0.3224555555555555,100000,100
etc_cfr_vs_cfr,run,10000.0,63,-0.24126,-0.2724777777777777,100000,100
etc_cfr_vs_cfr,run,10000.0,64,-0.28311,-0.3100777777777778,100000,100
etc_cfr_vs_cfr,run,10000.0,65,-0.24159,-0.2681444444444444,100000,100
etc_cfr_vs_cfr,run,10000.0,66,-0.36796,-0.4070666666666667,100000,100
etc_cfr_vs_cfr,run,10000.0,67,-0.35892,-0.4013111111111111,100000,100
etc_cfr_vs_cfr,run,10000.0,68,-0.35381,-0.3990777777777777,100000,100
etc_cfr_vs_cfr,run,10000.0,69,-0.22585,-0.2452222222222222,100000,100
etc_cfr_vs_cfr,run,10000.0,70,-0.32661,-0.3612333333333333,100000,100
etc_cfr_vs_cfr,run,10000.0,71,-0.27739,-0.3028666666666667,100000,100
etc_cfr_vs_cfr,run,10000.0,72,-0.23056,-0.2522555555555555,100000,100
etc_cfr_vs_cfr,run,10000.0,73,-0.36121,-0.4011111111111111,100000,100
etc_cfr_vs_cfr,run,10000.0,74,-0.37782,-0.4183444444444444,100000,100
etc_cfr_vs_cfr,run,10000.0,75,-0.39102,-0.4322444444444444,100000,100
etc_cfr_vs_cfr,run,10000.0,76,-0.34514,-0.3875444444444444,100000,100
etc_cfr_vs_cfr,run,10000.0,77,-0.34362,-0.3830777777777778,100000,100
etc_cfr_vs_cfr,run,10000.0,78,-0.2806,-0.3072111111111111,100000,100
etc_cfr_vs_cfr,run,10000.0,79,-0.29881,-0.3323111111111111,100000,100
etc_cfr_vs_cfr,run,10000.0,80,-0.28307,-0.3137333333333333,100000,100
etc_cfr_vs_cfr,run,10000.0,81,-0.27703,-0.3025111111111111,100000,100
etc_cfr_vs_cfr,run,10000.0,82,-0.31208,-0.3403777777777778,100000,100
etc_cfr_vs_cfr,run,10000.0,83,-0.31106,-0.3491666666666667,100000,100
etc_cfr_vs_cfr,run,10000.0,84,-0.27903,-0.3117444444444444,100000,100
etc_cfr_vs_cfr,run,10000.0,85,-0.30558,-0.3404777777777777,100000,100
etc_cfr_vs_cfr,run,10000.0,86,-0.29592,-0.3319333333333333,100000,100
etc_cfr_vs_cfr,run,10000.0,87,-0.23712,-0.2662111111111111,100000,100
etc_cfr_vs_cfr,run,10000.0,88,-0.27845,-0.3091222222222222,100000,100
etc_cfr_vs_cfr,run,10000.0,89,-0.2932,-0.3215333333333333,100000,100
etc_cfr_vs_cfr,run,10000.0,90,-0.27881,-0.3032777777777777,100000,100
etc_cfr_vs_cfr,run,10000.0,91,-0.27261,-0.2963111111111111,100000,100
etc_cfr_vs_cfr,run,10000.0,92,-0.34277,-0.3839333333333333,100000,100
etc_cfr_vs_cfr,run,10000.0,93,-0.28116,-0.3122666666666667,100000,100
etc_cfr_vs_cfr,run,10000.0,94,-0.21391,-0.2375666666666666,100000,100
etc_cfr_vs_cfr,run,10000.0,95,-0.23093,-0.2607666666666666,100000,100
etc_cfr_vs_cfr,run,10000.0,96,-0.26943,-0.2985444444444444,100000,100
etc_cfr_vs_cfr,run,10000.0,97,-0.31118,-0.3478444444444444,100000,100
etc_cfr_vs_cfr,run,10000.0,98,-0.23845,-0.2658888888888889,100000,100
etc_cfr_vs_cfr,run,10000.0,99,-0.24095,-0.2626888888888889,100000,100
etc_cfr_vs_cfr,run,20000.0,0,-0.32976,-0.4112,100000,100
etc_cfr_vs_cfr,run,20000.0,1,-0.26536,-0.3407625,100000,100
etc_cfr_vs_cfr,run,20000.0,2,-0.33092,-0.4183625,100000,100
etc_cfr_vs_cfr,run,20000.0,3,-0.38057,-0.4727125,100000,100
etc_cfr_vs_cfr,run,20000.0,4,-0.26748,-0.3170875,100000,100
etc_cfr_vs_cfr,run,20000.0,5,-0.25889,-0.3222375,100000,100
etc_cfr_vs_cfr,run,20000.0,6,-0.28799,-0.3528875,100000,100
etc_cfr_vs_cfr,run,20000.0,7,-0.33307,-0.4172125,100000,100
etc_cfr_vs_cfr,run,20000.0,8,-0.35593,-0.443275,100000,100
etc_cfr_vs_cfr,run,20000.0,9,-0.39514,-0.4911,100000,100
etc_cfr_vs_cfr,run,20000.0,10,-0.24104,-0.3011625,100000,100
etc_cfr_vs_cfr,run,20000.0,11,-0.26714,-0.3302125,100000,100
etc_cfr_vs_cfr,run,20000.0,12,-0.33395,-0.4110375,100000,100
etc_cfr_vs_cfr,run,20000.0,13,-0.32849,-0.4027,100000,100
etc_cfr_vs_cfr,run,20000.0,14,-0.26542,-0.3308875,100000,100
etc_cfr_vs_cfr,run,20000.0,15,-0.34562,-0.440725,100000,100
etc_cfr_vs_cfr,run,20000.0,16,-0.18137,-0.2218875,100000,100
etc_cfr_vs_cfr,run,20000.0,17,-0.23292,-0.2962,100000,100
etc_cfr_vs_cfr,run,20000.0,18,-0.32261,-0.403925,100000,100
etc_cfr_vs_cfr,run,20000.0,19,-0.36366,-0.4548625,100000,100
etc_cfr_vs_cfr,run,20000.0,20,-0.33764,-0.4090375,100000,100
etc_cfr_vs_cfr,run,20000.0,21,-0.28488,-0.352,100000,100
etc_cfr_vs_cfr,run,20000.0,22,-0.25278,-0.316025,100000,100
etc_cfr_vs_cfr,run,20000.0,23,-0.28519,-0.3547,100000,100
etc_cfr_vs_cfr,run,20000.0,24,-0.30557,-0.37805,100000,100
etc_cfr_vs_cfr,run,20000.0,25,-0.3055,-0.379175,100000,100
etc_cfr_vs_cfr,run,20000.0,26,-0.20744,-0.259925,100000,100
etc_cfr_vs_cfr,run,20000.0,27,-0.325,-0.403225,100000,100
etc_cfr_vs_cfr,run,20000.0,28,-0.28329,-0.36495,100000,100
etc_cfr_vs_cfr,run,20000.0,29,-0.30952,-0.3807,100000,100
etc_cfr_vs_cfr,run,20000.0,30,-0.36205,-0.449975,100000,100
etc_cfr_vs_cfr,run,20000.0,31,-0.25799,-0.32815,100000,100
etc_cfr_vs_cfr,run,20000.0,32,-0.31427,-0.3988375,100000,100
etc_cfr_vs_cfr,run,20000.0,33,-0.30467,-0.3818625,100000,100
etc_cfr_vs_cfr,run,20000.0,34,-0.2594,-0.32295,100000,100
etc_cfr_vs_cfr,run,20000.0,35,-0.22519,-0.291175,100000,100
etc_cfr_vs_cfr,run,20000.0,36,-0.26179,-0.3326625,100000,100
etc_cfr_vs_cfr,run,20000.0,37,-0.20364,-0.256125,100000,100
etc_cfr_vs_cfr,run,20000.0,38,-0.26943,-0.339125,100000,100
etc_cfr_vs_cfr,run,20000.0,39,-0.29698,-0.38175,100000,100
etc_cfr_vs_cfr,run,20000.0,40,-0.19227,-0.243875,100000,100
etc_cfr_vs_cfr,run,20000.0,41,-0.26516,-0.340825,100000,100
etc_cfr_vs_cfr,run,20000.0,42,-0.26279,-0.337375,100000,100
etc_cfr_vs_cfr,run,20000.0,43,-0.30255,-0.3774375,100000,100
etc_cfr_vs_cfr,run,20000.0,44,-0.25381,-0.3161125,100000,100
etc_cfr_vs_cfr,run,20000.0,45,-0.22127,-0.277125,100000,100
etc_cfr_vs_cfr,run,20000.0,46,-0.22332,-0.274075,100000,100
etc_cfr_vs_cfr,run,20000.0,47,-0.28661,-0.34655,100000,100
etc_cfr_vs_cfr,run,20000.0,48,-0.36427,-0.461925,100000,100
etc_cfr_vs_cfr,run,20000.0,49,-0.26534,-0.3327375,100000,100
etc_cfr_vs_cfr,run,20000.0,50,-0.28742,-0.370275,100000,100
etc_cfr_vs_cfr,run,20000.0,51,-0.1907,-0.2295125,100000,100
etc_cfr_vs_cfr,run,20000.0,52,-0.3694,-0.4683625,100000,100
etc_cfr_vs_cfr,run,20000.0,53,-0.24308,-0.299625,100000,100
etc_cfr_vs_cfr,run,20000.0,54,-0.40242,-0.4902125,100000,100
etc_cfr_vs_cfr,run,20000.0,55,-0.29073,-0.369375,100000,100
etc_cfr_vs_cfr,run,20000.0,56,-0.44274,-0.5505375,100000,100
etc_cfr_vs_cfr,run,20000.0,57,-0.23166,-0.2938875,100000,100
etc_cfr_vs_cfr,run,20000.0,58,-0.32169,-0.4022,100000,100
etc_cfr_vs_cfr,run,20000.0,59,-0.22703,-0.2848,100000,100
etc_cfr_vs_cfr,run,20000.0,60,-0.28343,-0.3592375,100000,100
etc_cfr_vs_cfr,run,20000.0,61,-0.28001,-0.341625,100000,100
etc_cfr_vs_cfr,run,20000.0,62,-0.30022,-0.374325,100000,100
etc_cfr_vs_cfr,run,20000.0,63,-0.30836,-0.3889375,100000,100
etc_cfr_vs_cfr,run,20000.0,64,-0.28936,-0.3643625,100000,100
etc_cfr_vs_cfr,run,20000.0,65,-0.3198,-0.3975125,100000,100
etc_cfr_vs_cfr,run,20000.0,66,-0.23365,-0.2918375,100000,100
etc_cfr_vs_cfr,run,20000.0,67,-0.29152,-0.358675,100000,100
etc_cfr_vs_cfr,run,20000.0,68,-0.36561,-0.45255,100000,100
etc_cfr_vs_cfr,run,20000.0,69,-0.26731,-0.3366375,100000,100
etc_cfr_vs_cfr,run,20000.0,70,-0.26854,-0.3326375,100000,100
etc_cfr_vs_cfr,run,20000.0,71,-0.22758,-0.2905375,100000,100
etc_cfr_vs_cfr,run,20000.0,72,-0.34852,-0.435,100000,100
etc_cfr_vs_cfr,run,20000.0,73,-0.21641,-0.2600125,100000,100
etc_cfr_vs_cfr,run,20000.0,74,-0.22942,-0.289325,100000,100
etc_cfr_vs_cfr,run,20000.0,75,-0.22584,-0.274875,100000,100
etc_cfr_vs_cfr,run,20000.0,76,-0.38676,-0.4886125,100000,100
etc_cfr_vs_cfr,run,20000.0,77,-0.27569,-0.336325,100000,100
etc_cfr_vs_cfr,run,20000.0,78,-0.27959,-0.3491875,100000,100
etc_cfr_vs_cfr,run,20000.0,79,-0.26049,-0.344825,100000,100
etc_cfr_vs_cfr,run,20000.0,80,-0.2589,-0.324025,100000,100
etc_cfr_vs_cfr,run,20000.0,81,-0.22453,-0.2752,100000,100
etc_cfr_vs_cfr,run,20000.0,82,-0.20345,-0.2559875,100000,100
etc_cfr_vs_cfr,run,20000.0,83,-0.21549,-0.266125,100000,100
etc_cfr_vs_cfr,run,20000.0,84,-0.2234,-0.2648625,100000,100
etc_cfr_vs_cfr,run,20000.0,85,-0.32559,-0.4170125,100000,100
etc_cfr_vs_cfr,run,20000.0,86,-0.23197,-0.299125,100000,100
etc_cfr_vs_cfr,run,20000.0,87,-0.2339,-0.2844875,100000,100
etc_cfr_vs_cfr,run,20000.0,88,-0.30218,-0.3795625,100000,100
etc_cfr_vs_cfr,run,20000.0,89,-0.30025,-0.3771125,100000,100
etc_cfr_vs_cfr,run,20000.0,90,-0.24446,-0.301725,100000,100
etc_cfr_vs_cfr,run,20000.0,91,-0.29937,-0.3731875,100000,100
etc_cfr_vs_cfr,run,20000.0,92,-0.3045,-0.376725,100000,100
etc_cfr_vs_cfr,run,20000.0,93,-0.28887,-0.362525,100000,100
etc_cfr_vs_cfr,run,20000.0,94,-0.22859,-0.2682125,100000,100
etc_cfr_vs_cfr,run,20000.0,95,-0.3821,-0.4758,100000,100
etc_cfr_vs_cfr,run,20000.0,96,-0.27468,-0.3353875,100000,100
etc_cfr_vs_cfr,run,20000.0,97,-0.44892,-0.559975,100000,100
etc_cfr_vs_cfr,run,20000.0,98,-0.34504,-0.4398,100000,100
etc_cfr_vs_cfr,run,20000.0,99,-0.29576,-0.3605125,100000,100
etc_cfr_vs_cfr,run,40000.0,0,-0.22579,-0.3857666666666666,100000,100
etc_cfr_vs_cfr,run,40000.0,1,-0.23676,-0.4006,100000,100
etc_cfr_vs_cfr,run,40000.0,2,-0.22345,-0.3603333333333333,100000,100
etc_cfr_vs_cfr,run,40000.0,3,-0.24408,-0.4114,100000,100
etc_cfr_vs_cfr,run,40000.0,4,-0.25205,-0.4209666666666666,100000,100
etc_cfr_vs_cfr,run,40000.0,5,-0.19252,-0.3222333333333333,100000,100
etc_cfr_vs_cfr,run,40000.0,6,-0.19345,-0.3110833333333333,100000,100
etc_cfr_vs_cfr,run,40000.0,7,-0.18704,-0.3092,100000,100
etc_cfr_vs_cfr,run,40000.0,8,-0.25383,-0.4321666666666666,100000,100
etc_cfr_vs_cfr,run,40000.0,9,-0.23148,-0.3893166666666666,100000,100
etc_cfr_vs_cfr,run,40000.0,10,-0.26908,-0.46405,100000,100
etc_cfr_vs_cfr,run,40000.0,11,-0.18149,-0.2961333333333333,100000,100
etc_cfr_vs_cfr,run,40000.0,12,-0.13797,-0.2301666666666666,100000,100
etc_cfr_vs_cfr,run,40000.0,13,-0.33745,-0.5561666666666667,100000,100
etc_cfr_vs_cfr,run,40000.0,14,-0.21273,-0.3439166666666666,100000,100
etc_cfr_vs_cfr,run,40000.0,15,-0.2675,-0.4396666666666666,100000,100
etc_cfr_vs_cfr,run,40000.0,16,-0.19715,-0.3469333333333333,100000,100
etc_cfr_vs_cfr,run,40000.0,17,-0.22087,-0.3597166666666667,100000,100
etc_cfr_vs_cfr,run,40000.0,18,-0.17668,-0.3154833333333333,100000,100
etc_cfr_vs_cfr,run,40000.0,19,-0.22672,-0.3765333333333333,100000,100
etc_cfr_vs_cfr,run,40000.0,20,-0.22669,-0.38925,100000,100
etc_cfr_vs_cfr,run,40000.0,21,-0.25468,-0.44295,100000,100
etc_cfr_vs_cfr,run,40000.0,22,-0.2253,-0.39005,100000,100
etc_cfr_vs_cfr,run,40000.0,23,-0.16706,-0.27665,100000,100
etc_cfr_vs_cfr,run,40000.0,24,-0.30841,-0.5160833333333333,100000,100
etc_cfr_vs_cfr,run,40000.0,25,-0.13386,-0.2201333333333333,100000,100
etc_cfr_vs_cfr,run,40000.0,26,-0.19816,-0.3103833333333333,100000,100
etc_cfr_vs_cfr,run,40000.0,27,-0.24639,-0.4174,100000,100
etc_cfr_vs_cfr,run,40000.0,28,-0.19789,-0.3206666666666666,100000,100
etc_cfr_vs_cfr,run,40000.0,29,-0.13589,-0.2391333333333333,100000,100
etc_cfr_vs_cfr,run,40000.0,30,-0.28618,-0.4703666666666666,100000,100
etc_cfr_vs_cfr,run,40000.0,31,-0.24101,-0.3976666666666666,100000,100
etc_cfr_vs_cfr,run,40000.0,32,-0.25853,-0.4402166666666666,100000,100
etc_cfr_vs_cfr,run,40000.0,33,-0.23544,-0.3910833333333333,100000,100
etc_cfr_vs_cfr,run,40000.0,34,-0.19042,-0.3191833333333333,100000,100
etc_cfr_vs_cfr,run,40000.0,35,-0.14258,-0.2461166666666666,100000,100
etc_cfr_vs_cfr,run,40000.0,36,-0.24043,-0.3911333333333333,100000,100
etc_cfr_vs_cfr,run,40000.0,37,-0.28247,-0.4657833333333333,100000,100
etc_cfr_vs_cfr,run,40000.0,38,-0.15731,-0.2769666666666667,100000,100
etc_cfr_vs_cfr,run,40000.0,39,-0.19355,-0.3196666666666666,100000,100
etc_cfr_vs_cfr,run,40000.0,40,-0.26982,-0.4459666666666667,100000,100
etc_cfr_vs_cfr,run,40000.0,41,-0.21685,-0.3551333333333333,100000,100
etc_cfr_vs_cfr,run,40000.0,42,-0.20904,-0.363,100000,100
etc_cfr_vs_cfr,run,40000.0,43,-0.23977,-0.3956666666666666,100000,100
etc_cfr_vs_cfr,run,40000.0,44,-0.25362,-0.4206166666666667,100000,100
etc_cfr_vs_cfr,run,40000.0,45,-0.30998,-0.5117666666666667,100000,100
etc_cfr_vs_cfr,run,40000.0,46,-0.20363,-0.3280666666666667,100000,100
etc_cfr_vs_cfr,run,40000.0,47,-0.17433,-0.31655,100000,100
etc_cfr_vs_cfr,run,40000.0,48,-0.29868,-0.4932166666666667,100000,100
etc_cfr_vs_cfr,run,40000.0,49,-0.29949,-0.4727,100000,100
etc_cfr_vs_cfr,run,40000.0,50,-0.22538,-0.3925166666666667,100000,100
etc_cfr_vs_cfr,run,40000.0,51,-0.16727,-0.2717333333333333,100000,100
etc_cfr_vs_cfr,run,40000.0,52,-0.23139,-0.3854333333333333,100000,100
etc_cfr_vs_cfr,run,40000.0,53,-0.19298,-0.3350833333333333,100000,100
etc_cfr_vs_cfr,run,40000.0,54,-0.28249,-0.4655333333333333,100000,100
etc_cfr_vs_cfr,run,40000.0,55,-0.20396,-0.3304,100000,100
etc_cfr_vs_cfr,run,40000.0,56,-0.29135,-0.4685666666666667,100000,100
etc_cfr_vs_cfr,run,40000.0,57,-0.24388,-0.4033,100000,100
etc_cfr_vs_cfr,run,40000.0,58,-0.22862,-0.3948833333333333,100000,100
etc_cfr_vs_cfr,run,40000.0,59,-0.20082,-0.3404833333333333,100000,100
etc_cfr_vs_cfr,run,40000.0,60,-0.17664,-0.3062333333333333,100000,100
etc_cfr_vs_cfr,run,40000.0,61,-0.22802,-0.3809166666666667,100000,100
etc_cfr_vs_cfr,run,40000.0,62,-0.23187,-0.3928833333333333,100000,100
etc_cfr_vs_cfr,run,40000.0,63,-0.25946,-0.4215333333333333,100000,100
etc_cfr_vs_cfr,run,40000.0,64,-0.29916,-0.5015,100000,100
etc_cfr_vs_cfr,run,40000.0,65,-0.24107,-0.3912666666666666,100000,100
etc_cfr_vs_cfr,run,40000.0,66,-0.21883,-0.3580333333333333,100000,100
etc_cfr_vs_cfr,run,40000.0,67,-0.22194,-0.4017833333333333,100000,100
etc_cfr_vs_cfr,run,40000.0,68,-0.22916,-0.3805166666666666,100000,100
etc_cfr_vs_cfr,run,40000.0,69,-0.22607,-0.3974333333333333,100000,100
etc_cfr_vs_cfr,run,40000.0,70,-0.25094,-0.40005,100000,100
etc_cfr_vs_cfr,run,40000.0,71,-0.14603,-0.2412833333333333,100000,100
etc_cfr_vs_cfr,run,40000.0,72,-0.20989,-0.3476166666666667,100000,100
etc_cfr_vs_cfr,run,40000.0,73,-0.21326,-0.3583833333333333,100000,100
etc_cfr_vs_cfr,run,40000.0,74,-0.23145,-0.3680166666666666,100000,100
etc_cfr_vs_cfr,run,40000.0,75,-0.3134,-0.5337666666666666,100000,100
etc_cfr_vs_cfr,run,40000.0,76,-0.20027,-0.3509166666666666,100000,100
etc_cfr_vs_cfr,run,40000.0,77,-0.19286,-0.3365,100000,100
etc_cfr_vs_cfr,run,40000.0,78,-0.23231,-0.3807166666666666,100000,100
etc_cfr_vs_cfr,run,40000.0,79,-0.17296,-0.2897333333333333,100000,100
etc_cfr_vs_cfr,run,40000.0,80,-0.22264,-0.3678,100000,100
etc_cfr_vs_cfr,run,40000.0,81,-0.20445,-0.3335333333333333,100000,100
etc_cfr_vs_cfr,run,40000.0,82,-0.30574,-0.4916333333333333,100000,100
etc_cfr_vs_cfr,run,40000.0,83,-0.19374,-0.3234833333333333,100000,100
etc_cfr_vs_cfr,run,40000.0,84,-0.15944,-0.2712333333333333,100000,100
etc_cfr_vs_cfr,run,40000.0,85,-0.22865,-0.3864833333333333,100000,100
etc_cfr_vs_cfr,run,40000.0,86,-0.15843,-0.28855,100000,100
etc_cfr_vs_cfr,run,40000.0,87,-0.18072,-0.2939,100000,100
etc_cfr_vs_cfr,run,40000.0,88,-0.299,-0.4968,100000,100
etc_cfr_vs_cfr,run,40000.0,89,-0.20128,-0.3332666666666666,100000,100
etc_cfr_vs_cfr,run,40000.0,90,-0.27167,-0.4690833333333333,100000,100
etc_cfr_vs_cfr,run,40000.0,91,-0.17786,-0.2999833333333333,100000,100
etc_cfr_vs_cfr,run,40000.0,92,-0.22125,-0.3809333333333333,100000,100
etc_cfr_vs_cfr,run,40000.0,93,-0.22242,-0.3741166666666666,100000,100
etc_cfr_vs_cfr,run,40000.0,94,-0.2781,-0.45605,100000,100
etc_cfr_vs_cfr,run,40000.0,95,-0.28962,-0.4748666666666666,100000,100
etc_cfr_vs_cfr,run,40000.0,96,-0.23602,-0.3751666666666666,100000,100
etc_cfr_vs_cfr,run,40000.0,97,-0.2226,-0.3769333333333333,100000,100
etc_cfr_vs_cfr,run,40000.0,98,-0.27108,-0.4407166666666666,100000,100
etc_cfr_vs_cfr,run,40000.0,99,-0.15693,-0.2622333333333333,100000,100
etc_cfr_vs_cfr,run,60000.0,0,-0.1827,-0.469875,100000,100
etc_cfr_vs_cfr,run,60000.0,1,-0.18927,-0.46415,100000,100
etc_cfr_vs_cfr,run,60000.0,2,-0.12913,-0.33545,100000,100
etc_cfr_vs_cfr,run,60000.0,3,-0.16287,-0.414725,100000,100
etc_cfr_vs_cfr,run,60000.0,4,-0.12535,-0.31285,100000,100
etc_cfr_vs_cfr,run,60000.0,5,-0.16423,-0.40435,100000,100
etc_cfr_vs_cfr,run,60000.0,6,-0.11838,-0.29345,100000,100
etc_cfr_vs_cfr,run,60000.0,7,-0.1228,-0.323575,100000,100
etc_cfr_vs_cfr,run,60000.0,8,-0.16253,-0.38825,100000,100
etc_cfr_vs_cfr,run,60000.0,9,-0.16404,-0.378625,100000,100
etc_cfr_vs_cfr,run,60000.0,10,-0.1476,-0.4195,100000,100
etc_cfr_vs_cfr,run,60000.0,11,-0.22323,-0.568975,100000,100
etc_cfr_vs_cfr,run,60000.0,12,-0.16242,-0.4023,100000,100
etc_cfr_vs_cfr,run,60000.0,13,-0.16434,-0.43335,100000,100
etc_cfr_vs_cfr,run,60000.0,14,-0.19261,-0.4687,100000,100
etc_cfr_vs_cfr,run,60000.0,15,-0.17563,-0.421025,100000,100
etc_cfr_vs_cfr,run,60000.0,16,-0.16915,-0.4269,100000,100
etc_cfr_vs_cfr,run,60000.0,17,-0.2053,-0.52375,100000,100
etc_cfr_vs_cfr,run,60000.0,18,-0.15468,-0.38115,100000,100
etc_cfr_vs_cfr,run,60000.0,19,-0.19248,-0.456525,100000,100
etc_cfr_vs_cfr,run,60000.0,20,-0.16619,-0.421675,100000,100
etc_cfr_vs_cfr,run,60000.0,21,-0.14841,-0.383475,100000,100
etc_cfr_vs_cfr,run,60000.0,22,-0.19269,-0.45595,100000,100
etc_cfr_vs_cfr,run,60000.0,23,-0.08167,-0.222675,100000,100
etc_cfr_vs_cfr,run,60000.0,24,-0.13456,-0.35605,100000,100
etc_cfr_vs_cfr,run,60000.0,25,-0.18211,-0.430425,100000,100
etc_cfr_vs_cfr,run,60000.0,26,-0.11952,-0.28785,100000,100
etc_cfr_vs_cfr,run,60000.0,27,-0.14837,-0.3557,100000,100
etc_cfr_vs_cfr,run,60000.0,28,-0.1294,-0.347575,100000,100
etc_cfr_vs_cfr,run,60000.0,29,-0.14242,-0.341475,100000,100
etc_cfr_vs_cfr,run,60000.0,30,-0.15637,-0.3629,100000,100
etc_cfr_vs_cfr,run,60000.0,31,-0.16339,-0.4018,100000,100
etc_cfr_vs_cfr,run,60000.0,32,-0.16158,-0.411475,100000,100
etc_cfr_vs_cfr,run,60000.0,33,-0.18453,-0.484775,100000,100
etc_cfr_vs_cfr,run,60000.0,34,-0.14042,-0.3632,100000,100
etc_cfr_vs_cfr,run,60000.0,35,-0.16665,-0.41645,100000,100
etc_cfr_vs_cfr,run,60000.0,36,-0.15477,-0.395875,100000,100
etc_cfr_vs_cfr,run,60000.0,37,-0.16738,-0.426225,100000,100
etc_cfr_vs_cfr,run,60000.0,38,-0.13689,-0.33535,100000,100
etc_cfr_vs_cfr,run,60000.0,39,-0.11169,-0.2769,100000,100
etc_cfr_vs_cfr,run,60000.0,40,-0.1712,-0.45735,100000,100
etc_cfr_vs_cfr,run,60000.0,41,-0.18052,-0.439025,100000,100
etc_cfr_vs_cfr,run,60000.0,42,-0.12763,-0.3461,100000,100
etc_cfr_vs_cfr,run,60000.0,43,-0.172,-0.4422,100000,100
etc_cfr_vs_cfr,run,60000.0,44,-0.12377,-0.327225,100000,100
etc_cfr_vs_cfr,run,60000.0,45,-0.10067,-0.249625,100000,100
etc_cfr_vs_cfr,run,60000.0,46,-0.09823,-0.276575,100000,100
etc_cfr_vs_cfr,run,60000.0,47,-0.25044,-0.600975,100000,100
etc_cfr_vs_cfr,run,60000.0,48,-0.14273,-0.369975,100000,100
etc_cfr_vs_cfr,run,60000.0,49,-0.16759,-0.419925,100000,100
etc_cfr_vs_cfr,run,60000.0,50,-0.16508,-0.4085,100000,100
etc_cfr_vs_cfr,run,60000.0,51,-0.18039,-0.423825,100000,100
etc_cfr_vs_cfr,run,60000.0,52,-0.14092,-0.3602,100000,100
etc_cfr_vs_cfr,run,60000.0,53,-0.21902,-0.560125,100000,100
etc_cfr_vs_cfr,run,60000.0,54,-0.1264,-0.335525,100000,100
etc_cfr_vs_cfr,run,60000.0,55,-0.13498,-0.333575,100000,100
etc_cfr_vs_cfr,run,60000.0,56,-0.16028,-0.415725,100000,100
etc_cfr_vs_cfr,run,60000.0,57,-0.15664,-0.374725,100000,100
etc_cfr_vs_cfr,run,60000.0,58,-0.16326,-0.402975,100000,100
etc_cfr_vs_cfr,run,60000.0,59,-0.12916,-0.32335,100000,100
etc_cfr_vs_cfr,run,60000.0,60,-0.14745,-0.3741,100000,100
etc_cfr_vs_cfr,run,60000.0,61,-0.15176,-0.390975,100000,100
etc_cfr_vs_cfr,run,60000.0,62,-0.1955,-0.53815,100000,100
etc_cfr_vs_cfr,run,60000.0,63,-0.10488,-0.290275,100000,100
etc_cfr_vs_cfr,run,60000.0,64,-0.19154,-0.49065,100000,100
etc_cfr_vs_cfr,run,60000.0,65,-0.10324,-0.28145,100000,100
etc_cfr_vs_cfr,run,60000.0,66,-0.09343,-0.286925,100000,100
etc_cfr_vs_cfr,run,60000.0,67,-0.09583,-0.238375,100000,100
etc_cfr_vs_cfr,run,60000.0,68,-0.15941,-0.38415,100000,100
etc_cfr_vs_cfr,run,60000.0,69,-0.12785,-0.330925,100000,100
etc_cfr_vs_cfr,run,60000.0,70,-0.17722,-0.460325,100000,100
etc_cfr_vs_cfr,run,60000.0,71,-0.09854,-0.270675,100000,100
etc_cfr_vs_cfr,run,60000.0,72,-0.18902,-0.48145,100000,100
etc_cfr_vs_cfr,run,60000.0,73,-0.1352,-0.361625,100000,100
etc_cfr_vs_cfr,run,60000.0,74,-0.18564,-0.460225,100000,100
etc_cfr_vs_cfr,run,60000.0,75,-0.12148,-0.320725,100000,100
etc_cfr_vs_cfr,run,60000.0,76,-0.13238,-0.3178,100000,100
etc_cfr_vs_cfr,run,60000.0,77,-0.15833,-0.4271,100000,100
etc_cfr_vs_cfr,run,60000.0,78,-0.19682,-0.47565,100000,100
etc_cfr_vs_cfr,run,60000.0,79,-0.12151,-0.27235,100000,100
etc_cfr_vs_cfr,run,60000.0,80,-0.17486,-0.442175,100000,100
etc_cfr_vs_cfr,run,60000.0,81,-0.19695,-0.4942,100000,100
etc_cfr_vs_cfr,run,60000.0,82,-0.13107,-0.32995,100000,100
etc_cfr_vs_cfr,run,60000.0,83,-0.17259,-0.402925,100000,100
etc_cfr_vs_cfr,run,60000.0,84,-0.15166,-0.40165,100000,100
etc_cfr_vs_cfr,run,60000.0,85,-0.1239,-0.2988,100000,100
etc_cfr_vs_cfr,run,60000.0,86,-0.16109,-0.41985,100000,100
etc_cfr_vs_cfr,run,60000.0,87,-0.14806,-0.3587,100000,100
etc_cfr_vs_cfr,run,60000.0,88,-0.0851,-0.226825,100000,100
etc_cfr_vs_cfr,run,60000.0,89,-0.14723,-0.3878,100000,100
etc_cfr_vs_cfr,run,60000.0,90,-0.2258,-0.543625,100000,100
etc_cfr_vs_cfr,run,60000.0,91,-0.15431,-0.38985,100000,100
etc_cfr_vs_cfr,run,60000.0,92,-0.17137,-0.401075,100000,100
etc_cfr_vs_cfr,run,60000.0,93,-0.15847,-0.434875,100000,100
etc_cfr_vs_cfr,run,60000.0,94,-0.08621,-0.2498,100000,100
etc_cfr_vs_cfr,run,60000.0,95,-0.12769,-0.307125,100000,100
etc_cfr_vs_cfr,run,60000.0,96,-0.15052,-0.39965,100000,100
etc_cfr_vs_cfr,run,60000.0,97,-0.18385,-0.414025,100000,100
etc_cfr_vs_cfr,run,60000.0,98,-0.18543,-0.491525,100000,100
etc_cfr_vs_cfr,run,60000.0,99,-0.19538,-0.465075,100000,100
etc_cfr_vs_cfr,run,80000.0,0,-0.09089,-0.43785,100000,100
etc_cfr_vs_cfr,run,80000.0,1,-0.07478,-0.3847,100000,100
etc_cfr_vs_cfr,run,80000.0,2,-0.08802,-0.49775,100000,100
etc_cfr_vs_cfr,run,80000.0,3,-0.08742,-0.41035,100000,100
etc_cfr_vs_cfr,run,80000.0,4,-0.06904,-0.31305,100000,100
etc_cfr_vs_cfr,run,80000.0,5,-0.08831,-0.46435,100000,100
etc_cfr_vs_cfr,run,80000.0,6,-0.06936,-0.383,100000,100
etc_cfr_vs_cfr,run,80000.0,7,-0.0476,-0.2807,100000,100
etc_cfr_vs_cfr,run,80000.0,8,-0.08364,-0.42435,100000,100
etc_cfr_vs_cfr,run,80000.0,9,-0.09586,-0.46745,100000,100
etc_cfr_vs_cfr,run,80000.0,10,-0.0751,-0.4006,100000,100
etc_cfr_vs_cfr,run,80000.0,11,-0.0712,-0.3332,100000,100
etc_cfr_vs_cfr,run,80000.0,12,-0.07403,-0.4578,100000,100
etc_cfr_vs_cfr,run,80000.0,13,-0.076,-0.4119,100000,100
etc_cfr_vs_cfr,run,80000.0,14,-0.07597,-0.36355,100000,100
etc_cfr_vs_cfr,run,80000.0,15,-0.07712,-0.44695,100000,100
etc_cfr_vs_cfr,run,80000.0,16,-0.10753,-0.5368,100000,100
etc_cfr_vs_cfr,run,80000.0,17,-0.09328,-0.44745,100000,100
etc_cfr_vs_cfr,run,80000.0,18,-0.05532,-0.29555,100000,100
etc_cfr_vs_cfr,run,80000.0,19,-0.10832,-0.56095,100000,100
etc_cfr_vs_cfr,run,80000.0,20,-0.0641,-0.3249,100000,100
etc_cfr_vs_cfr,run,80000.0,21,-0.09314,-0.46935,100000,100
etc_cfr_vs_cfr,run,80000.0,22,-0.03662,-0.25375,100000,100
etc_cfr_vs_cfr,run,80000.0,23,-0.08993,-0.41645,100000,100
etc_cfr_vs_cfr,run,80000.0,24,-0.1176,-0.569,100000,100
etc_cfr_vs_cfr,run,80000.0,25,-0.07663,-0.40925,100000,100
etc_cfr_vs_cfr,run,80000.0,26,-0.06853,-0.31905,100000,100
etc_cfr_vs_cfr,run,80000.0,27,-0.11673,-0.4835,100000,100
etc_cfr_vs_cfr,run,80000.0,28,-0.08252,-0.4754,100000,100
etc_cfr_vs_cfr,run,80000.0,29,-0.06826,-0.355,100000,100
etc_cfr_vs_cfr,run,80000.0,30,-0.06832,-0.3864,100000,100
etc_cfr_vs_cfr,run,80000.0,31,-0.0992,-0.4732,100000,100
etc_cfr_vs_cfr,run,80000.0,32,-0.10018,-0.5339,100000,100
etc_cfr_vs_cfr,run,80000.0,33,-0.05635,-0.39365,100000,100
etc_cfr_vs_cfr,run,80000.0,34,-0.08315,-0.41325,100000,100
etc_cfr_vs_cfr,run,80000.0,35,-0.04097,-0.24385,100000,100
etc_cfr_vs_cfr,run,80000.0,36,-0.09576,-0.44205,100000,100
etc_cfr_vs_cfr,run,80000.0,37,-0.09031,-0.4011,100000,100
etc_cfr_vs_cfr,run,80000.0,38,-0.09956,-0.475,100000,100
etc_cfr_vs_cfr,run,80000.0,39,-0.07165,-0.39415,100000,100
etc_cfr_vs_cfr,run,80000.0,40,-0.10569,-0.4714,100000,100
etc_cfr_vs_cfr,run,80000.0,41,-0.0515,-0.40525,100000,100
etc_cfr_vs_cfr,run,80000.0,42,-0.06744,-0.3425,100000,100
etc_cfr_vs_cfr,run,80000.0,43,-0.06975,-0.34465,100000,100
etc_cfr_vs_cfr,run,80000.0,44,-0.0808,-0.4437,100000,100
etc_cfr_vs_cfr,run,80000.0,45,-0.09449,-0.45205,100000,100
etc_cfr_vs_cfr,run,80000.0,46,-0.06784,-0.3407,100000,100
etc_cfr_vs_cfr,run,80000.0,47,-0.07671,-0.32955,100000,100
etc_cfr_vs_cfr,run,80000.0,48,-0.09979,-0.4339,100000,100
etc_cfr_vs_cfr,run,80000.0,49,-0.08524,-0.39225,100000,100
etc_cfr_vs_cfr,run,80000.0,50,-0.08027,-0.39425,100000,100
etc_cfr_vs_cfr,run,80000.0,51,-0.06128,-0.3474,100000,100
etc_cfr_vs_cfr,run,80000.0,52,-0.08716,-0.4792,100000,100
etc_cfr_vs_cfr,run,80000.0,53,-0.06803,-0.3534,100000,100
etc_cfr_vs_cfr,run,80000.0,54,-0.06633,-0.34295,100000,100
etc_cfr_vs_cfr,run,80000.0,55,-0.07577,-0.39335,100000,100
etc_cfr_vs_cfr,run,80000.0,56,-0.08001,-0.4291,100000,100
etc_cfr_vs_cfr,run,80000.0,57,-0.0847,-0.40985,100000,100
etc_cfr_vs_cfr,run,80000.0,58,-0.07291,-0.38615,100000,100
etc_cfr_vs_cfr,run,80000.0,59,-0.08203,-0.418,100000,100
etc_cfr_vs_cfr,run,80000.0,60,-0.08035,-0.38485,100000,100
etc_cfr_vs_cfr,run,80000.0,61,-0.10831,-0.46005,100000,100
etc_cfr_vs_cfr,run,80000.0,62,-0.06898,-0.36955,100000,100
etc_cfr_vs_cfr,run,80000.0,63,-0.07572,-0.33325,100000,100
etc_cfr_vs_cfr,run,80000.0,64,-0.07326,-0.3996,100000,100
etc_cfr_vs_cfr,run,80000.0,65,-0.07176,-0.3675,100000,100
etc_cfr_vs_cfr,run,80000.0,66,-0.05576,-0.31605,100000,100
etc_cfr_vs_cfr,run,80000.0,67,-0.05322,-0.34225,100000,100
etc_cfr_vs_cfr,run,80000.0,68,-0.0741,-0.4115,100000,100
etc_cfr_vs_cfr,run,80000.0,69,-0.06862,-0.35225,100000,100
etc_cfr_vs_cfr,run,80000.0,70,-0.05516,-0.3216,100000,100
etc_cfr_vs_cfr,run,80000.0,71,-0.09226,-0.46175,100000,100
etc_cfr_vs_cfr,run,80000.0,72,-0.08176,-0.42505,100000,100
etc_cfr_vs_cfr,run,80000.0,73,-0.05423,-0.3442,100000,100
etc_cfr_vs_cfr,run,80000.0,74,-0.06263,-0.2811,100000,100
etc_cfr_vs_cfr,run,80000.0,75,-0.06312,-0.35655,100000,100
etc_cfr_vs_cfr,run,80000.0,76,-0.07989,-0.365,100000,100
etc_cfr_vs_cfr,run,80000.0,77,-0.01538,-0.19275,100000,100
etc_cfr_vs_cfr,run,80000.0,78,-0.07625,-0.41715,100000,100
etc_cfr_vs_cfr,run,80000.0,79,-0.10419,-0.485,100000,100
etc_cfr_vs_cfr,run,80000.0,80,-0.10251,-0.53825,100000,100
etc_cfr_vs_cfr,run,80000.0,81,-0.08378,-0.3966,100000,100
etc_cfr_vs_cfr,run,80000.0,82,-0.08463,-0.42645,100000,100
etc_cfr_vs_cfr,run,80000.0,83,-0.07327,-0.34515,100000,100
etc_cfr_vs_cfr,run,80000.0,84,-0.08753,-0.4394,100000,100
etc_cfr_vs_cfr,run,80000.0,85,-0.07957,-0.4405,100000,100
etc_cfr_vs_cfr,run,80000.0,86,-0.08224,-0.44035,100000,100
etc_cfr_vs_cfr,run,80000.0,87,-0.09009,-0.4571,100000,100
etc_cfr_vs_cfr,run,80000.0,88,-0.07613,-0.44,100000,100
etc_cfr_vs_cfr,run,80000.0,89,-0.08341,-0.43315,100000,100
etc_cfr_vs_cfr,run,80000.0,90,-0.08451,-0.4288,100000,100
etc_cfr_vs_cfr,run,80000.0,91,-0.11252,-0.47515,100000,100
etc_cfr_vs_cfr,run,80000.0,92,-0.08637,-0.4293,100000,100
etc_cfr_vs_cfr,run,80000.0,93,-0.09223,-0.5286,100000,100
etc_cfr_vs_cfr,run,80000.0,94,-0.0714,-0.365,100000,100
etc_cfr_vs_cfr,run,80000.0,95,-0.07795,-0.37795,100000,100
etc_cfr_vs_cfr,run,80000.0,96,-0.09725,-0.3906,100000,100
etc_cfr_vs_cfr,run,80000.0,97,-0.12135,-0.57525,100000,100
etc_cfr_vs_cfr,run,80000.0,98,-0.10413,-0.48105,100000,100
etc_cfr_vs_cfr,run,80000.0,99,-0.07215,-0.3656,100000,100
etc_v3_thresh10,run,5000.0,0,0.31152,0.3648631578947368,100000,100
etc_v3_thresh10,run,5000.0,1,0.20824,0.2565789473684211,100000,100
etc_v3_thresh10,run,5000.0,2,0.30249,0.3533473684210526,100000,100
etc_v3_thresh10,run,5000.0,3,0.311,0.3609473684210526,100000,100
etc_v3_thresh10,run,5000.0,4,0.27483,0.3233052631578947,100000,100
etc_v3_thresh10,run,5000.0,5,0.18118,0.2234421052631579,100000,100
etc_v3_thresh10,run,5000.0,6,0.32114,0.3730315789473684,100000,100
etc_v3_thresh10,run,5000.0,7,0.30327,0.3485684210526316,100000,100
etc_v3_thresh10,run,5000.0,8,0.14692,0.1925263157894736,100000,100
etc_v3_thresh10,run,5000.0,9,0.25219,0.2995684210526316,100000,100
etc_v3_thresh10,run,5000.0,10,0.22566,0.2640210526315789,100000,100
etc_v3_thresh10,run,5000.0,11,0.16563,0.2100736842105263,100000,100
etc_v3_thresh10,run,5000.0,12,0.03197,0.0688,100000,100
etc_v3_thresh10,run,5000.0,13,0.15497,0.1989263157894736,100000,100
etc_v3_thresh10,run,5000.0,14,0.24985,0.2924947368421052,100000,100
etc_v3_thresh10,run,5000.0,15,0.07768,0.112,100000,100
etc_v3_thresh10,run,5000.0,16,0.28063,0.3253578947368421,100000,100
etc_v3_thresh10,run,5000.0,17,0.27874,0.3273473684210526,100000,100
etc_v3_thresh10,run,5000.0,18,0.13185,0.1761894736842105,100000,100
etc_v3_thresh10,run,5000.0,19,0.13224,0.1775368421052631,100000,100
etc_v3_thresh10,run,5000.0,20,0.3097,0.3579368421052631,100000,100
etc_v3_thresh10,run,5000.0,21,0.23427,0.2773052631578947,100000,100
etc_v3_thresh10,run,5000.0,22,0.32919,0.3756315789473684,100000,100
etc_v3_thresh10,run,5000.0,23,0.08321,0.1202105263157894,100000,100
etc_v3_thresh10,run,5000.0,24,0.36686,0.4234105263157894,100000,100
etc_v3_thresh10,run,5000.0,25,0.22022,0.2658210526315789,100000,100
etc_v3_thresh10,run,5000.0,26,0.21055,0.2640526315789473,100000,100
etc_v3_thresh10,run,5000.0,27,0.24169,0.2854526315789473,100000,100
etc_v3_thresh10,run,5000.0,28,0.20341,0.2494315789473684,100000,100
etc_v3_thresh10,run,5000.0,29,0.21305,0.261178947368421,100000,100
etc_v3_thresh10,run,5000.0,30,0.22091,0.2690947368421053,100000,100
etc_v3_thresh10,run,5000.0,31,0.30138,0.3446526315789474,100000,100
etc_v3_thresh10,run,5000.0,32,0.30661,0.3555894736842105,100000,100
etc_v3_thresh10,run,5000.0,33,0.29683,0.3416947368421053,100000,100
etc_v3_thresh10,run,5000.0,34,-0.16021,-0.1360105263157894,100000,100
etc_v3_thresh10,run,5000.0,35,0.22769,0.2726210526315789,100000,100
etc_v3_thresh10,run,5000.0,36,-0.01103,0.0249052631578947,100000,100
etc_v3_thresh10,run,5000.0,37,0.26392,0.3147894736842105,100000,100
etc_v3_thresh10,run,5000.0,38,0.2947,0.3403052631578947,100000,100
etc_v3_thresh10,run,5000.0,39,0.16605,0.2118315789473684,100000,100
etc_v3_thresh10,run,5000.0,40,0.22333,0.2697894736842105,100000,100
etc_v3_thresh10,run,5000.0,41,0.21794,0.2642315789473684,100000,100
etc_v3_thresh10,run,5000.0,42,0.28542,0.3367894736842105,100000,100
etc_v3_thresh10,run,5000.0,43,0.20175,0.243578947368421,100000,100
etc_v3_thresh10,run,5000.0,44,0.2371,0.2816315789473684,100000,100
etc_v3_thresh10,run,5000.0,45,0.15927,0.1972210526315789,100000,100
etc_v3_thresh10,run,5000.0,46,0.23465,0.2812210526315789,100000,100
etc_v3_thresh10,run,5000.0,47,0.16357,0.2116210526315789,100000,100
etc_v3_thresh10,run,5000.0,48,0.25151,0.2954315789473684,100000,100
etc_v3_thresh10,run,5000.0,49,0.17162,0.2126421052631578,100000,100
etc_v3_thresh10,run,5000.0,50,0.16862,0.2027368421052631,100000,100
etc_v3_thresh10,run,5000.0,51,0.27681,0.3234,100000,100
etc_v3_thresh10,run,5000.0,52,0.25005,0.2979157894736842,100000,100
etc_v3_thresh10,run,5000.0,53,0.0962,0.1363894736842105,100000,100
etc_v3_thresh10,run,5000.0,54,0.18797,0.2345473684210526,100000,100
etc_v3_thresh10,run,5000.0,55,0.21617,0.2639263157894737,100000,100
etc_v3_thresh10,run,5000.0,56,-0.26122,-0.2462,100000,100
etc_v3_thresh10,run,5000.0,57,0.18205,0.2191263157894737,100000,100
etc_v3_thresh10,run,5000.0,58,0.26479,0.3075052631578947,100000,100
etc_v3_thresh10,run,5000.0,59,0.21254,0.2542,100000,100
etc_v3_thresh10,run,5000.0,60,0.24005,0.2842631578947368,100000,100
etc_v3_thresh10,run,5000.0,61,-0.30478,-0.2891578947368421,100000,100
etc_v3_thresh10,run,5000.0,62,0.28352,0.3247052631578947,100000,100
etc_v3_thresh10,run,5000.0,63,0.30681,0.3567052631578947,100000,100
etc_v3_thresh10,run,5000.0,64,0.16883,0.2050315789473684,100000,100
etc_v3_thresh10,run,5000.0,65,0.221,0.2704947368421053,100000,100
etc_v3_thresh10,run,5000.0,66,-0.22961,-0.2121473684210526,100000,100
etc_v3_thresh10,run,5000.0,67,0.35988,0.4108,100000,100
etc_v3_thresh10,run,5000.0,68,0.23988,0.2822,100000,100
etc_v3_thresh10,run,5000.0,69,0.29678,0.3491473684210526,100000,100
etc_v3_thresh10,run,5000.0,70,0.04032,0.0701578947368421,100000,100
etc_v3_thresh10,run,5000.0,71,0.27047,0.3233473684210526,100000,100
etc_v3_thresh10,run,5000.0,72,0.1533,0.1927684210526316,100000,100
etc_v3_thresh10,run,5000.0,73,0.23576,0.2819263157894737,100000,100
etc_v3_thresh10,run,5000.0,74,0.23581,0.2823263157894737,100000,100
etc_v3_thresh10,run,5000.0,75,0.14573,0.1838736842105263,100000,100
etc_v3_thresh10,run,5000.0,76,0.20614,0.2516526315789473,100000,100
etc_v3_thresh10,run,5000.0,77,0.27227,0.3179578947368421,100000,100
etc_v3_thresh10,run,5000.0,78,0.22854,0.2748947368421052,100000,100
etc_v3_thresh10,run,5000.0,79,0.25061,0.2914631578947368,100000,100
etc_v3_thresh10,run,5000.0,80,0.35168,0.3951263157894736,100000,100
etc_v3_thresh10,run,5000.0,81,0.25381,0.3002947368421053,100000,100
etc_v3_thresh10,run,5000.0,82,0.23031,0.2744736842105263,100000,100
etc_v3_thresh10,run,5000.0,83,0.22246,0.2626421052631579,100000,100
etc_v3_thresh10,run,5000.0,84,0.02413,0.0629473684210526,100000,100
etc_v3_thresh10,run,5000.0,85,0.10938,0.1531578947368421,100000,100
etc_v3_thresh10,run,5000.0,86,0.1452,0.1836421052631578,100000,100
etc_v3_thresh10,run,5000.0,87,0.16834,0.2097157894736842,100000,100
etc_v3_thresh10,run,5000.0,88,0.16074,0.1958526315789473,100000,100
etc_v3_thresh10,run,5000.0,89,0.22662,0.2671578947368421,100000,100
etc_v3_thresh10,run,5000.0,90,0.20538,0.2525052631578947,100000,100
etc_v3_thresh10,run,5000.0,91,0.28714,0.3389578947368421,100000,100
etc_v3_thresh10,run,5000.0,92,0.13442,0.1730631578947368,100000,100
etc_v3_thresh10,run,5000.0,93,0.26492,0.3133157894736842,100000,100
etc_v3_thresh10,run,5000.0,94,0.28181,0.3322736842105263,100000,100
etc_v3_thresh10,run,5000.0,95,0.2384,0.2839684210526316,100000,100
etc_v3_thresh10,run,5000.0,96,0.10783,0.1469578947368421,100000,100
etc_v3_thresh10,run,5000.0,97,0.28582,0.3341578947368421,100000,100
etc_v3_thresh10,run,5000.0,98,0.10526,0.1458631578947368,100000,100
etc_v3_thresh10,run,5000.0,99,0.20528,0.2562421052631579,100000,100
etc_v3_thresh10,run,10000.0,0,0.18393,0.2754888888888889,100000,100
etc_v3_thresh10,run,10000.0,1,0.16135,0.2445555555555555,100000,100
etc_v3_thresh10,run,10000.0,2,0.18291,0.2635222222222222,100000,100
etc_v3_thresh10,run,10000.0,3,0.31431,0.4087555555555555,100000,100
etc_v3_thresh10,run,10000.0,4,0.34936,0.4611444444444444,100000,100
etc_v3_thresh10,run,10000.0,5,0.22741,0.3199333333333333,100000,100
etc_v3_thresh10,run,10000.0,6,0.06698,0.1462666666666666,100000,100
etc_v3_thresh10,run,10000.0,7,0.18032,0.2712777777777778,100000,100
etc_v3_thresh10,run,10000.0,8,0.287,0.3836222222222222,100000,100
etc_v3_thresh10,run,10000.0,9,0.16051,0.2444666666666666,100000,100
etc_v3_thresh10,run,10000.0,10,0.19076,0.2878222222222222,100000,100
etc_v3_thresh10,run,10000.0,11,0.32034,0.4291444444444444,100000,100
etc_v3_thresh10,run,10000.0,12,0.14264,0.2338666666666666,100000,100
etc_v3_thresh10,run,10000.0,13,0.15605,0.2510333333333333,100000,100
etc_v3_thresh10,run,10000.0,14,0.18847,0.2788555555555556,100000,100
etc_v3_thresh10,run,10000.0,15,0.19525,0.2845111111111111,100000,100
etc_v3_thresh10,run,10000.0,16,0.2069,0.3033111111111111,100000,100
etc_v3_thresh10,run,10000.0,17,0.2172,0.3111111111111111,100000,100
etc_v3_thresh10,run,10000.0,18,0.2063,0.2941222222222222,100000,100
etc_v3_thresh10,run,10000.0,19,0.34365,0.4531888888888888,100000,100
etc_v3_thresh10,run,10000.0,20,0.20056,0.2915666666666666,100000,100
etc_v3_thresh10,run,10000.0,21,0.30923,0.4051888888888889,100000,100
etc_v3_thresh10,run,10000.0,22,0.20253,0.2943333333333333,100000,100
etc_v3_thresh10,run,10000.0,23,0.25309,0.3461,100000,100
etc_v3_thresh10,run,10000.0,24,0.13498,0.2142555555555555,100000,100
etc_v3_thresh10,run,10000.0,25,0.2129,0.2987,100000,100
etc_v3_thresh10,run,10000.0,26,0.18208,0.2718888888888889,100000,100
etc_v3_thresh10,run,10000.0,27,0.28507,0.3856666666666666,100000,100
etc_v3_thresh10,run,10000.0,28,0.20242,0.2900222222222222,100000,100
etc_v3_thresh10,run,10000.0,29,0.15505,0.2480222222222222,100000,100
etc_v3_thresh10,run,10000.0,30,0.22189,0.3157,100000,100
etc_v3_thresh10,run,10000.0,31,0.18734,0.2806111111111111,100000,100
etc_v3_thresh10,run,10000.0,32,0.08387,0.1546111111111111,100000,100
etc_v3_thresh10,run,10000.0,33,0.19045,0.2843555555555555,100000,100
etc_v3_thresh10,run,10000.0,34,0.11222,0.1973555555555555,100000,100
etc_v3_thresh10,run,10000.0,35,0.26333,0.3599222222222222,100000,100
etc_v3_thresh10,run,10000.0,36,0.17737,0.2588666666666667,100000,100
etc_v3_thresh10,run,10000.0,37,0.34858,0.4544777777777777,100000,100
etc_v3_thresh10,run,10000.0,38,0.22172,0.3189444444444444,100000,100
etc_v3_thresh10,run,10000.0,39,0.20633,0.2970333333333333,100000,100
etc_v3_thresh10,run,10000.0,40,0.30187,0.4113888888888889,100000,100
etc_v3_thresh10,run,10000.0,41,0.12492,0.2091222222222222,100000,100
etc_v3_thresh10,run,10000.0,42,0.12508,0.2044555555555555,100000,100
etc_v3_thresh10,run,10000.0,43,0.05864,0.1387777777777777,100000,100
etc_v3_thresh10,run,10000.0,44,0.24357,0.3301555555555555,100000,100
etc_v3_thresh10,run,10000.0,45,0.21664,0.3126555555555556,100000,100
etc_v3_thresh10,run,10000.0,46,0.20245,0.2967222222222222,100000,100
etc_v3_thresh10,run,10000.0,47,0.18227,0.2647,100000,100
etc_v3_thresh10,run,10000.0,48,0.12116,0.2009,100000,100
etc_v3_thresh10,run,10000.0,49,0.23599,0.3261111111111111,100000,100
etc_v3_thresh10,run,10000.0,50,0.1605,0.2519,100000,100
etc_v3_thresh10,run,10000.0,51,0.16411,0.2526222222222222,100000,100
etc_v3_thresh10,run,10000.0,52,0.19201,0.2796888888888889,100000,100
etc_v3_thresh10,run,10000.0,53,0.29797,0.3968555555555556,100000,100
etc_v3_thresh10,run,10000.0,54,0.17283,0.2635,100000,100
etc_v3_thresh10,run,10000.0,55,0.15335,0.2431666666666666,100000,100
etc_v3_thresh10,run,10000.0,56,0.21554,0.3119111111111111,100000,100
etc_v3_thresh10,run,10000.0,57,0.34011,0.4522,100000,100
etc_v3_thresh10,run,10000.0,58,0.18957,0.2780888888888889,100000,100
etc_v3_thresh10,run,10000.0,59,0.19941,0.2828111111111111,100000,100
etc_v3_thresh10,run,10000.0,60,0.24249,0.3333666666666666,100000,100
etc_v3_thresh10,run,10000.0,61,0.26826,0.3645555555555556,100000,100
etc_v3_thresh10,run,10000.0,62,0.17074,0.2569555555555555,100000,100
etc_v3_thresh10,run,10000.0,63,0.22279,0.3089111111111111,100000,100
etc_v3_thresh10,run,10000.0,64,0.29796,0.3946,100000,100
etc_v3_thresh10,run,10000.0,65,0.17175,0.2576,100000,100
etc_v3_thresh10,run,10000.0,66,0.35146,0.4637222222222222,100000,100
etc_v3_thresh10,run,10000.0,67,0.19489,0.2830333333333333,100000,100
etc_v3_thresh10,run,10000.0,68,0.2014,0.2990888888888889,100000,100
etc_v3_thresh10,run,10000.0,69,0.16577,0.2460666666666666,100000,100
etc_v3_thresh10,run,10000.0,70,0.31967,0.4139555555555556,100000,100
etc_v3_thresh10,run,10000.0,71,0.11908,0.2046111111111111,100000,100
etc_v3_thresh10,run,10000.0,72,0.13542,0.2154,100000,100
etc_v3_thresh10,run,10000.0,73,0.30088,0.4010444444444444,100000,100
etc_v3_thresh10,run,10000.0,74,0.22841,0.3281777777777778,100000,100
etc_v3_thresh10,run,10000.0,75,0.25546,0.3599555555555555,100000,100
etc_v3_thresh10,run,10000.0,76,0.23652,0.3391555555555555,100000,100
etc_v3_thresh10,run,10000.0,77,0.26709,0.3532666666666667,100000,100
etc_v3_thresh10,run,10000.0,78,0.24906,0.3421555555555555,100000,100
etc_v3_thresh10,run,10000.0,79,0.34245,0.4565777777777778,100000,100
etc_v3_thresh10,run,10000.0,80,0.19663,0.2874444444444444,100000,100
etc_v3_thresh10,run,10000.0,81,0.32247,0.4244444444444444,100000,100
etc_v3_thresh10,run,10000.0,82,0.12017,0.2017555555555555,100000,100
etc_v3_thresh10,run,10000.0,83,0.21236,0.3020111111111111,100000,100
etc_v3_thresh10,run,10000.0,84,0.15638,0.2511,100000,100
etc_v3_thresh10,run,10000.0,85,0.33827,0.4361555555555556,100000,100
etc_v3_thresh10,run,10000.0,86,0.02765,0.0968,100000,100
etc_v3_thresh10,run,10000.0,87,0.16749,0.2487444444444444,100000,100
etc_v3_thresh10,run,10000.0,88,0.14868,0.2256555555555555,100000,100
etc_v3_thresh10,run,10000.0,89,0.25174,0.3531111111111111,100000,100
etc_v3_thresh10,run,10000.0,90,0.20381,0.2921888888888889,100000,100
etc_v3_thresh10,run,10000.0,91,0.26249,0.3578555555555555,100000,100
etc_v3_thresh10,run,10000.0,92,0.19325,0.2925333333333333,100000,100
etc_v3_thresh10,run,10000.0,93,0.09443,0.1738333333333333,100000,100
etc_v3_thresh10,run,10000.0,94,0.101,0.1787444444444444,100000,100
etc_v3_thresh10,run,10000.0,95,0.1304,0.2138555555555555,100000,100
etc_v3_thresh10,run,10000.0,96,0.17135,0.2587333333333333,100000,100
etc_v3_thresh10,run,10000.0,97,0.30096,0.4049444444444444,100000,100
etc_v3_thresh10,run,10000.0,98,0.2461,0.3431888888888889,100000,100
etc_v3_thresh10,run,10000.0,99,0.22496,0.3159555555555555,100000,100
etc_v3_thresh10,run,20000.0,0,0.08448,0.2707,100000,100
etc_v3_thresh10,run,20000.0,1,0.03139,0.1791125,100000,100
etc_v3_thresh10,run,20000.0,2,0.10187,0.2874875,100000,100
etc_v3_thresh10,run,20000.0,3,0.1365,0.324675,100000,100
etc_v3_thresh10,run,20000.0,4,0.15892,0.33415,100000,100
etc_v3_thresh10,run,20000.0,5,0.03791,0.20555,100000,100
etc_v3_thresh10,run,20000.0,6,0.02349,0.1882,100000,100
etc_v3_thresh10,run,20000.0,7,0.06627,0.2431875,100000,100
etc_v3_thresh10,run,20000.0,8,0.14463,0.3349875,100000,100
etc_v3_thresh10,run,20000.0,9,0.05055,0.2149375,100000,100
etc_v3_thresh10,run,20000.0,10,0.134,0.3115375,100000,100
etc_v3_thresh10,run,20000.0,11,0.21129,0.4084,100000,100
etc_v3_thresh10,run,20000.0,12,0.15262,0.33955,100000,100
etc_v3_thresh10,run,20000.0,13,0.1225,0.3039875,100000,100
etc_v3_thresh10,run,20000.0,14,0.06083,0.239175,100000,100
etc_v3_thresh10,run,20000.0,15,0.11589,0.2892125,100000,100
etc_v3_thresh10,run,20000.0,16,0.06525,0.237525,100000,100
etc_v3_thresh10,run,20000.0,17,0.1392,0.3235375,100000,100
etc_v3_thresh10,run,20000.0,18,0.10192,0.2813625,100000,100
etc_v3_thresh10,run,20000.0,19,0.15639,0.34855,100000,100
etc_v3_thresh10,run,20000.0,20,0.08482,0.2652375,100000,100
etc_v3_thresh10,run,20000.0,21,0.09634,0.266925,100000,100
etc_v3_thresh10,run,20000.0,22,0.13452,0.3230375,100000,100
etc_v3_thresh10,run,20000.0,23,0.2457,0.455875,100000,100
etc_v3_thresh10,run,20000.0,24,0.21108,0.416425,100000,100
etc_v3_thresh10,run,20000.0,25,0.19189,0.4086375,100000,100
etc_v3_thresh10,run,20000.0,26,0.17428,0.374925,100000,100
etc_v3_thresh10,run,20000.0,27,0.15966,0.3569375,100000,100
etc_v3_thresh10,run,20000.0,28,0.1405,0.3290625,100000,100
etc_v3_thresh10,run,20000.0,29,0.08804,0.2747125,100000,100
etc_v3_thresh10,run,20000.0,30,0.14376,0.328325,100000,100
etc_v3_thresh10,run,20000.0,31,0.10263,0.2899125,100000,100
etc_v3_thresh10,run,20000.0,32,0.12184,0.3136875,100000,100
etc_v3_thresh10,run,20000.0,33,0.11571,0.31995,100000,100
etc_v3_thresh10,run,20000.0,34,0.1745,0.3604375,100000,100
etc_v3_thresh10,run,20000.0,35,0.04958,0.2223625,100000,100
etc_v3_thresh10,run,20000.0,36,0.1069,0.2788,100000,100
etc_v3_thresh10,run,20000.0,37,0.1997,0.41165,100000,100
etc_v3_thresh10,run,20000.0,38,0.20342,0.4060125,100000,100
etc_v3_thresh10,run,20000.0,39,0.1541,0.3478,100000,100
etc_v3_thresh10,run,20000.0,40,0.16739,0.3621,100000,100
etc_v3_thresh10,run,20000.0,41,0.1209,0.3095375,100000,100
etc_v3_thresh10,run,20000.0,42,0.16751,0.3688625,100000,100
etc_v3_thresh10,run,20000.0,43,0.1206,0.29935,100000,100
etc_v3_thresh10,run,20000.0,44,0.0821,0.249175,100000,100
etc_v3_thresh10,run,20000.0,45,0.10827,0.2839625,100000,100
etc_v3_thresh10,run,20000.0,46,0.11938,0.306225,100000,100
etc_v3_thresh10,run,20000.0,47,0.03814,0.1991,100000,100
etc_v3_thresh10,run,20000.0,48,0.24837,0.456925,100000,100
etc_v3_thresh10,run,20000.0,49,0.07571,0.2687,100000,100
etc_v3_thresh10,run,20000.0,50,0.14259,0.3223625,100000,100
etc_v3_thresh10,run,20000.0,51,0.08711,0.273125,100000,100
etc_v3_thresh10,run,20000.0,52,0.11194,0.2889875,100000,100
etc_v3_thresh10,run,20000.0,53,0.18067,0.3893125,100000,100
etc_v3_thresh10,run,20000.0,54,0.08267,0.2487,100000,100
etc_v3_thresh10,run,20000.0,55,0.08128,0.2587625,100000,100
etc_v3_thresh10,run,20000.0,56,0.16051,0.35465,100000,100
etc_v3_thresh10,run,20000.0,57,0.05333,0.2243625,100000,100
etc_v3_thresh10,run,20000.0,58,0.12139,0.3041625,100000,100
etc_v3_thresh10,run,20000.0,59,0.18069,0.3666125,100000,100
etc_v3_thresh10,run,20000.0,60,0.03654,0.1956875,100000,100
etc_v3_thresh10,run,20000.0,61,0.10075,0.2781625,100000,100
etc_v3_thresh10,run,20000.0,62,0.19011,0.38695,100000,100
etc_v3_thresh10,run,20000.0,63,0.1809,0.3878125,100000,100
etc_v3_thresh10,run,20000.0,64,0.08808,0.2629625,100000,100
etc_v3_thresh10,run,20000.0,65,0.18685,0.388325,100000,100
etc_v3_thresh10,run,20000.0,66,0.09375,0.279325,100000,100
etc_v3_thresh10,run,20000.0,67,0.04024,0.1985375,100000,100
etc_v3_thresh10,run,20000.0,68,0.08399,0.26365,100000,100
etc_v3_thresh10,run,20000.0,69,0.03896,0.2092125,100000,100
etc_v3_thresh10,run,20000.0,70,0.04138,0.22275,100000,100
etc_v3_thresh10,run,20000.0,71,0.11065,0.2871375,100000,100
etc_v3_thresh10,run,20000.0,72,0.08715,0.2659,100000,100
etc_v3_thresh10,run,20000.0,73,0.20195,0.39555,100000,100
etc_v3_thresh10,run,20000.0,74,0.11653,0.2988375,100000,100
etc_v3_thresh10,run,20000.0,75,0.09349,0.281825,100000,100
etc_v3_thresh10,run,20000.0,76,0.09086,0.270625,100000,100
etc_v3_thresh10,run,20000.0,77,0.19986,0.404225,100000,100
etc_v3_thresh10,run,20000.0,78,0.04897,0.2184,100000,100
etc_v3_thresh10,run,20000.0,79,0.19917,0.395225,100000,100
etc_v3_thresh10,run,20000.0,80,0.0295,0.207,100000,100
etc_v3_thresh10,run,20000.0,81,0.11606,0.3062875,100000,100
etc_v3_thresh10,run,20000.0,82,0.11558,0.295625,100000,100
etc_v3_thresh10,run,20000.0,83,0.0188,0.1882875,100000,100
etc_v3_thresh10,run,20000.0,84,0.22143,0.4237875,100000,100
etc_v3_thresh10,run,20000.0,85,0.0227,0.191175,100000,100
etc_v3_thresh10,run,20000.0,86,0.09905,0.2891625,100000,100
etc_v3_thresh10,run,20000.0,87,0.19679,0.4050875,100000,100
etc_v3_thresh10,run,20000.0,88,0.08296,0.2499375,100000,100
etc_v3_thresh10,run,20000.0,89,0.20998,0.41505,100000,100
etc_v3_thresh10,run,20000.0,90,0.12603,0.311275,100000,100
etc_v3_thresh10,run,20000.0,91,0.15663,0.33895,100000,100
etc_v3_thresh10,run,20000.0,92,0.10983,0.2762625,100000,100
etc_v3_thresh10,run,20000.0,93,0.13549,0.324875,100000,100
etc_v3_thresh10,run,20000.0,94,0.10762,0.2802625,100000,100
etc_v3_thresh10,run,20000.0,95,0.10287,0.2761625,100000,100
etc_v3_thresh10,run,20000.0,96,0.06644,0.2385,100000,100
etc_v3_thresh10,run,20000.0,97,0.13814,0.3269375,100000,100
etc_v3_thresh10,run,20000.0,98,0.09521,0.2847625,100000,100
etc_v3_thresh10,run,20000.0,99,0.21776,0.413925,100000,100
etc_v3_thresh2_mdiff,run,6000.0,0,0.30963,0.3788085106382978,100000,100
etc_v3_thresh2_mdiff,run,6000.0,1,0.32525,0.3834574468085106,100000,100
etc_v3_thresh2_mdiff,run,6000.0,2,0.29285,0.345031914893617,100000,100
etc_v3_thresh2_mdiff,run,6000.0,3,0.32879,0.3935851063829787,100000,100
etc_v3_thresh2_mdiff,run,6000.0,4,0.18067,0.2348617021276595,100000,100
etc_v3_thresh2_mdiff,run,6000.0,5,0.23113,0.2853085106382979,100000,100
etc_v3_thresh2_mdiff,run,6000.0,6,0.12865,0.1706489361702127,100000,100
etc_v3_thresh2_mdiff,run,6000.0,7,0.16031,0.2121382978723404,100000,100
etc_v3_thresh2_mdiff,run,6000.0,8,0.21576,0.2716808510638298,100000,100
etc_v3_thresh2_mdiff,run,6000.0,9,0.18253,0.2397553191489361,100000,100
etc_v3_thresh2_mdiff,run,6000.0,10,0.16774,0.2154787234042553,100000,100
etc_v3_thresh2_mdiff,run,6000.0,11,0.21872,0.2712978723404255,100000,100
etc_v3_thresh2_mdiff,run,6000.0,12,0.28091,0.3391702127659574,100000,100
etc_v3_thresh2_mdiff,run,6000.0,13,0.24619,0.2996914893617021,100000,100
etc_v3_thresh2_mdiff,run,6000.0,14,0.2311,0.2806382978723404,100000,100
etc_v3_thresh2_mdiff,run,6000.0,15,0.38102,0.442095744680851,100000,100
etc_v3_thresh2_mdiff,run,6000.0,16,0.26088,0.3158510638297872,100000,100
etc_v3_thresh2_mdiff,run,6000.0,17,0.28146,0.3386382978723404,100000,100
etc_v3_thresh2_mdiff,run,6000.0,18,0.2525,0.3066808510638298,100000,100
etc_v3_thresh2_mdiff,run,6000.0,19,0.1202,0.1653829787234042,100000,100
etc_v3_thresh2_mdiff,run,6000.0,20,0.25856,0.3201702127659575,100000,100
etc_v3_thresh2_mdiff,run,6000.0,21,0.40582,0.4710531914893617,100000,100
etc_v3_thresh2_mdiff,run,6000.0,22,0.26227,0.3249893617021276,100000,100
etc_v3_thresh2_mdiff,run,6000.0,23,0.22457,0.275563829787234,100000,100
etc_v3_thresh2_mdiff,run,6000.0,24,0.26728,0.3256808510638297,100000,100
etc_v3_thresh2_mdiff,run,6000.0,25,0.15479,0.2041063829787234,100000,100
etc_v3_thresh2_mdiff,run,6000.0,26,0.14009,0.1797872340425532,100000,100
etc_v3_thresh2_mdiff,run,6000.0,27,0.26293,0.3149893617021276,100000,100
etc_v3_thresh2_mdiff,run,6000.0,28,0.31561,0.3778617021276595,100000,100
etc_v3_thresh2_mdiff,run,6000.0,29,0.23327,0.2862872340425532,100000,100
etc_v3_thresh2_mdiff,run,6000.0,30,0.21006,0.2661702127659574,100000,100
etc_v3_thresh2_mdiff,run,6000.0,31,0.21479,0.2701808510638298,100000,100
etc_v3_thresh2_mdiff,run,6000.0,32,0.17253,0.2237234042553191,100000,100
etc_v3_thresh2_mdiff,run,6000.0,33,0.14551,0.1949574468085106,100000,100
etc_v3_thresh2_mdiff,run,6000.0,34,0.1889,0.2391489361702127,100000,100
etc_v3_thresh2_mdiff,run,6000.0,35,0.27611,0.3356702127659574,100000,100
etc_v3_thresh2_mdiff,run,6000.0,36,0.28441,0.3368191489361702,100000,100
etc_v3_thresh2_mdiff,run,6000.0,37,0.14704,0.1973404255319149,100000,100
etc_v3_thresh2_mdiff,run,6000.0,38,0.28238,0.3376489361702127,100000,100
etc_v3_thresh2_mdiff,run,6000.0,39,0.14643,0.1993936170212766,100000,100
etc_v3_thresh2_mdiff,run,6000.0,40,0.19916,0.2501702127659574,100000,100
etc_v3_thresh2_mdiff,run,6000.0,41,0.07893,0.118531914893617,100000,100
etc_v3_thresh2_mdiff,run,6000.0,42,0.0428,0.0858404255319149,100000,100
etc_v3_thresh2_mdiff,run,6000.0,43,0.14206,0.196531914893617,100000,100
etc_v3_thresh2_mdiff,run,6000.0,44,0.32137,0.3832659574468085,100000,100
etc_v3_thresh2_mdiff,run,6000.0,45,0.28879,0.3460851063829787,100000,100
etc_v3_thresh2_mdiff,run,6000.0,46,0.28722,0.3397978723404255,100000,100
etc_v3_thresh2_mdiff,run,6000.0,47,0.36874,0.4303723404255319,100000,100
etc_v3_thresh2_mdiff,run,6000.0,48,0.25341,0.3082446808510638,100000,100
etc_v3_thresh2_mdiff,run,6000.0,49,0.17582,0.2289893617021276,100000,100
etc_v3_thresh2_mdiff,run,6000.0,50,0.23155,0.2849574468085106,100000,100
etc_v3_thresh2_mdiff,run,6000.0,51,0.39507,0.4616170212765957,100000,100
etc_v3_thresh2_mdiff,run,6000.0,52,0.21945,0.2726914893617021,100000,100
etc_v3_thresh2_mdiff,run,6000.0,53,0.2575,0.3151170212765957,100000,100
etc_v3_thresh2_mdiff,run,6000.0,54,0.24001,0.2962765957446808,100000,100
etc_v3_thresh2_mdiff,run,6000.0,55,0.22682,0.2821382978723404,100000,100
etc_v3_thresh2_mdiff,run,6000.0,56,0.37163,0.4326170212765957,100000,100
etc_v3_thresh2_mdiff,run,6000.0,57,0.26974,0.3240425531914893,100000,100
etc_v3_thresh2_mdiff,run,6000.0,58,0.30484,0.3629787234042553,100000,100
etc_v3_thresh2_mdiff,run,6000.0,59,0.18334,0.2348617021276595,100000,100
etc_v3_thresh2_mdiff,run,6000.0,60,0.3667,0.4237553191489361,100000,100
etc_v3_thresh2_mdiff,run,6000.0,61,0.07722,0.1267978723404255,100000,100
etc_v3_thresh2_mdiff,run,6000.0,62,0.27682,0.3341382978723404,100000,100
etc_v3_thresh2_mdiff,run,6000.0,63,0.2941,0.3516914893617021,100000,100
etc_v3_thresh2_mdiff,run,6000.0,64,0.13077,0.1774787234042553,100000,100
etc_v3_thresh2_mdiff,run,6000.0,65,0.20373,0.2554893617021276,100000,100
etc_v3_thresh2_mdiff,run,6000.0,66,0.16736,0.2157659574468085,100000,100
etc_v3_thresh2_mdiff,run,6000.0,67,0.13856,0.1844042553191489,100000,100
etc_v3_thresh2_mdiff,run,6000.0,68,0.22375,0.279063829787234,100000,100
etc_v3_thresh2_mdiff,run,6000.0,69,0.17781,0.2317978723404255,100000,100
etc_v3_thresh2_mdiff,run,6000.0,70,0.22564,0.2805,100000,100
etc_v3_thresh2_mdiff,run,6000.0,71,0.35008,0.4142021276595745,100000,100
etc_v3_thresh2_mdiff,run,6000.0,72,0.2002,0.2620531914893617,100000,100
etc_v3_thresh2_mdiff,run,6000.0,73,0.23571,0.2873510638297872,100000,100
etc_v3_thresh2_mdiff,run,6000.0,74,0.21698,0.2644787234042553,100000,100
etc_v3_thresh2_mdiff,run,6000.0,75,0.19413,0.2549680851063829,100000,100
etc_v3_thresh2_mdiff,run,6000.0,76,0.32171,0.3823617021276596,100000,100
etc_v3_thresh2_mdiff,run,6000.0,77,0.09537,0.1417553191489361,100000,100
etc_v3_thresh2_mdiff,run,6000.0,78,0.42035,0.4812553191489361,100000,100
etc_v3_thresh2_mdiff,run,6000.0,79,0.22831,0.2733404255319149,100000,100
etc_v3_thresh2_mdiff,run,6000.0,80,0.24174,0.3014148936170213,100000,100
etc_v3_thresh2_mdiff,run,6000.0,81,0.18149,0.2307234042553191,100000,100
etc_v3_thresh2_mdiff,run,6000.0,82,0.21626,0.2683297872340425,100000,100
etc_v3_thresh2_mdiff,run,6000.0,83,0.25483,0.3159787234042553,100000,100
etc_v3_thresh2_mdiff,run,6000.0,84,0.2649,0.3223510638297872,100000,100
etc_v3_thresh2_mdiff,run,6000.0,85,0.24466,0.3042446808510638,100000,100
etc_v3_thresh2_mdiff,run,6000.0,86,0.28183,0.3385744680851064,100000,100
etc_v3_thresh2_mdiff,run,6000.0,87,0.27937,0.3358085106382978,100000,100
etc_v3_thresh2_mdiff,run,6000.0,88,0.05887,0.1021914893617021,100000,100
etc_v3_thresh2_mdiff,run,6000.0,89,0.33215,0.3874255319148936,100000,100
etc_v3_thresh2_mdiff,run,6000.0,90,0.28338,0.3379787234042553,100000,100
etc_v3_thresh2_mdiff,run,6000.0,91,0.33658,0.3944574468085106,100000,100
etc_v3_thresh2_mdiff,run,6000.0,92,0.14041,0.1849893617021276,100000,100
etc_v3_thresh2_mdiff,run,6000.0,93,0.23863,0.2921170212765957,100000,100
etc_v3_thresh2_mdiff,run,6000.0,94,0.29606,0.3519574468085106,100000,100
etc_v3_thresh2_mdiff,run,6000.0,95,0.0808,0.1298510638297872,100000,100
etc_v3_thresh2_mdiff,run,6000.0,96,0.25561,0.3087021276595744,100000,100
etc_v3_thresh2_mdiff,run,6000.0,97,0.32537,0.3844787234042553,100000,100
etc_v3_thresh2_mdiff,run,6000.0,98,0.24531,0.3101595744680851,100000,100
etc_v3_thresh2_mdiff,run,6000.0,99,0.2073,0.2563510638297872,100000,100
etc_v3_thresh2_mdiff,run,7000.0,0,0.25857,0.3158709677419354,100000,100
etc_v3_thresh2_mdiff,run,7000.0,1,0.17499,0.2342365591397849,100000,100
etc_v3_thresh2_mdiff,run,7000.0,2,0.14639,0.2006129032258064,100000,100
etc_v3_thresh2_mdiff,run,7000.0,3,0.14826,0.2125913978494623,100000,100
etc_v3_thresh2_mdiff,run,7000.0,4,0.27855,0.3468924731182796,100000,100
etc_v3_thresh2_mdiff,run,7000.0,5,0.28734,0.3492365591397849,100000,100
etc_v3_thresh2_mdiff,run,7000.0,6,0.32455,0.3985913978494623,100000,100
etc_v3_thresh2_mdiff,run,7000.0,7,0.29374,0.3644086021505376,100000,100
etc_v3_thresh2_mdiff,run,7000.0,8,0.31706,0.3918924731182795,100000,100
etc_v3_thresh2_mdiff,run,7000.0,9,0.38367,0.4563010752688172,100000,100
etc_v3_thresh2_mdiff,run,7000.0,10,0.1673,0.2304516129032258,100000,100
etc_v3_thresh2_mdiff,run,7000.0,11,0.26145,0.3274193548387096,100000,100
etc_v3_thresh2_mdiff,run,7000.0,12,0.20365,0.2665698924731183,100000,100
etc_v3_thresh2_mdiff,run,7000.0,13,0.2111,0.2732258064516129,100000,100
etc_v3_thresh2_mdiff,run,7000.0,14,0.21325,0.2782688172043011,100000,100
etc_v3_thresh2_mdiff,run,7000.0,15,0.27957,0.3464731182795699,100000,100
etc_v3_thresh2_mdiff,run,7000.0,16,0.26328,0.3289569892473118,100000,100
etc_v3_thresh2_mdiff,run,7000.0,17,0.18488,0.2415806451612903,100000,100
etc_v3_thresh2_mdiff,run,7000.0,18,0.23224,0.3004838709677419,100000,100
etc_v3_thresh2_mdiff,run,7000.0,19,0.14336,0.1967956989247311,100000,100
etc_v3_thresh2_mdiff,run,7000.0,20,0.3499,0.4238494623655914,100000,100
etc_v3_thresh2_mdiff,run,7000.0,21,0.27372,0.3408602150537634,100000,100
etc_v3_thresh2_mdiff,run,7000.0,22,0.14542,0.2021827956989247,100000,100
etc_v3_thresh2_mdiff,run,7000.0,23,0.22198,0.2893655913978494,100000,100
etc_v3_thresh2_mdiff,run,7000.0,24,0.21412,0.2735483870967742,100000,100
etc_v3_thresh2_mdiff,run,7000.0,25,0.25292,0.3198387096774193,100000,100
etc_v3_thresh2_mdiff,run,7000.0,26,0.16987,0.2273225806451612,100000,100
etc_v3_thresh2_mdiff,run,7000.0,27,0.22033,0.284752688172043,100000,100
etc_v3_thresh2_mdiff,run,7000.0,28,0.29185,0.361763440860215,100000,100
etc_v3_thresh2_mdiff,run,7000.0,29,0.34828,0.425763440860215,100000,100
etc_v3_thresh2_mdiff,run,7000.0,30,0.07443,0.1201505376344086,100000,100
etc_v3_thresh2_mdiff,run,7000.0,31,0.18887,0.253505376344086,100000,100
etc_v3_thresh2_mdiff,run,7000.0,32,0.23822,0.3057849462365591,100000,100
etc_v3_thresh2_mdiff,run,7000.0,33,0.34375,0.4193870967741935,100000,100
etc_v3_thresh2_mdiff,run,7000.0,34,0.27061,0.3413548387096774,100000,100
etc_v3_thresh2_mdiff,run,7000.0,35,0.19493,0.257516129032258,100000,100
etc_v3_thresh2_mdiff,run,7000.0,36,0.13914,0.1882043010752688,100000,100
etc_v3_thresh2_mdiff,run,7000.0,37,0.17341,0.2298494623655914,100000,100
etc_v3_thresh2_mdiff,run,7000.0,38,0.13248,0.1870860215053763,100000,100
etc_v3_thresh2_mdiff,run,7000.0,39,0.35743,0.4286344086021505,100000,100
etc_v3_thresh2_mdiff,run,7000.0,40,0.26704,0.3297741935483871,100000,100
etc_v3_thresh2_mdiff,run,7000.0,41,0.31873,0.3898279569892473,100000,100
etc_v3_thresh2_mdiff,run,7000.0,42,0.21657,0.2823225806451613,100000,100
etc_v3_thresh2_mdiff,run,7000.0,43,0.40797,0.4836021505376344,100000,100
etc_v3_thresh2_mdiff,run,7000.0,44,0.22509,0.2940537634408602,100000,100
etc_v3_thresh2_mdiff,run,7000.0,45,0.36181,0.4368172043010753,100000,100
etc_v3_thresh2_mdiff,run,7000.0,46,0.19857,0.2623870967741935,100000,100
etc_v3_thresh2_mdiff,run,7000.0,47,0.24838,0.308247311827957,100000,100
etc_v3_thresh2_mdiff,run,7000.0,48,0.26052,0.3248064516129032,100000,100
etc_v3_thresh2_mdiff,run,7000.0,49,0.29014,0.3615268817204301,100000,100
etc_v3_thresh2_mdiff,run,7000.0,50,0.1268,0.1790967741935483,100000,100
etc_v3_thresh2_mdiff,run,7000.0,51,0.31464,0.379752688172043,100000,100
etc_v3_thresh2_mdiff,run,7000.0,52,0.23647,0.295494623655914,100000,100
etc_v3_thresh2_mdiff,run,7000.0,53,0.3408,0.4097419354838709,100000,100
etc_v3_thresh2_mdiff,run,7000.0,54,0.19214,0.2591290322580645,100000,100
etc_v3_thresh2_mdiff,run,7000.0,55,0.31463,0.3824086021505376,100000,100
etc_v3_thresh2_mdiff,run,7000.0,56,0.16679,0.2317956989247311,100000,100
etc_v3_thresh2_mdiff,run,7000.0,57,0.11602,0.1738279569892473,100000,100
etc_v3_thresh2_mdiff,run,7000.0,58,0.26768,0.331763440860215,100000,100
etc_v3_thresh2_mdiff,run,7000.0,59,0.21737,0.2815268817204301,100000,100
etc_v3_thresh2_mdiff,run,7000.0,60,0.20988,0.2733870967741935,100000,100
etc_v3_thresh2_mdiff,run,7000.0,61,0.31214,0.3850645161290322,100000,100
etc_v3_thresh2_mdiff,run,7000.0,62,0.22991,0.2977741935483871,100000,100
etc_v3_thresh2_mdiff,run,7000.0,63,0.09937,0.1517956989247312,100000,100
etc_v3_thresh2_mdiff,run,7000.0,64,0.13386,0.191,100000,100
etc_v3_thresh2_mdiff,run,7000.0,65,0.2511,0.3175376344086021,100000,100
etc_v3_thresh2_mdiff,run,7000.0,66,0.23377,0.2949032258064516,100000,100
etc_v3_thresh2_mdiff,run,7000.0,67,0.04931,0.1023548387096774,100000,100
etc_v3_thresh2_mdiff,run,7000.0,68,0.15869,0.2145806451612903,100000,100
etc_v3_thresh2_mdiff,run,7000.0,69,0.21119,0.2775698924731183,100000,100
etc_v3_thresh2_mdiff,run,7000.0,70,0.2842,0.3552688172043011,100000,100
etc_v3_thresh2_mdiff,run,7000.0,71,0.16693,0.2331397849462365,100000,100
etc_v3_thresh2_mdiff,run,7000.0,72,0.21089,0.2731397849462366,100000,100
etc_v3_thresh2_mdiff,run,7000.0,73,0.28274,0.3535483870967742,100000,100
etc_v3_thresh2_mdiff,run,7000.0,74,0.32759,0.4021075268817204,100000,100
etc_v3_thresh2_mdiff,run,7000.0,75,0.35533,0.4264623655913978,100000,100
etc_v3_thresh2_mdiff,run,7000.0,76,0.14789,0.2010967741935483,100000,100
etc_v3_thresh2_mdiff,run,7000.0,77,0.23779,0.2991505376344086,100000,100
etc_v3_thresh2_mdiff,run,7000.0,78,0.2493,0.3123333333333333,100000,100
etc_v3_thresh2_mdiff,run,7000.0,79,0.27845,0.3447956989247311,100000,100
etc_v3_thresh2_mdiff,run,7000.0,80,0.1341,0.1916021505376344,100000,100
etc_v3_thresh2_mdiff,run,7000.0,81,0.12748,0.1802795698924731,100000,100
etc_v3_thresh2_mdiff,run,7000.0,82,0.22162,0.2848602150537634,100000,100
etc_v3_thresh2_mdiff,run,7000.0,83,0.21204,0.2756666666666666,100000,100
etc_v3_thresh2_mdiff,run,7000.0,84,0.20598,0.2609462365591398,100000,100
etc_v3_thresh2_mdiff,run,7000.0,85,0.19405,0.2489462365591397,100000,100
etc_v3_thresh2_mdiff,run,7000.0,86,0.41253,0.4886236559139785,100000,100
etc_v3_thresh2_mdiff,run,7000.0,87,0.17121,0.2349677419354838,100000,100
etc_v3_thresh2_mdiff,run,7000.0,88,0.18771,0.247258064516129,100000,100
etc_v3_thresh2_mdiff,run,7000.0,89,0.21021,0.2684838709677419,100000,100
etc_v3_thresh2_mdiff,run,7000.0,90,0.17826,0.2410430107526881,100000,100
etc_v3_thresh2_mdiff,run,7000.0,91,0.21363,0.276494623655914,100000,100
etc_v3_thresh2_mdiff,run,7000.0,92,0.18908,0.2500322580645161,100000,100
etc_v3_thresh2_mdiff,run,7000.0,93,0.35768,0.4256559139784946,100000,100
etc_v3_thresh2_mdiff,run,7000.0,94,0.21607,0.2809462365591398,100000,100
etc_v3_thresh2_mdiff,run,7000.0,95,0.13387,0.1892258064516129,100000,100
etc_v3_thresh2_mdiff,run,7000.0,96,0.22055,0.2836774193548387,100000,100
etc_v3_thresh2_mdiff,run,7000.0,97,0.16518,0.2214838709677419,100000,100
etc_v3_thresh2_mdiff,run,7000.0,98,0.17377,0.2349032258064516,100000,100
etc_v3_thresh2_mdiff,run,7000.0,99,0.18134,0.248,100000,100
etc_v3_thresh2_mdiff,run,8000.0,0,0.24075,0.3206086956521739,100000,100
etc_v3_thresh2_mdiff,run,8000.0,1,0.25068,0.3304891304347826,100000,100
etc_v3_thresh2_mdiff,run,8000.0,2,0.26678,0.3487826086956522,100000,100
etc_v3_thresh2_mdiff,run,8000.0,3,0.39195,0.4798369565217391,100000,100
etc_v3_thresh2_mdiff,run,8000.0,4,0.22671,0.2994021739130434,100000,100
etc_v3_thresh2_mdiff,run,8000.0,5,0.23503,0.3112065217391304,100000,100
etc_v3_thresh2_mdiff,run,8000.0,6,0.23812,0.316945652173913,100000,100
etc_v3_thresh2_mdiff,run,8000.0,7,0.17657,0.2410869565217391,100000,100
etc_v3_thresh2_mdiff,run,8000.0,8,0.23653,0.3031521739130435,100000,100
etc_v3_thresh2_mdiff,run,8000.0,9,0.26044,0.3380869565217391,100000,100
etc_v3_thresh2_mdiff,run,8000.0,10,0.23657,0.3080217391304348,100000,100
etc_v3_thresh2_mdiff,run,8000.0,11,0.19742,0.2702608695652174,100000,100
etc_v3_thresh2_mdiff,run,8000.0,12,0.19838,0.2684891304347826,100000,100
etc_v3_thresh2_mdiff,run,8000.0,13,0.20155,0.2707717391304348,100000,100
etc_v3_thresh2_mdiff,run,8000.0,14,0.26066,0.3406847826086956,100000,100
etc_v3_thresh2_mdiff,run,8000.0,15,0.34861,0.4329130434782609,100000,100
etc_v3_thresh2_mdiff,run,8000.0,16,0.23805,0.3087173913043478,100000,100
etc_v3_thresh2_mdiff,run,8000.0,17,0.26469,0.3423586956521739,100000,100
etc_v3_thresh2_mdiff,run,8000.0,18,0.03635,0.0880217391304347,100000,100
etc_v3_thresh2_mdiff,run,8000.0,19,0.43406,0.5262608695652173,100000,100
etc_v3_thresh2_mdiff,run,8000.0,20,0.22093,0.2916630434782609,100000,100
etc_v3_thresh2_mdiff,run,8000.0,21,0.18866,0.2666630434782608,100000,100
etc_v3_thresh2_mdiff,run,8000.0,22,0.32708,0.4135652173913043,100000,100
etc_v3_thresh2_mdiff,run,8000.0,23,0.13009,0.1911304347826087,100000,100
etc_v3_thresh2_mdiff,run,8000.0,24,0.2908,0.3702608695652173,100000,100
etc_v3_thresh2_mdiff,run,8000.0,25,0.35845,0.4454565217391304,100000,100
etc_v3_thresh2_mdiff,run,8000.0,26,0.22356,0.2910434782608695,100000,100
etc_v3_thresh2_mdiff,run,8000.0,27,0.30762,0.386141304347826,100000,100
etc_v3_thresh2_mdiff,run,8000.0,28,0.31299,0.3877934782608696,100000,100
etc_v3_thresh2_mdiff,run,8000.0,29,0.17569,0.2424782608695652,100000,100
etc_v3_thresh2_mdiff,run,8000.0,30,0.20827,0.2790217391304347,100000,100
etc_v3_thresh2_mdiff,run,8000.0,31,0.32868,0.4062173913043478,100000,100
etc_v3_thresh2_mdiff,run,8000.0,32,0.17111,0.2373478260869565,100000,100
etc_v3_thresh2_mdiff,run,8000.0,33,0.28541,0.3663586956521739,100000,100
etc_v3_thresh2_mdiff,run,8000.0,34,0.18925,0.2578369565217391,100000,100
etc_v3_thresh2_mdiff,run,8000.0,35,0.36825,0.4470978260869565,100000,100
etc_v3_thresh2_mdiff,run,8000.0,36,0.34895,0.4320869565217391,100000,100
etc_v3_thresh2_mdiff,run,8000.0,37,0.19623,0.2740434782608695,100000,100
etc_v3_thresh2_mdiff,run,8000.0,38,0.16067,0.2315326086956521,100000,100
etc_v3_thresh2_mdiff,run,8000.0,39,0.16853,0.2332391304347826,100000,100
etc_v3_thresh2_mdiff,run,8000.0,40,0.22463,0.2979565217391304,100000,100
etc_v3_thresh2_mdiff,run,8000.0,41,0.24541,0.3160543478260869,100000,100
etc_v3_thresh2_mdiff,run,8000.0,42,0.18803,0.2561521739130434,100000,100
etc_v3_thresh2_mdiff,run,8000.0,43,0.23372,0.3053913043478261,100000,100
etc_v3_thresh2_mdiff,run,8000.0,44,0.23818,0.3155108695652174,100000,100
etc_v3_thresh2_mdiff,run,8000.0,45,0.23714,0.3094021739130435,100000,100
etc_v3_thresh2_mdiff,run,8000.0,46,0.27054,0.3442173913043478,100000,100
etc_v3_thresh2_mdiff,run,8000.0,47,0.19194,0.2548804347826087,100000,100
etc_v3_thresh2_mdiff,run,8000.0,48,0.24407,0.3229239130434783,100000,100
etc_v3_thresh2_mdiff,run,8000.0,49,0.23449,0.304445652173913,100000,100
etc_v3_thresh2_mdiff,run,8000.0,50,0.30406,0.3859239130434783,100000,100
etc_v3_thresh2_mdiff,run,8000.0,51,0.07167,0.140945652173913,100000,100
etc_v3_thresh2_mdiff,run,8000.0,52,0.22226,0.2968043478260869,100000,100
etc_v3_thresh2_mdiff,run,8000.0,53,0.24258,0.3144891304347826,100000,100
etc_v3_thresh2_mdiff,run,8000.0,54,0.36764,0.456641304347826,100000,100
etc_v3_thresh2_mdiff,run,8000.0,55,0.15489,0.2267282608695652,100000,100
etc_v3_thresh2_mdiff,run,8000.0,56,0.24618,0.318141304347826,100000,100
etc_v3_thresh2_mdiff,run,8000.0,57,0.34772,0.4360869565217391,100000,100
etc_v3_thresh2_mdiff,run,8000.0,58,0.18637,0.2603804347826087,100000,100
etc_v3_thresh2_mdiff,run,8000.0,59,0.18466,0.2552717391304347,100000,100
etc_v3_thresh2_mdiff,run,8000.0,60,0.15059,0.2177173913043478,100000,100
etc_v3_thresh2_mdiff,run,8000.0,61,0.23613,0.3140652173913043,100000,100
etc_v3_thresh2_mdiff,run,8000.0,62,0.2933,0.3761304347826087,100000,100
etc_v3_thresh2_mdiff,run,8000.0,63,0.21328,0.2863804347826087,100000,100
etc_v3_thresh2_mdiff,run,8000.0,64,0.28593,0.3682608695652173,100000,100
etc_v3_thresh2_mdiff,run,8000.0,65,0.32766,0.4078913043478261,100000,100
etc_v3_thresh2_mdiff,run,8000.0,66,0.19876,0.2730108695652174,100000,100
etc_v3_thresh2_mdiff,run,8000.0,67,0.25299,0.3315217391304347,100000,100
etc_v3_thresh2_mdiff,run,8000.0,68,0.22016,0.2959673913043478,100000,100
etc_v3_thresh2_mdiff,run,8000.0,69,0.22623,0.2962608695652174,100000,100
etc_v3_thresh2_mdiff,run,8000.0,70,0.18483,0.2584782608695652,100000,100
etc_v3_thresh2_mdiff,run,8000.0,71,0.3001,0.376695652173913,100000,100
etc_v3_thresh2_mdiff,run,8000.0,72,0.28739,0.3619130434782608,100000,100
etc_v3_thresh2_mdiff,run,8000.0,73,0.15286,0.2203043478260869,100000,100
etc_v3_thresh2_mdiff,run,8000.0,74,0.2516,0.3211304347826087,100000,100
etc_v3_thresh2_mdiff,run,8000.0,75,0.30059,0.387195652173913,100000,100
etc_v3_thresh2_mdiff,run,8000.0,76,0.19952,0.2674130434782609,100000,100
etc_v3_thresh2_mdiff,run,8000.0,77,0.26124,0.3435869565217391,100000,100
etc_v3_thresh2_mdiff,run,8000.0,78,0.29696,0.3678478260869565,100000,100
etc_v3_thresh2_mdiff,run,8000.0,79,0.27408,0.352891304347826,100000,100
etc_v3_thresh2_mdiff,run,8000.0,80,0.22051,0.2904673913043478,100000,100
etc_v3_thresh2_mdiff,run,8000.0,81,0.24223,0.3136739130434782,100000,100
etc_v3_thresh2_mdiff,run,8000.0,82,0.14093,0.1988152173913043,100000,100
etc_v3_thresh2_mdiff,run,8000.0,83,0.31386,0.3965217391304347,100000,100
etc_v3_thresh2_mdiff,run,8000.0,84,0.17057,0.2349021739130434,100000,100
etc_v3_thresh2_mdiff,run,8000.0,85,0.26262,0.3382282608695652,100000,100
etc_v3_thresh2_mdiff,run,8000.0,86,0.21122,0.2857391304347826,100000,100
etc_v3_thresh2_mdiff,run,8000.0,87,0.19967,0.2647391304347826,100000,100
etc_v3_thresh2_mdiff,run,8000.0,88,0.21041,0.2769130434782608,100000,100
etc_v3_thresh2_mdiff,run,8000.0,89,0.23613,0.3077717391304347,100000,100
etc_v3_thresh2_mdiff,run,8000.0,90,0.18924,0.2592065217391304,100000,100
etc_v3_thresh2_mdiff,run,8000.0,91,0.06915,0.1257608695652174,100000,100
etc_v3_thresh2_mdiff,run,8000.0,92,0.17038,0.2440217391304348,100000,100
etc_v3_thresh2_mdiff,run,8000.0,93,0.33653,0.4235652173913043,100000,100
etc_v3_thresh2_mdiff,run,8000.0,94,0.29772,0.377695652173913,100000,100
etc_v3_thresh2_mdiff,run,8000.0,95,0.15041,0.2100652173913043,100000,100
etc_v3_thresh2_mdiff,run,8000.0,96,0.16981,0.2347717391304347,100000,100
etc_v3_thresh2_mdiff,run,8000.0,97,0.22268,0.2968260869565217,100000,100
etc_v3_thresh2_mdiff,run,8000.0,98,0.21352,0.2853369565217391,100000,100
etc_v3_thresh2_mdiff,run,8000.0,99,0.36086,0.4470217391304348,100000,100
etc_v3_thresh2_mdiff,run,9000.0,0,0.36392,0.4692857142857143,100000,100
etc_v3_thresh2_mdiff,run,9000.0,1,0.22371,0.3088021978021978,100000,100
etc_v3_thresh2_mdiff,run,9000.0,2,0.19767,0.2820989010989011,100000,100
etc_v3_thresh2_mdiff,run,9000.0,3,0.21339,0.2953846153846154,100000,100
etc_v3_thresh2_mdiff,run,9000.0,4,0.11404,0.1967472527472527,100000,100
etc_v3_thresh2_mdiff,run,9000.0,5,0.11469,0.1888461538461538,100000,100
etc_v3_thresh2_mdiff,run,9000.0,6,0.18345,0.2655384615384615,100000,100
etc_v3_thresh2_mdiff,run,9000.0,7,0.23347,0.3033406593406593,100000,100
etc_v3_thresh2_mdiff,run,9000.0,8,0.082,0.1538131868131868,100000,100
etc_v3_thresh2_mdiff,run,9000.0,9,0.127,0.1987912087912088,100000,100
etc_v3_thresh2_mdiff,run,9000.0,10,0.16995,0.2381868131868131,100000,100
etc_v3_thresh2_mdiff,run,9000.0,11,0.21052,0.2809340659340659,100000,100
etc_v3_thresh2_mdiff,run,9000.0,12,0.26231,0.3481208791208791,100000,100
etc_v3_thresh2_mdiff,run,9000.0,13,0.18848,0.2707252747252747,100000,100
etc_v3_thresh2_mdiff,run,9000.0,14,0.14129,0.213065934065934,100000,100
etc_v3_thresh2_mdiff,run,9000.0,15,0.31907,0.4057802197802198,100000,100
etc_v3_thresh2_mdiff,run,9000.0,16,0.14343,0.2147692307692307,100000,100
etc_v3_thresh2_mdiff,run,9000.0,17,0.31497,0.4113406593406593,100000,100
etc_v3_thresh2_mdiff,run,9000.0,18,0.24382,0.3324395604395604,100000,100
etc_v3_thresh2_mdiff,run,9000.0,19,0.38062,0.4789120879120879,100000,100
etc_v3_thresh2_mdiff,run,9000.0,20,0.26725,0.3619450549450549,100000,100
etc_v3_thresh2_mdiff,run,9000.0,21,0.24502,0.3253186813186813,100000,100
etc_v3_thresh2_mdiff,run,9000.0,22,0.19529,0.2715494505494505,100000,100
etc_v3_thresh2_mdiff,run,9000.0,23,0.25274,0.3477032967032967,100000,100
etc_v3_thresh2_mdiff,run,9000.0,24,0.20318,0.2795604395604396,100000,100
etc_v3_thresh2_mdiff,run,9000.0,25,0.21555,0.3037362637362637,100000,100
etc_v3_thresh2_mdiff,run,9000.0,26,0.23462,0.3187362637362637,100000,100
etc_v3_thresh2_mdiff,run,9000.0,27,0.14764,0.2139120879120879,100000,100
etc_v3_thresh2_mdiff,run,9000.0,28,0.33827,0.4332197802197802,100000,100
etc_v3_thresh2_mdiff,run,9000.0,29,0.31433,0.4112417582417582,100000,100
etc_v3_thresh2_mdiff,run,9000.0,30,0.16888,0.2462197802197802,100000,100
etc_v3_thresh2_mdiff,run,9000.0,31,0.2768,0.3614285714285714,100000,100
etc_v3_thresh2_mdiff,run,9000.0,32,0.28152,0.3672307692307692,100000,100
etc_v3_thresh2_mdiff,run,9000.0,33,0.29048,0.385054945054945,100000,100
etc_v3_thresh2_mdiff,run,9000.0,34,0.18806,0.2731868131868132,100000,100
etc_v3_thresh2_mdiff,run,9000.0,35,0.31868,0.4138021978021978,100000,100
etc_v3_thresh2_mdiff,run,9000.0,36,0.16535,0.2405164835164835,100000,100
etc_v3_thresh2_mdiff,run,9000.0,37,0.20926,0.2917472527472527,100000,100
etc_v3_thresh2_mdiff,run,9000.0,38,0.27558,0.3608021978021978,100000,100
etc_v3_thresh2_mdiff,run,9000.0,39,0.1931,0.2787912087912088,100000,100
etc_v3_thresh2_mdiff,run,9000.0,40,0.3709,0.4725824175824176,100000,100
etc_v3_thresh2_mdiff,run,9000.0,41,0.2035,0.2846703296703297,100000,100
etc_v3_thresh2_mdiff,run,9000.0,42,0.13931,0.2213626373626373,100000,100
etc_v3_thresh2_mdiff,run,9000.0,43,0.31863,0.4154505494505494,100000,100
etc_v3_thresh2_mdiff,run,9000.0,44,0.16041,0.2413736263736263,100000,100
etc_v3_thresh2_mdiff,run,9000.0,45,0.27654,0.3711758241758242,100000,100
etc_v3_thresh2_mdiff,run,9000.0,46,0.21029,0.2876373626373626,100000,100
etc_v3_thresh2_mdiff,run,9000.0,47,0.33681,0.427065934065934,100000,100
etc_v3_thresh2_mdiff,run,9000.0,48,0.19181,0.2728791208791208,100000,100
etc_v3_thresh2_mdiff,run,9000.0,49,0.3319,0.4181318681318681,100000,100
etc_v3_thresh2_mdiff,run,9000.0,50,0.22588,0.3033626373626373,100000,100
etc_v3_thresh2_mdiff,run,9000.0,51,0.33041,0.4185714285714286,100000,100
etc_v3_thresh2_mdiff,run,9000.0,52,0.23286,0.3188461538461538,100000,100
etc_v3_thresh2_mdiff,run,9000.0,53,0.24155,0.322021978021978,100000,100
etc_v3_thresh2_mdiff,run,9000.0,54,0.14135,0.2203296703296703,100000,100
etc_v3_thresh2_mdiff,run,9000.0,55,0.2461,0.3345384615384615,100000,100
etc_v3_thresh2_mdiff,run,9000.0,56,0.17245,0.244087912087912,100000,100
etc_v3_thresh2_mdiff,run,9000.0,57,0.3053,0.3934395604395604,100000,100
etc_v3_thresh2_mdiff,run,9000.0,58,0.22725,0.3112527472527472,100000,100
etc_v3_thresh2_mdiff,run,9000.0,59,0.15048,0.227,100000,100
etc_v3_thresh2_mdiff,run,9000.0,60,0.18194,0.2625934065934066,100000,100
etc_v3_thresh2_mdiff,run,9000.0,61,0.11837,0.1889230769230769,100000,100
etc_v3_thresh2_mdiff,run,9000.0,62,0.34398,0.4361868131868132,100000,100
etc_v3_thresh2_mdiff,run,9000.0,63,0.29937,0.3824065934065934,100000,100
etc_v3_thresh2_mdiff,run,9000.0,64,0.24931,0.3458021978021978,100000,100
etc_v3_thresh2_mdiff,run,9000.0,65,0.29391,0.387978021978022,100000,100
etc_v3_thresh2_mdiff,run,9000.0,66,0.24907,0.3306263736263736,100000,100
etc_v3_thresh2_mdiff,run,9000.0,67,0.33758,0.4311318681318681,100000,100
etc_v3_thresh2_mdiff,run,9000.0,68,0.23807,0.3344835164835165,100000,100
etc_v3_thresh2_mdiff,run,9000.0,69,-0.03555,0.0204285714285714,100000,100
etc_v3_thresh2_mdiff,run,9000.0,70,0.21055,0.2971428571428571,100000,100
etc_v3_thresh2_mdiff,run,9000.0,71,0.22845,0.3112967032967033,100000,100
etc_v3_thresh2_mdiff,run,9000.0,72,0.24779,0.3312197802197802,100000,100
etc_v3_thresh2_mdiff,run,9000.0,73,0.22128,0.303043956043956,100000,100
etc_v3_thresh2_mdiff,run,9000.0,74,0.28448,0.3712087912087912,100000,100
etc_v3_thresh2_mdiff,run,9000.0,75,0.1885,0.2674395604395604,100000,100
etc_v3_thresh2_mdiff,run,9000.0,76,0.2007,0.290065934065934,100000,100
etc_v3_thresh2_mdiff,run,9000.0,77,0.25088,0.3376263736263736,100000,100
etc_v3_thresh2_mdiff,run,9000.0,78,0.20553,0.2837802197802198,100000,100
etc_v3_thresh2_mdiff,run,9000.0,79,0.31325,0.4067692307692307,100000,100
etc_v3_thresh2_mdiff,run,9000.0,80,0.37157,0.4707362637362637,100000,100
etc_v3_thresh2_mdiff,run,9000.0,81,0.26979,0.3578571428571429,100000,100
etc_v3_thresh2_mdiff,run,9000.0,82,0.23834,0.3229120879120879,100000,100
etc_v3_thresh2_mdiff,run,9000.0,83,0.32675,0.4223736263736263,100000,100
etc_v3_thresh2_mdiff,run,9000.0,84,0.24484,0.3275934065934066,100000,100
etc_v3_thresh2_mdiff,run,9000.0,85,0.22442,0.3042527472527472,100000,100
etc_v3_thresh2_mdiff,run,9000.0,86,0.2504,0.3333736263736264,100000,100
etc_v3_thresh2_mdiff,run,9000.0,87,0.18889,0.2654175824175824,100000,100
etc_v3_thresh2_mdiff,run,9000.0,88,0.27492,0.3658681318681319,100000,100
etc_v3_thresh2_mdiff,run,9000.0,89,0.19462,0.2814505494505494,100000,100
etc_v3_thresh2_mdiff,run,9000.0,90,0.14534,0.2176043956043956,100000,100
etc_v3_thresh2_mdiff,run,9000.0,91,0.19256,0.280032967032967,100000,100
etc_v3_thresh2_mdiff,run,9000.0,92,0.16433,0.2427142857142857,100000,100
etc_v3_thresh2_mdiff,run,9000.0,93,0.17428,0.2419780219780219,100000,100
etc_v3_thresh2_mdiff,run,9000.0,94,0.26587,0.3539670329670329,100000,100
etc_v3_thresh2_mdiff,run,9000.0,95,0.20535,0.289,100000,100
etc_v3_thresh2_mdiff,run,9000.0,96,0.31209,0.4029780219780219,100000,100
etc_v3_thresh2_mdiff,run,9000.0,97,0.09365,0.1643736263736263,100000,100
etc_v3_thresh2_mdiff,run,9000.0,98,0.21522,0.286065934065934,100000,100
etc_v3_thresh2_mdiff,run,9000.0,99,0.23696,0.318010989010989,100000,100
etc_v3_long,run,100.0,0,-0.39155,-0.3922022022022022,100000,100
etc_v3_long,run,100.0,1,-1.30312,-1.3038538538538538,100000,100
etc_v3_long,run,100.0,2,-0.6131,-0.6125425425425426,100000,100
etc_v3_long,run,100.0,3,-0.5847,-0.5852752752752752,100000,100
etc_v3_long,run,100.0,4,-0.33642,-0.3368868868868869,100000,100
etc_v3_long,run,100.0,5,-1.26717,-1.268098098098098,100000,100
etc_v3_long,run,100.0,6,-0.45554,-0.4554154154154154,100000,100
etc_v3_long,run,100.0,7,-0.62291,-0.623003003003003,100000,100
etc_v3_long,run,100.0,8,-0.4416,-0.4417017017017017,100000,100
etc_v3_long,run,100.0,9,-0.70447,-0.7048348348348349,100000,100
etc_v3_long,run,100.0,10,-0.46271,-0.4626926926926927,100000,100
etc_v3_long,run,100.0,11,-0.44072,-0.4410810810810811,100000,100
etc_v3_long,run,100.0,12,-0.58412,-0.584954954954955,100000,100
etc_v3_long,run,100.0,13,-0.63487,-0.6346346346346347,100000,100
etc_v3_long,run,100.0,14,-0.33827,-0.3377577577577577,100000,100
etc_v3_long,run,100.0,15,-0.51946,-0.5197097097097098,100000,100
etc_v3_long,run,100.0,16,-0.55149,-0.5506906906906907,100000,100
etc_v3_long,run,100.0,17,-0.56354,-0.5631231231231231,100000,100
etc_v3_long,run,100.0,18,-0.58447,-0.5844544544544544,100000,100
etc_v3_long,run,100.0,19,-0.47501,-0.4747847847847848,100000,100
etc_v3_long,run,100.0,20,-0.33866,-0.3386886886886887,100000,100
etc_v3_long,run,100.0,21,-0.78758,-0.7871571571571572,100000,100
etc_v3_long,run,100.0,22,-0.59515,-0.595005005005005,100000,100
etc_v3_long,run,100.0,23,-0.72107,-0.7213713713713714,100000,100
etc_v3_long,run,100.0,24,-0.743,-0.7427827827827828,100000,100
etc_v3_long,run,100.0,25,-0.49411,-0.4937837837837838,100000,100
etc_v3_long,run,100.0,26,-0.57233,-0.5725625625625625,100000,100
etc_v3_long,run,100.0,27,-0.44739,-0.447077077077077,100000,100
etc_v3_long,run,100.0,28,-0.50889,-0.5083583583583584,100000,100
etc_v3_long,run,100.0,29,-0.44854,-0.4475875875875876,100000,100
etc_v3_long,run,100.0,30,-0.60564,-0.6052752752752752,100000,100
etc_v3_long,run,100.0,31,-0.54148,-0.5418718718718719,100000,100
etc_v3_long,run,100.0,32,-0.69672,-0.6964464464464465,100000,100
etc_v3_long,run,100.0,33,-0.57697,-0.5767767767767767,100000,100
etc_v3_long,run,100.0,34,-0.72063,-0.7207407407407408,100000,100
etc_v3_long,run,100.0,35,-0.63914,-0.6392592592592593,100000,100
etc_v3_long,run,100.0,36,-0.40086,-0.4008508508508508,100000,100
etc_v3_long,run,100.0,37,-0.63506,-0.6352452452452453,100000,100
etc_v3_long,run,100.0,38,-0.66925,-0.6688388388388389,100000,100
etc_v3_long,run,100.0,39,-0.51594,-0.5158758758758759,100000,100
etc_v3_long,run,100.0,40,-0.72631,-0.7257757757757758,100000,100
etc_v3_long,run,100.0,41,-0.62004,-0.6207207207207207,100000,100
etc_v3_long,run,100.0,42,-0.55014,-0.5497197197197197,100000,100
etc_v3_long,run,100.0,43,-0.56004,-0.5592392392392392,100000,100
etc_v3_long,run,100.0,44,-0.56603,-0.5659459459459459,100000,100
etc_v3_long,run,100.0,45,-1.26629,-1.2668068068068068,100000,100
etc_v3_long,run,100.0,46,-0.58839,-0.5886886886886887,100000,100
etc_v3_long,run,100.0,47,-0.48172,-0.4821721721721722,100000,100
etc_v3_long,run,100.0,48,-0.51007,-0.5107707707707708,100000,100
etc_v3_long,run,100.0,49,-0.46177,-0.4619019019019019,100000,100
etc_v3_long,run,100.0,50,-0.77607,-0.7761461461461462,100000,100
etc_v3_long,run,100.0,51,-0.5987,-0.598998998998999,100000,100
etc_v3_long,run,100.0,52,-0.46955,-0.4692892892892893,100000,100
etc_v3_long,run,100.0,53,-0.45739,-0.457077077077077,100000,100
etc_v3_long,run,100.0,54,-0.56549,-0.5658158158158159,100000,100
etc_v3_long,run,100.0,55,-1.2699,-1.2703703703703704,100000,100
etc_v3_long,run,100.0,56,-0.71433,-0.7142342342342343,100000,100
etc_v3_long,run,100.0,57,-0.53833,-0.5385785785785786,100000,100
etc_v3_long,run,100.0,58,-0.47493,-0.4744544544544544,100000,100
etc_v3_long,run,100.0,59,-0.52687,-0.5261561561561562,100000,100
etc_v3_long,run,100.0,60,-0.97201,-0.9727027027027026,100000,100
etc_v3_long,run,100.0,61,-0.68223,-0.6827627627627627,100000,100
etc_v3_long,run,100.0,62,-0.5252,-0.524064064064064,100000,100
etc_v3_long,run,100.0,63,-0.43601,-0.4353953953953954,100000,100
etc_v3_long,run,100.0,64,-0.58743,-0.5868268268268269,100000,100
etc_v3_long,run,100.0,65,-1.41415,-1.4148148148148147,100000,100
etc_v3_long,run,100.0,66,-0.5861,-0.5869269269269269,100000,100
etc_v3_long,run,100.0,67,-0.59777,-0.5979679679679679,100000,100
etc_v3_long,run,100.0,68,-0.71384,-0.7137437437437437,100000,100
etc_v3_long,run,100.0,69,-0.53022,-0.5306406406406406,100000,100
etc_v3_long,run,100.0,70,-0.70769,-0.7077677677677677,100000,100
etc_v3_long,run,100.0,71,-0.70785,-0.7073673673673674,100000,100
etc_v3_long,run,100.0,72,-0.6621,-0.6626926926926927,100000,100
etc_v3_long,run,100.0,73,-0.65775,-0.6569269269269269,100000,100
etc_v3_long,run,100.0,74,-0.59296,-0.5928328328328328,100000,100
etc_v3_long,run,100.0,75,-1.21597,-1.216856856856857,100000,100
etc_v3_long,run,100.0,76,-0.46717,-0.4669569569569569,100000,100
etc_v3_long,run,100.0,77,-1.36261,-1.363983983983984,100000,100
etc_v3_long,run,100.0,78,-0.52251,-0.5218918918918919,100000,100
etc_v3_long,run,100.0,79,-0.66753,-0.6670470470470471,100000,100
etc_v3_long,run,100.0,80,-0.46973,-0.4696096096096096,100000,100
etc_v3_long,run,100.0,81,-0.69743,-0.6969169169169169,100000,100
etc_v3_long,run,100.0,82,-1.38733,-1.388988988988989,100000,100
etc_v3_long,run,100.0,83,-0.76639,-0.7671271271271272,100000,100
etc_v3_long,run,100.0,84,-0.5773,-0.5774474474474475,100000,100
etc_v3_long,run,100.0,85,-0.4446,-0.4441841841841842,100000,100
etc_v3_long,run,100.0,86,-0.71295,-0.7134234234234235,100000,100
etc_v3_long,run,100.0,87,-0.58283,-0.5825025025025025,100000,100
etc_v3_long,run,100.0,88,-0.54336,-0.5427127127127127,100000,100
etc_v3_long,run,100.0,89,-0.66521,-0.6648048048048047,100000,100
etc_v3_long,run,100.0,90,-0.55617,-0.5562062062062062,100000,100
etc_v3_long,run,100.0,91,-0.69566,-0.6957357357357358,100000,100
etc_v3_long,run,100.0,92,-0.4269,-0.4275575575575575,100000,100
etc_v3_long,run,100.0,93,-0.66174,-0.6618218218218218,100000,100
etc_v3_long,run,100.0,94,-0.72156,-0.7218318318318319,100000,100
etc_v3_long,run,100.0,95,-0.6061,-0.6048748748748749,100000,100
etc_v3_long,run,100.0,96,-1.06984,-1.0706006006006006,100000,100
etc_v3_long,run,100.0,97,-1.36444,-1.3644744744744746,100000,100
etc_v3_long,run,100.0,98,-0.68267,-0.6827127127127127,100000,100
etc_v3_long,run,100.0,99,-0.66802,-0.6676776776776777,100000,100
etc_v3_long,run,500.0,0,0.10412,0.1077688442211055,100000,100
etc_v3_long,run,500.0,1,-0.47991,-0.4791457286432161,100000,100
etc_v3_long,run,500.0,2,-0.80962,-0.810572864321608,100000,100
etc_v3_long,run,500.0,3,-0.78446,-0.7865025125628141,100000,100
etc_v3_long,run,500.0,4,-0.60443,-0.6048140703517588,100000,100
etc_v3_long,run,500.0,5,-0.3973,-0.3974472361809045,100000,100
etc_v3_long,run,500.0,6,-0.44854,-0.4490050251256281,100000,100
etc_v3_long,run,500.0,7,-0.05193,-0.0502311557788944,100000,100
etc_v3_long,run,500.0,8,-0.00135,0.002251256281407,100000,100
etc_v3_long,run,500.0,9,-0.46235,-0.4607939698492462,100000,100
etc_v3_long,run,500.0,10,0.16332,0.166824120603015,100000,100
etc_v3_long,run,500.0,11,-0.74944,-0.7509145728643216,100000,100
etc_v3_long,run,500.0,12,-0.34916,-0.3489748743718593,100000,100
etc_v3_long,run,500.0,13,-0.086,-0.0816482412060301,100000,100
etc_v3_long,run,500.0,14,-0.74559,-0.7473366834170855,100000,100
etc_v3_long,run,500.0,15,-0.86693,-0.8677286432160805,100000,100
etc_v3_long,run,500.0,16,0.16763,0.1708040201005025,100000,100
etc_v3_long,run,500.0,17,-0.2688,-0.2687638190954773,100000,100
etc_v3_long,run,500.0,18,-0.4092,-0.4082814070351759,100000,100
etc_v3_long,run,500.0,19,0.02109,0.0236482412060301,100000,100
etc_v3_long,run,500.0,20,0.01943,0.0209145728643216,100000,100
etc_v3_long,run,500.0,21,-0.34032,-0.3391055276381909,100000,100
etc_v3_long,run,500.0,22,-0.18125,-0.1806532663316583,100000,100
etc_v3_long,run,500.0,23,0.06279,0.0661507537688442,100000,100
etc_v3_long,run,500.0,24,-0.24981,-0.2498190954773869,100000,100
etc_v3_long,run,500.0,25,-0.81633,-0.8170753768844221,100000,100
etc_v3_long,run,500.0,26,-0.41322,-0.4123517587939698,100000,100
etc_v3_long,run,500.0,27,-0.1547,-0.1531256281407035,100000,100
etc_v3_long,run,500.0,28,-0.19114,-0.1884422110552764,100000,100
etc_v3_long,run,500.0,29,-0.25324,-0.2516381909547738,100000,100
etc_v3_long,run,500.0,30,-0.26465,-0.2633065326633166,100000,100
etc_v3_long,run,500.0,31,-0.10184,-0.1002412060301507,100000,100
etc_v3_long,run,500.0,32,0.02828,0.0334371859296482,100000,100
etc_v3_long,run,500.0,33,-0.46512,-0.4659095477386935,100000,100
etc_v3_long,run,500.0,34,0.06796,0.0717487437185929,100000,100
etc_v3_long,run,500.0,35,-0.01397,-0.012251256281407,100000,100
etc_v3_long,run,500.0,36,-0.48658,-0.4856984924623115,100000,100
etc_v3_long,run,500.0,37,-0.35447,-0.3537788944723618,100000,100
etc_v3_long,run,500.0,38,-0.63271,-0.6318894472361809,100000,100
etc_v3_long,run,500.0,39,-0.09744,-0.0964623115577889,100000,100
etc_v3_long,run,500.0,40,0.18874,0.1926834170854271,100000,100
etc_v3_long,run,500.0,41,-0.73979,-0.7397788944723618,100000,100
etc_v3_long,run,500.0,42,0.13598,0.1415577889447236,100000,100
etc_v3_long,run,500.0,43,-0.1547,-0.1516482412060301,100000,100
etc_v3_long,run,500.0,44,-0.30099,-0.2987035175879396,100000,100
etc_v3_long,run,500.0,45,-0.28619,-0.2836884422110552,100000,100
etc_v3_long,run,500.0,46,-0.29278,-0.2909547738693467,100000,100
etc_v3_long,run,500.0,47,-0.38283,-0.3829145728643216,100000,100
etc_v3_long,run,500.0,48,-0.79217,-0.7922613065326634,100000,100
etc_v3_long,run,500.0,49,0.10876,0.1133266331658291,100000,100
etc_v3_long,run,500.0,50,0.01497,0.0172462311557788,100000,100
etc_v3_long,run,500.0,51,-0.39836,-0.3978190954773869,100000,100
etc_v3_long,run,500.0,52,-0.187,-0.1848844221105527,100000,100
etc_v3_long,run,500.0,53,-0.26589,-0.2634472361809045,100000,100
etc_v3_long,run,500.0,54,-0.12994,-0.1270954773869346,100000,100
etc_v3_long,run,500.0,55,-0.41012,-0.4102311557788944,100000,100
etc_v3_long,run,500.0,56,0.0976,0.0990854271356783,100000,100
etc_v3_long,run,500.0,57,0.0359,0.0385125628140703,100000,100
etc_v3_long,run,500.0,58,-0.73626,-0.7369547738693467,100000,100
etc_v3_long,run,500.0,59,0.11905,0.1218492462311557,100000,100
etc_v3_long,run,500.0,60,-0.23646,-0.2361909547738693,100000,100
etc_v3_long,run,500.0,61,-0.07977,-0.077608040201005,100000,100
etc_v3_long,run,500.0,62,0.06421,0.0671055276381909,100000,100
etc_v3_long,run,500.0,63,-0.24133,-0.2392763819095477,100000,100
etc_v3_long,run,500.0,64,-0.85662,-0.8561206030150754,100000,100
etc_v3_long,run,500.0,65,-0.30475,-0.3021005025125628,100000,100
etc_v3_long,run,500.0,66,-0.19106,-0.1871557788944723,100000,100
etc_v3_long,run,500.0,67,-0.84411,-0.8462713567839196,100000,100
etc_v3_long,run,500.0,68,-0.44274,-0.4422412060301507,100000,100
etc_v3_long,run,500.0,69,-0.08408,-0.0813567839195979,100000,100
etc_v3_long,run,500.0,70,0.07107,0.0757688442211055,100000,100
etc_v3_long,run,500.0,71,-0.05517,-0.0513065326633165,100000,100
etc_v3_long,run,500.0,72,-0.37677,-0.3744120603015075,100000,100
etc_v3_long,run,500.0,73,-0.09692,-0.0956984924623115,100000,100
etc_v3_long,run,500.0,74,-0.0679,-0.0654472361809045,100000,100
etc_v3_long,run,500.0,75,-0.32769,-0.3257989949748743,100000,100
etc_v3_long,run,500.0,76,-0.32376,-0.322180904522613,100000,100
etc_v3_long,run,500.0,77,-0.24012,-0.2394070351758793,100000,100
etc_v3_long,run,500.0,78,-0.68559,-0.6864120603015076,100000,100
etc_v3_long,run,500.0,79,-0.30406,-0.3021206030150754,100000,100
etc_v3_long,run,500.0,80,-0.36468,-0.3619195979899497,100000,100
etc_v3_long,run,500.0,81,0.11893,0.1217185929648241,100000,100
etc_v3_long,run,500.0,82,-0.2106,-0.2084020100502512,100000,100
etc_v3_long,run,500.0,83,-0.19254,-0.1920100502512562,100000,100
etc_v3_long,run,500.0,84,-0.19371,-0.1909849246231156,100000,100
etc_v3_long,run,500.0,85,0.01978,0.0236884422110552,100000,100
etc_v3_long,run,500.0,86,-0.54566,-0.5448542713567839,100000,100
etc_v3_long,run,500.0,87,-0.61672,-0.6160402010050251,100000,100
etc_v3_long,run,500.0,88,-0.05515,-0.0513366834170854,100000,100
etc_v3_long,run,500.0,89,-0.02688,-0.0248341708542713,100000,100
etc_v3_long,run,500.0,90,-0.73532,-0.7370854271356784,100000,100
etc_v3_long,run,500.0,91,-0.08298,-0.0806331658291457,100000,100
etc_v3_long,run,500.0,92,-0.17899,-0.176824120603015,100000,100
etc_v3_long,run,500.0,93,0.09958,0.1031758793969849,100000,100
etc_v3_long,run,500.0,94,-0.73329,-0.7354673366834171,100000,100
etc_v3_long,run,500.0,95,-0.38939,-0.3866934673366834,100000,100
etc_v3_long,run,500.0,96,0.02646,0.0306130653266331,100000,100
etc_v3_long,run,500.0,97,-0.22369,-0.2222110552763819,100000,100
etc_v3_long,run,500.0,98,-0.19465,-0.1917989949748743,100000,100
etc_v3_long,run,500.0,99,-0.14218,-0.140894472361809,100000,100
etc_v3_long,run,1000.0,0,-0.0414,-0.0345757575757575,100000,100
etc_v3_long,run,1000.0,1,-0.35814,-0.354050505050505,100000,100
etc_v3_long,run,1000.0,2,0.04041,0.047070707070707,100000,100
etc_v3_long,run,1000.0,3,-0.10949,-0.1056363636363636,100000,100
etc_v3_long,run,1000.0,4,-0.22902,-0.2247070707070707,100000,100
etc_v3_long,run,1000.0,5,-0.27391,-0.2683434343434343,100000,100
etc_v3_long,run,1000.0,6,-0.28138,-0.2757878787878788,100000,100
etc_v3_long,run,1000.0,7,0.01203,0.0199292929292929,100000,100
etc_v3_long,run,1000.0,8,-0.05233,-0.0463030303030303,100000,100
etc_v3_long,run,1000.0,9,-0.05658,-0.0513939393939393,100000,100
etc_v3_long,run,1000.0,10,0.20414,0.2108686868686868,100000,100
etc_v3_long,run,1000.0,11,0.13343,0.1388585858585858,100000,100
etc_v3_long,run,1000.0,12,0.03231,0.0392525252525252,100000,100
etc_v3_long,run,1000.0,13,0.21336,0.2216969696969697,100000,100
etc_v3_long,run,1000.0,14,0.0672,0.0762020202020202,100000,100
etc_v3_long,run,1000.0,15,0.15935,0.1673232323232323,100000,100
etc_v3_long,run,1000.0,16,-0.47847,-0.4785757575757576,100000,100
etc_v3_long,run,1000.0,17,0.00731,0.0147676767676767,100000,100
etc_v3_long,run,1000.0,18,-0.73972,-0.7403737373737374,100000,100
etc_v3_long,run,1000.0,19,0.20306,0.2123939393939393,100000,100
etc_v3_long,run,1000.0,20,-0.34811,-0.3444747474747475,100000,100
etc_v3_long,run,1000.0,21,0.12476,0.1322121212121212,100000,100
etc_v3_long,run,1000.0,22,-0.39951,-0.3968989898989899,100000,100
etc_v3_long,run,1000.0,23,-0.27709,-0.2727474747474747,100000,100
etc_v3_long,run,1000.0,24,-0.38064,-0.3779595959595959,100000,100
etc_v3_long,run,1000.0,25,0.06402,0.0694848484848484,100000,100
etc_v3_long,run,1000.0,26,0.16849,0.1760909090909091,100000,100
etc_v3_long,run,1000.0,27,-0.48677,-0.4848383838383838,100000,100
etc_v3_long,run,1000.0,28,0.18147,0.1881414141414141,100000,100
etc_v3_long,run,1000.0,29,-0.00257,0.0041818181818181,100000,100
etc_v3_long,run,1000.0,30,0.17024,0.1804343434343434,100000,100
etc_v3_long,run,1000.0,31,-0.39127,-0.3871414141414141,100000,100
etc_v3_long,run,1000.0,32,0.16435,0.1748787878787878,100000,100
etc_v3_long,run,1000.0,33,-0.01122,-0.0049292929292929,100000,100
etc_v3_long,run,1000.0,34,0.18477,0.1926868686868686,100000,100
etc_v3_long,run,1000.0,35,0.0343,0.0414545454545454,100000,100
etc_v3_long,run,1000.0,36,0.09555,0.1043838383838383,100000,100
etc_v3_long,run,1000.0,37,0.13748,0.1446565656565656,100000,100
etc_v3_long,run,1000.0,38,-0.03248,-0.0267373737373737,100000,100
etc_v3_long,run,1000.0,39,-0.66187,-0.6611010101010101,100000,100
etc_v3_long,run,1000.0,40,-0.0232,-0.0168484848484848,100000,100
etc_v3_long,run,1000.0,41,0.05483,0.0599494949494949,100000,100
etc_v3_long,run,1000.0,42,-0.50934,-0.5064242424242424,100000,100
etc_v3_long,run,1000.0,43,0.1851,0.1935050505050505,100000,100
etc_v3_long,run,1000.0,44,0.00853,0.0171010101010101,100000,100
etc_v3_long,run,1000.0,45,0.12129,0.1275959595959596,100000,100
etc_v3_long,run,1000.0,46,0.02119,0.0289797979797979,100000,100
etc_v3_long,run,1000.0,47,0.25368,0.2646060606060606,100000,100
etc_v3_long,run,1000.0,48,0.17109,0.181020202020202,100000,100
etc_v3_long,run,1000.0,49,-0.01599,-0.0112828282828282,100000,100
etc_v3_long,run,1000.0,50,-0.16833,-0.1642323232323232,100000,100
etc_v3_long,run,1000.0,51,-0.54853,-0.549060606060606,100000,100
etc_v3_long,run,1000.0,52,0.12858,0.1374949494949495,100000,100
etc_v3_long,run,1000.0,53,0.24984,0.2572727272727272,100000,100
etc_v3_long,run,1000.0,54,-0.15153,-0.1483737373737373,100000,100
etc_v3_long,run,1000.0,55,0.17918,0.1884545454545454,100000,100
etc_v3_long,run,1000.0,56,0.06476,0.073060606060606,100000,100
etc_v3_long,run,1000.0,57,0.04156,0.0482121212121212,100000,100
etc_v3_long,run,1000.0,58,0.1627,0.1686767676767676,100000,100
etc_v3_long,run,1000.0,59,-0.02619,-0.0209090909090909,100000,100
etc_v3_long,run,1000.0,60,0.17659,0.1848181818181818,100000,100
etc_v3_long,run,1000.0,61,-0.02817,-0.0244646464646464,100000,100
etc_v3_long,run,1000.0,62,0.22699,0.2362222222222222,100000,100
etc_v3_long,run,1000.0,63,0.0546,0.0597070707070707,100000,100
etc_v3_long,run,1000.0,64,0.12997,0.1353434343434343,100000,100
etc_v3_long,run,1000.0,65,0.12128,0.1276868686868686,100000,100
etc_v3_long,run,1000.0,66,-0.29267,-0.2926666666666667,100000,100
etc_v3_long,run,1000.0,67,-0.55044,-0.5513838383838384,100000,100
etc_v3_long,run,1000.0,68,-0.10945,-0.104080808080808,100000,100
etc_v3_long,run,1000.0,69,0.19138,0.201020202020202,100000,100
etc_v3_long,run,1000.0,70,-0.30356,-0.3004040404040404,100000,100
etc_v3_long,run,1000.0,71,-0.33709,-0.3339696969696969,100000,100
etc_v3_long,run,1000.0,72,0.01012,0.018070707070707,100000,100
etc_v3_long,run,1000.0,73,0.04147,0.0514242424242424,100000,100
etc_v3_long,run,1000.0,74,0.06087,0.0685454545454545,100000,100
etc_v3_long,run,1000.0,75,0.19441,0.2021616161616161,100000,100
etc_v3_long,run,1000.0,76,0.18577,0.1932424242424242,100000,100
etc_v3_long,run,1000.0,77,0.03855,0.044080808080808,100000,100
etc_v3_long,run,1000.0,78,0.04824,0.0581212121212121,100000,100
etc_v3_long,run,1000.0,79,0.20966,0.2168080808080808,100000,100
etc_v3_long,run,1000.0,80,0.07825,0.0852525252525252,100000,100
etc_v3_long,run,1000.0,81,0.04883,0.0549292929292929,100000,100
etc_v3_long,run,1000.0,82,-0.11559,-0.1102828282828282,100000,100
etc_v3_long,run,1000.0,83,0.12689,0.1322222222222222,100000,100
etc_v3_long,run,1000.0,84,0.11573,0.1236363636363636,100000,100
etc_v3_long,run,1000.0,85,0.13744,0.1439090909090909,100000,100
etc_v3_long,run,1000.0,86,0.03936,0.0453030303030303,100000,100
etc_v3_long,run,1000.0,87,-0.17835,-0.1732020202020202,100000,100
etc_v3_long,run,1000.0,88,0.21557,0.2243636363636363,100000,100
etc_v3_long,run,1000.0,89,-0.07421,-0.0684040404040404,100000,100
etc_v3_long,run,1000.0,90,0.22014,0.2303434343434343,100000,100
etc_v3_long,run,1000.0,91,-0.19068,-0.1873030303030303,100000,100
etc_v3_long,run,1000.0,92,-0.16956,-0.1665858585858586,100000,100
etc_v3_long,run,1000.0,93,-0.43957,-0.4388383838383838,100000,100
etc_v3_long,run,1000.0,94,-0.65295,-0.6525252525252525,100000,100
etc_v3_long,run,1000.0,95,0.02848,0.0373939393939393,100000,100
etc_v3_long,run,1000.0,96,0.29213,0.3032020202020202,100000,100
etc_v3_long,run,1000.0,97,-0.22385,-0.2195151515151515,100000,100
etc_v3_long,run,1000.0,98,0.29061,0.2993030303030303,100000,100
etc_v3_long,run,1000.0,99,0.10312,0.1101111111111111,100000,100
etc_v3_long,run,1500.0,0,0.17137,0.1817766497461929,100000,100
etc_v3_long,run,1500.0,1,-0.514,-0.5101319796954314,100000,100
etc_v3_long,run,1500.0,2,0.19689,0.2095228426395939,100000,100
etc_v3_long,run,1500.0,3,-0.00983,-0.0017766497461928,100000,100
etc_v3_long,run,1500.0,4,0.21801,0.2313096446700507,100000,100
etc_v3_long,run,1500.0,5,0.26735,0.2804365482233502,100000,100
etc_v3_long,run,1500.0,6,0.16574,0.1788223350253807,100000,100
etc_v3_long,run,1500.0,7,0.05295,0.0637766497461928,100000,100
etc_v3_long,run,1500.0,8,-0.18117,-0.1716548223350253,100000,100
etc_v3_long,run,1500.0,9,0.28648,0.298497461928934,100000,100
etc_v3_long,run,1500.0,10,0.29407,0.3068324873096447,100000,100
etc_v3_long,run,1500.0,11,0.09695,0.10648730964467,100000,100
etc_v3_long,run,1500.0,12,0.06421,0.0735939086294416,100000,100
etc_v3_long,run,1500.0,13,-0.42476,-0.4221624365482233,100000,100
etc_v3_long,run,1500.0,14,-0.30682,-0.3009441624365482,100000,100
etc_v3_long,run,1500.0,15,0.11038,0.1220812182741116,100000,100
etc_v3_long,run,1500.0,16,-0.44559,-0.4416345177664975,100000,100
etc_v3_long,run,1500.0,17,0.1346,0.1452994923857868,100000,100
etc_v3_long,run,1500.0,18,0.26399,0.2775837563451777,100000,100
etc_v3_long,run,1500.0,19,0.18901,0.1998375634517766,100000,100
etc_v3_long,run,1500.0,20,0.11087,0.120984771573604,100000,100
etc_v3_long,run,1500.0,21,0.23768,0.2531065989847715,100000,100
etc_v3_long,run,1500.0,22,0.0644,0.0723147208121827,100000,100
etc_v3_long,run,1500.0,23,-0.14252,-0.1379492385786802,100000,100
etc_v3_long,run,1500.0,24,0.15797,0.169502538071066,100000,100
etc_v3_long,run,1500.0,25,0.11731,0.1252791878172588,100000,100
etc_v3_long,run,1500.0,26,0.06486,0.0757969543147208,100000,100
etc_v3_long,run,1500.0,27,0.03141,0.0414619289340101,100000,100
etc_v3_long,run,1500.0,28,-0.0378,-0.0278578680203045,100000,100
etc_v3_long,run,1500.0,29,0.09075,0.101248730964467,100000,100
etc_v3_long,run,1500.0,30,0.14302,0.1564060913705584,100000,100
etc_v3_long,run,1500.0,31,0.24457,0.2591472081218274,100000,100
etc_v3_long,run,1500.0,32,0.23661,0.2493502538071066,100000,100
etc_v3_long,run,1500.0,33,0.2224,0.2336954314720812,100000,100
etc_v3_long,run,1500.0,34,-0.30904,-0.3044060913705583,100000,100
etc_v3_long,run,1500.0,35,0.22909,0.245248730964467,100000,100
etc_v3_long,run,1500.0,36,0.01381,0.020730964467005,100000,100
etc_v3_long,run,1500.0,37,0.26471,0.2742639593908629,100000,100
etc_v3_long,run,1500.0,38,-0.38959,-0.3856345177664975,100000,100
etc_v3_long,run,1500.0,39,0.09429,0.106243654822335,100000,100
etc_v3_long,run,1500.0,40,-0.10019,-0.0920101522842639,100000,100
etc_v3_long,run,1500.0,41,0.03797,0.0488223350253807,100000,100
etc_v3_long,run,1500.0,42,0.14252,0.1580812182741116,100000,100
etc_v3_long,run,1500.0,43,0.09931,0.1096142131979695,100000,100
etc_v3_long,run,1500.0,44,0.2167,0.228751269035533,100000,100
etc_v3_long,run,1500.0,45,0.06495,0.0746903553299492,100000,100
etc_v3_long,run,1500.0,46,0.23285,0.2464771573604061,100000,100
etc_v3_long,run,1500.0,47,0.02064,0.0285583756345177,100000,100
etc_v3_long,run,1500.0,48,-0.21119,-0.2048832487309644,100000,100
etc_v3_long,run,1500.0,49,0.12482,0.1370355329949238,100000,100
etc_v3_long,run,1500.0,50,0.36462,0.3784162436548223,100000,100
etc_v3_long,run,1500.0,51,0.21919,0.2301725888324873,100000,100
etc_v3_long,run,1500.0,52,0.25308,0.2650862944162436,100000,100
etc_v3_long,run,1500.0,53,0.19205,0.2033299492385786,100000,100
etc_v3_long,run,1500.0,54,0.2758,0.2894720812182741,100000,100
etc_v3_long,run,1500.0,55,0.03987,0.049238578680203,100000,100
etc_v3_long,run,1500.0,56,-0.12902,-0.1203654822335025,100000,100
etc_v3_long,run,1500.0,57,0.15592,0.1674619289340101,100000,100
etc_v3_long,run,1500.0,58,-0.36048,-0.3587918781725888,100000,100
etc_v3_long,run,1500.0,59,-0.01287,-0.0063248730964467,100000,100
etc_v3_long,run,1500.0,60,-0.27197,-0.2674314720812182,100000,100
etc_v3_long,run,1500.0,61,0.06528,0.0757157360406091,100000,100
etc_v3_long,run,1500.0,62,-0.49519,-0.4938781725888325,100000,100
etc_v3_long,run,1500.0,63,-0.37619,-0.3709543147208122,100000,100
etc_v3_long,run,1500.0,64,-0.38007,-0.376994923857868,100000,100
etc_v3_long,run,1500.0,65,0.07411,0.0840203045685279,100000,100
etc_v3_long,run,1500.0,66,0.40811,0.4232081218274112,100000,100
etc_v3_long,run,1500.0,67,0.05926,0.0687614213197969,100000,100
etc_v3_long,run,1500.0,68,0.06497,0.0774010152284263,100000,100
etc_v3_long,run,1500.0,69,0.12924,0.1419390862944162,100000,100
etc_v3_long,run,1500.0,70,0.06571,0.0766395939086294,100000,100
etc_v3_long,run,1500.0,71,-0.41949,-0.4161116751269035,100000,100
etc_v3_long,run,1500.0,72,-0.30953,-0.3043959390862944,100000,100
etc_v3_long,run,1500.0,73,-0.04467,-0.038741116751269,100000,100
etc_v3_long,run,1500.0,74,0.16987,0.180741116751269,100000,100
etc_v3_long,run,1500.0,75,0.0903,0.098751269035533,100000,100
etc_v3_long,run,1500.0,76,0.19856,0.2119187817258883,100000,100
etc_v3_long,run,1500.0,77,0.09681,0.1051472081218274,100000,100
etc_v3_long,run,1500.0,78,0.24705,0.2618781725888325,100000,100
etc_v3_long,run,1500.0,79,0.12394,0.1329746192893401,100000,100
etc_v3_long,run,1500.0,80,0.20114,0.2134111675126903,100000,100
etc_v3_long,run,1500.0,81,0.2024,0.2133299492385786,100000,100
etc_v3_long,run,1500.0,82,0.13259,0.1398680203045685,100000,100
etc_v3_long,run,1500.0,83,-0.41011,-0.4070456852791878,100000,100
etc_v3_long,run,1500.0,84,0.12199,0.1368527918781726,100000,100
etc_v3_long,run,1500.0,85,0.33625,0.3525685279187817,100000,100
etc_v3_long,run,1500.0,86,-0.32852,-0.3237868020304568,100000,100
etc_v3_long,run,1500.0,87,0.04207,0.0519289340101522,100000,100
etc_v3_long,run,1500.0,88,-0.24638,-0.2393604060913705,100000,100
etc_v3_long,run,1500.0,89,0.22819,0.2434517766497461,100000,100
etc_v3_long,run,1500.0,90,0.01015,0.0175329949238578,100000,100
etc_v3_long,run,1500.0,91,0.19765,0.2121624365482233,100000,100
etc_v3_long,run,1500.0,92,0.20848,0.2207614213197969,100000,100
etc_v3_long,run,1500.0,93,0.15483,0.1661624365482233,100000,100
etc_v3_long,run,1500.0,94,0.09679,0.1067005076142132,100000,100
etc_v3_long,run,1500.0,95,0.15682,0.1660101522842639,100000,100
etc_v3_long,run,1500.0,96,0.15433,0.1668324873096446,100000,100
etc_v3_long,run,1500.0,97,0.31262,0.327258883248731,100000,100
etc_v3_long,run,1500.0,98,0.08139,0.0954010152284264,100000,100
etc_v3_long,run,1500.0,99,-0.30957,-0.3043959390862944,100000,100
etc_v3_long,run,2000.0,0,0.32305,0.3455510204081632,100000,100
etc_v3_long,run,2000.0,1,0.03992,0.0527142857142857,100000,100
etc_v3_long,run,2000.0,2,0.13097,0.1464081632653061,100000,100
etc_v3_long,run,2000.0,3,0.14398,0.1597244897959183,100000,100
etc_v3_long,run,2000.0,4,0.13567,0.1519897959183673,100000,100
etc_v3_long,run,2000.0,5,0.0771,0.0895816326530612,100000,100
etc_v3_long,run,2000.0,6,0.21974,0.2371836734693877,100000,100
etc_v3_long,run,2000.0,7,0.24981,0.2657959183673469,100000,100
etc_v3_long,run,2000.0,8,0.25132,0.2672551020408163,100000,100
etc_v3_long,run,2000.0,9,0.18064,0.1970306122448979,100000,100
etc_v3_long,run,2000.0,10,0.17998,0.1929591836734694,100000,100
etc_v3_long,run,2000.0,11,0.19576,0.2137244897959183,100000,100
etc_v3_long,run,2000.0,12,0.21749,0.2351326530612245,100000,100
etc_v3_long,run,2000.0,13,0.08551,0.1018265306122448,100000,100
etc_v3_long,run,2000.0,14,0.09679,0.1128061224489796,100000,100
etc_v3_long,run,2000.0,15,0.16597,0.1816938775510204,100000,100
etc_v3_long,run,2000.0,16,0.08907,0.1026632653061224,100000,100
etc_v3_long,run,2000.0,17,0.14005,0.1587244897959183,100000,100
etc_v3_long,run,2000.0,18,-0.28833,-0.2827857142857143,100000,100
etc_v3_long,run,2000.0,19,0.27248,0.291469387755102,100000,100
etc_v3_long,run,2000.0,20,0.15026,0.1672142857142857,100000,100
etc_v3_long,run,2000.0,21,-0.27175,-0.2644489795918367,100000,100
etc_v3_long,run,2000.0,22,0.09989,0.1142959183673469,100000,100
etc_v3_long,run,2000.0,23,0.18189,0.1980816326530612,100000,100
etc_v3_long,run,2000.0,24,0.34319,0.3585306122448979,100000,100
etc_v3_long,run,2000.0,25,0.33246,0.3538163265306122,100000,100
etc_v3_long,run,2000.0,26,-0.2703,-0.2626326530612244,100000,100
etc_v3_long,run,2000.0,27,0.31068,0.3314591836734694,100000,100
etc_v3_long,run,2000.0,28,-0.24127,-0.2334591836734693,100000,100
etc_v3_long,run,2000.0,29,-0.17273,-0.1660612244897959,100000,100
etc_v3_long,run,2000.0,30,0.13318,0.1513061224489796,100000,100
etc_v3_long,run,2000.0,31,0.19982,0.2162959183673469,100000,100
etc_v3_long,run,2000.0,32,0.21357,0.2331326530612245,100000,100
etc_v3_long,run,2000.0,33,0.19918,0.2143979591836734,100000,100
etc_v3_long,run,2000.0,34,0.25345,0.270265306122449,100000,100
etc_v3_long,run,2000.0,35,-0.17784,-0.1674489795918367,100000,100
etc_v3_long,run,2000.0,36,0.03551,0.0495102040816326,100000,100
etc_v3_long,run,2000.0,37,0.41362,0.4340714285714285,100000,100
etc_v3_long,run,2000.0,38,0.2172,0.2367551020408163,100000,100
etc_v3_long,run,2000.0,39,0.07838,0.0928469387755102,100000,100
etc_v3_long,run,2000.0,40,0.11979,0.1316326530612244,100000,100
etc_v3_long,run,2000.0,41,0.24649,0.2640918367346939,100000,100
etc_v3_long,run,2000.0,42,0.07897,0.0881020408163265,100000,100
etc_v3_long,run,2000.0,43,0.04615,0.0613061224489795,100000,100
etc_v3_long,run,2000.0,44,-0.02367,-0.0112448979591836,100000,100
etc_v3_long,run,2000.0,45,0.18441,0.2012142857142857,100000,100
etc_v3_long,run,2000.0,46,0.22075,0.2377244897959183,100000,100
etc_v3_long,run,2000.0,47,0.11217,0.127969387755102,100000,100
etc_v3_long,run,2000.0,48,0.23311,0.2495918367346938,100000,100
etc_v3_long,run,2000.0,49,0.13014,0.1436020408163265,100000,100
etc_v3_long,run,2000.0,50,-0.64932,-0.6518265306122449,100000,100
etc_v3_long,run,2000.0,51,0.12206,0.1388061224489795,100000,100
etc_v3_long,run,2000.0,52,0.15719,0.1739897959183673,100000,100
etc_v3_long,run,2000.0,53,0.2987,0.3167755102040816,100000,100
etc_v3_long,run,2000.0,54,-0.41936,-0.4144795918367347,100000,100
etc_v3_long,run,2000.0,55,0.26897,0.2858775510204082,100000,100
etc_v3_long,run,2000.0,56,0.06827,0.0807653061224489,100000,100
etc_v3_long,run,2000.0,57,0.1664,0.1807653061224489,100000,100
etc_v3_long,run,2000.0,58,0.16398,0.1781734693877551,100000,100
etc_v3_long,run,2000.0,59,0.15542,0.1688367346938775,100000,100
etc_v3_long,run,2000.0,60,0.31242,0.3326122448979592,100000,100
etc_v3_long,run,2000.0,61,0.218,0.2358367346938775,100000,100
etc_v3_long,run,2000.0,62,0.18956,0.2073265306122449,100000,100
etc_v3_long,run,2000.0,63,-0.1197,-0.1109795918367347,100000,100
etc_v3_long,run,2000.0,64,-0.2342,-0.2290918367346938,100000,100
etc_v3_long,run,2000.0,65,0.10604,0.1226836734693877,100000,100
etc_v3_long,run,2000.0,66,0.24336,0.2606632653061224,100000,100
etc_v3_long,run,2000.0,67,0.30329,0.3253469387755102,100000,100
etc_v3_long,run,2000.0,68,-0.43557,-0.4316632653061224,100000,100
etc_v3_long,run,2000.0,69,0.22272,0.2413877551020408,100000,100
etc_v3_long,run,2000.0,70,0.11563,0.1275714285714285,100000,100
etc_v3_long,run,2000.0,71,0.16136,0.1748979591836734,100000,100
etc_v3_long,run,2000.0,72,0.15918,0.1726530612244897,100000,100
etc_v3_long,run,2000.0,73,0.1268,0.1458469387755102,100000,100
etc_v3_long,run,2000.0,74,-0.11096,-0.1052244897959183,100000,100
etc_v3_long,run,2000.0,75,0.24706,0.2648163265306122,100000,100
etc_v3_long,run,2000.0,76,-0.34842,-0.3394795918367347,100000,100
etc_v3_long,run,2000.0,77,0.22836,0.2451224489795918,100000,100
etc_v3_long,run,2000.0,78,0.19478,0.211469387755102,100000,100
etc_v3_long,run,2000.0,79,-0.35247,-0.3473163265306122,100000,100
etc_v3_long,run,2000.0,80,0.20952,0.227204081632653,100000,100
etc_v3_long,run,2000.0,81,0.25139,0.2710816326530612,100000,100
etc_v3_long,run,2000.0,82,0.19491,0.2124591836734694,100000,100
etc_v3_long,run,2000.0,83,0.19437,0.2095714285714285,100000,100
etc_v3_long,run,2000.0,84,0.22116,0.2395816326530612,100000,100
etc_v3_long,run,2000.0,85,0.10708,0.1216938775510204,100000,100
etc_v3_long,run,2000.0,86,0.44282,0.4627755102040816,100000,100
etc_v3_long,run,2000.0,87,-0.29258,-0.2836326530612245,100000,100
etc_v3_long,run,2000.0,88,0.31043,0.3273163265306122,100000,100
etc_v3_long,run,2000.0,89,0.03963,0.0518979591836734,100000,100
etc_v3_long,run,2000.0,90,-0.29969,-0.2946020408163265,100000,100
etc_v3_long,run,2000.0,91,0.23579,0.2503979591836734,100000,100
etc_v3_long,run,2000.0,92,0.26225,0.2795102040816326,100000,100
etc_v3_long,run,2000.0,93,0.16313,0.1775102040816326,100000,100
etc_v3_long,run,2000.0,94,0.27056,0.2897448979591837,100000,100
etc_v3_long,run,2000.0,95,0.17276,0.1882244897959183,100000,100
etc_v3_long,run,2000.0,96,0.10237,0.1180408163265306,100000,100
etc_v3_long,run,2000.0,97,0.32559,0.3430612244897959,100000,100
etc_v3_long,run,2000.0,98,0.15509,0.1689489795918367,100000,100
etc_v3_long,run,2000.0,99,0.01945,0.0306938775510204,100000,100
etc_v3_long,run,5000.0,0,0.26798,0.3227894736842105,100000,100
etc_v3_long,run,5000.0,1,0.28796,0.3365368421052631,100000,100
etc_v3_long,run,5000.0,2,0.22649,0.2786315789473684,100000,100
etc_v3_long,run,5000.0,3,0.26501,0.3087263157894737,100000,100
etc_v3_long,run,5000.0,4,0.16593,0.2044842105263158,100000,100
etc_v3_long,run,5000.0,5,0.24432,0.2843684210526316,100000,100
etc_v3_long,run,5000.0,6,0.19486,0.2361263157894736,100000,100
etc_v3_long,run,5000.0,7,0.15,0.1880842105263158,100000,100
etc_v3_long,run,5000.0,8,0.26945,0.3136315789473684,100000,100
etc_v3_long,run,5000.0,9,0.0892,0.125978947368421,100000,100
etc_v3_long,run,5000.0,10,0.18712,0.2333263157894737,100000,100
etc_v3_long,run,5000.0,11,0.29441,0.3404,100000,100
etc_v3_long,run,5000.0,12,0.26008,0.3128736842105263,100000,100
etc_v3_long,run,5000.0,13,0.29482,0.3391473684210526,100000,100
etc_v3_long,run,5000.0,14,0.16106,0.2045157894736842,100000,100
etc_v3_long,run,5000.0,15,0.25377,0.3099473684210526,100000,100
etc_v3_long,run,5000.0,16,0.2502,0.2985894736842105,100000,100
etc_v3_long,run,5000.0,17,0.21451,0.2548736842105263,100000,100
etc_v3_long,run,5000.0,18,0.24479,0.2904,100000,100
etc_v3_long,run,5000.0,19,0.27672,0.3266,100000,100
etc_v3_long,run,5000.0,20,0.2139,0.2569578947368421,100000,100
etc_v3_long,run,5000.0,21,0.18817,0.2265578947368421,100000,100
etc_v3_long,run,5000.0,22,0.16811,0.2074421052631579,100000,100
etc_v3_long,run,5000.0,23,0.21742,0.2606210526315789,100000,100
etc_v3_long,run,5000.0,24,0.31888,0.3700842105263158,100000,100
etc_v3_long,run,5000.0,25,0.32451,0.3717894736842105,100000,100
etc_v3_long,run,5000.0,26,0.23078,0.2784842105263158,100000,100
etc_v3_long,run,5000.0,27,0.25187,0.3006736842105263,100000,100
etc_v3_long,run,5000.0,28,0.21218,0.2610526315789473,100000,100
etc_v3_long,run,5000.0,29,0.24054,0.2797157894736842,100000,100
etc_v3_long,run,5000.0,30,0.27473,0.3228842105263158,100000,100
etc_v3_long,run,5000.0,31,-0.01671,0.0130736842105263,100000,100
etc_v3_long,run,5000.0,32,0.11577,0.1553473684210526,100000,100
etc_v3_long,run,5000.0,33,0.23247,0.2727157894736842,100000,100
etc_v3_long,run,5000.0,34,0.233,0.2775684210526316,100000,100
etc_v3_long,run,5000.0,35,0.39992,0.4531157894736842,100000,100
etc_v3_long,run,5000.0,36,0.14919,0.1888736842105263,100000,100
etc_v3_long,run,5000.0,37,0.24527,0.2862526315789473,100000,100
etc_v3_long,run,5000.0,38,0.24631,0.2877473684210526,100000,100
etc_v3_long,run,5000.0,39,0.17018,0.2107894736842105,100000,100
etc_v3_long,run,5000.0,40,0.25502,0.3042842105263157,100000,100
etc_v3_long,run,5000.0,41,0.22297,0.2646947368421052,100000,100
etc_v3_long,run,5000.0,42,0.20463,0.2455052631578947,100000,100
etc_v3_long,run,5000.0,43,0.23093,0.2786947368421053,100000,100
etc_v3_long,run,5000.0,44,0.18374,0.2263578947368421,100000,100
etc_v3_long,run,5000.0,45,0.21607,0.2532105263157895,100000,100
etc_v3_long,run,5000.0,46,0.09353,0.1322842105263157,100000,100
etc_v3_long,run,5000.0,47,0.4005,0.4504631578947368,100000,100
etc_v3_long,run,5000.0,48,0.23538,0.2756105263157895,100000,100
etc_v3_long,run,5000.0,49,0.32503,0.3718315789473684,100000,100
etc_v3_long,run,5000.0,50,0.31884,0.3694210526315789,100000,100
etc_v3_long,run,5000.0,51,0.13647,0.1739473684210526,100000,100
etc_v3_long,run,5000.0,52,0.16319,0.2068315789473684,100000,100
etc_v3_long,run,5000.0,53,0.28277,0.3291263157894737,100000,100
etc_v3_long,run,5000.0,54,0.33715,0.3951157894736842,100000,100
etc_v3_long,run,5000.0,55,0.28413,0.3307578947368421,100000,100
etc_v3_long,run,5000.0,56,0.19913,0.2382105263157894,100000,100
etc_v3_long,run,5000.0,57,0.13223,0.1739157894736842,100000,100
etc_v3_long,run,5000.0,58,0.28112,0.3290105263157895,100000,100
etc_v3_long,run,5000.0,59,0.15622,0.2016736842105263,100000,100
etc_v3_long,run,5000.0,60,0.11569,0.1481473684210526,100000,100
etc_v3_long,run,5000.0,61,0.09689,0.1336526315789473,100000,100
etc_v3_long,run,5000.0,62,0.22032,0.2687684210526316,100000,100
etc_v3_long,run,5000.0,63,0.27111,0.3150421052631579,100000,100
etc_v3_long,run,5000.0,64,0.23355,0.2793263157894737,100000,100
etc_v3_long,run,5000.0,65,0.32819,0.3832105263157895,100000,100
etc_v3_long,run,5000.0,66,0.27076,0.3181894736842105,100000,100
etc_v3_long,run,5000.0,67,0.2632,0.3091578947368421,100000,100
etc_v3_long,run,5000.0,68,0.13703,0.1827578947368421,100000,100
etc_v3_long,run,5000.0,69,0.29369,0.3432631578947368,100000,100
etc_v3_long,run,5000.0,70,0.27332,0.3217263157894737,100000,100
etc_v3_long,run,5000.0,71,0.21828,0.2602842105263158,100000,100
etc_v3_long,run,5000.0,72,0.24961,0.3008105263157895,100000,100
etc_v3_long,run,5000.0,73,0.22534,0.2720842105263157,100000,100
etc_v3_long,run,5000.0,74,0.36454,0.4144,100000,100
etc_v3_long,run,5000.0,75,0.29296,0.3474210526315789,100000,100
etc_v3_long,run,5000.0,76,0.28974,0.3397263157894737,100000,100
etc_v3_long,run,5000.0,77,0.28131,0.3345368421052631,100000,100
etc_v3_long,run,5000.0,78,0.1011,0.1423578947368421,100000,100
etc_v3_long,run,5000.0,79,0.13598,0.1718842105263157,100000,100
etc_v3_long,run,5000.0,80,0.27777,0.3230105263157894,100000,100
etc_v3_long,run,5000.0,81,0.30513,0.3551157894736842,100000,100
etc_v3_long,run,5000.0,82,0.302,0.3489052631578947,100000,100
etc_v3_long,run,5000.0,83,0.311,0.3579368421052631,100000,100
etc_v3_long,run,5000.0,84,0.21136,0.2513684210526316,100000,100
etc_v3_long,run,5000.0,85,0.19742,0.2410947368421052,100000,100
etc_v3_long,run,5000.0,86,0.17581,0.2189052631578947,100000,100
etc_v3_long,run,5000.0,87,0.21184,0.2561894736842105,100000,100
etc_v3_long,run,5000.0,88,0.24008,0.2855052631578947,100000,100
etc_v3_long,run,5000.0,89,0.21853,0.2638526315789474,100000,100
etc_v3_long,run,5000.0,90,0.2121,0.2560842105263158,100000,100
etc_v3_long,run,5000.0,91,0.22478,0.2680842105263158,100000,100
etc_v3_long,run,5000.0,92,0.26302,0.3123368421052631,100000,100
etc_v3_long,run,5000.0,93,0.18679,0.2318631578947368,100000,100
etc_v3_long,run,5000.0,94,0.27316,0.3241684210526316,100000,100
etc_v3_long,run,5000.0,95,0.25523,0.3014736842105263,100000,100
etc_v3_long,run,5000.0,96,0.19224,0.2324631578947368,100000,100
etc_v3_long,run,5000.0,97,0.17093,0.2106842105263157,100000,100
etc_v3_long,run,5000.0,98,0.27814,0.3318210526315789,100000,100
etc_v3_long,run,5000.0,99,0.07948,0.1126736842105263,100000,100
etc_v3_long,run,10000.0,0,0.34036,0.4461888888888889,100000,100
etc_v3_long,run,10000.0,1,0.23597,0.3344222222222222,100000,100
etc_v3_long,run,10000.0,2,0.27866,0.3717111111111111,100000,100
etc_v3_long,run,10000.0,3,0.15338,0.2300777777777777,100000,100
etc_v3_long,run,10000.0,4,0.10591,0.1843666666666666,100000,100
etc_v3_long,run,10000.0,5,0.24371,0.3392111111111111,100000,100
etc_v3_long,run,10000.0,6,0.13235,0.2153,100000,100
etc_v3_long,run,10000.0,7,0.18418,0.2868555555555555,100000,100
etc_v3_long,run,10000.0,8,0.17471,0.2625666666666666,100000,100
etc_v3_long,run,10000.0,9,0.30992,0.4098111111111111,100000,100
etc_v3_long,run,10000.0,10,0.3023,0.3984888888888889,100000,100
etc_v3_long,run,10000.0,11,0.20529,0.2959888888888889,100000,100
etc_v3_long,run,10000.0,12,0.23382,0.3175555555555555,100000,100
etc_v3_long,run,10000.0,13,0.20213,0.2936,100000,100
etc_v3_long,run,10000.0,14,0.28015,0.3764,100000,100
etc_v3_long,run,10000.0,15,0.24116,0.3358444444444444,100000,100
etc_v3_long,run,10000.0,16,0.10835,0.1920777777777777,100000,100
etc_v3_long,run,10000.0,17,0.18438,0.2697888888888889,100000,100
etc_v3_long,run,10000.0,18,0.1375,0.2255333333333333,100000,100
etc_v3_long,run,10000.0,19,0.32101,0.4207444444444444,100000,100
etc_v3_long,run,10000.0,20,0.13414,0.2203222222222222,100000,100
etc_v3_long,run,10000.0,21,0.26474,0.3652333333333333,100000,100
etc_v3_long,run,10000.0,22,0.2826,0.3790333333333333,100000,100
etc_v3_long,run,10000.0,23,0.14524,0.2312444444444444,100000,100
etc_v3_long,run,10000.0,24,0.22936,0.3182444444444444,100000,100
etc_v3_long,run,10000.0,25,0.29392,0.3819111111111111,100000,100
etc_v3_long,run,10000.0,26,0.05123,0.1301111111111111,100000,100
etc_v3_long,run,10000.0,27,0.23945,0.3370888888888889,100000,100
etc_v3_long,run,10000.0,28,0.2872,0.3857222222222222,100000,100
etc_v3_long,run,10000.0,29,0.12196,0.1997777777777777,100000,100
etc_v3_long,run,10000.0,30,0.20855,0.2953666666666666,100000,100
etc_v3_long,run,10000.0,31,0.21831,0.3248444444444444,100000,100
etc_v3_long,run,10000.0,32,0.17406,0.2580333333333333,100000,100
etc_v3_long,run,10000.0,33,0.20188,0.2933555555555555,100000,100
etc_v3_long,run,10000.0,34,0.13919,0.2251888888888888,100000,100
etc_v3_long,run,10000.0,35,0.28055,0.3769666666666666,100000,100
etc_v3_long,run,10000.0,36,0.19652,0.2922555555555555,100000,100
etc_v3_long,run,10000.0,37,0.29022,0.3941888888888888,100000,100
etc_v3_long,run,10000.0,38,0.17022,0.2583222222222222,100000,100
etc_v3_long,run,10000.0,39,0.2321,0.3205,100000,100
etc_v3_long,run,10000.0,40,0.12687,0.2003,100000,100
etc_v3_long,run,10000.0,41,0.03449,0.1095333333333333,100000,100
etc_v3_long,run,10000.0,42,0.21274,0.2989555555555555,100000,100
etc_v3_long,run,10000.0,43,0.22412,0.3106444444444444,100000,100
etc_v3_long,run,10000.0,44,0.17969,0.2681333333333333,100000,100
etc_v3_long,run,10000.0,45,0.33359,0.4480888888888888,100000,100
etc_v3_long,run,10000.0,46,0.16679,0.2626777777777778,100000,100
etc_v3_long,run,10000.0,47,0.18871,0.2750666666666667,100000,100
etc_v3_long,run,10000.0,48,0.22043,0.3114555555555555,100000,100
etc_v3_long,run,10000.0,49,0.30861,0.4099,100000,100
etc_v3_long,run,10000.0,50,0.30799,0.4146777777777777,100000,100
etc_v3_long,run,10000.0,51,0.25004,0.3451777777777777,100000,100
etc_v3_long,run,10000.0,52,0.30702,0.4158333333333333,100000,100
etc_v3_long,run,10000.0,53,0.178,0.2766333333333333,100000,100
etc_v3_long,run,10000.0,54,0.32041,0.4247666666666667,100000,100
etc_v3_long,run,10000.0,55,0.15853,0.2422555555555555,100000,100
etc_v3_long,run,10000.0,56,0.24653,0.3408555555555556,100000,100
etc_v3_long,run,10000.0,57,0.17765,0.2701888888888888,100000,100
etc_v3_long,run,10000.0,58,0.28124,0.3845222222222222,100000,100
etc_v3_long,run,10000.0,59,0.12628,0.2087888888888888,100000,100
etc_v3_long,run,10000.0,60,0.19661,0.2824777777777777,100000,100
etc_v3_long,run,10000.0,61,0.12829,0.2154888888888889,100000,100
etc_v3_long,run,10000.0,62,0.32279,0.4262444444444444,100000,100
etc_v3_long,run,10000.0,63,0.14139,0.2272,100000,100
etc_v3_long,run,10000.0,64,0.13727,0.2188111111111111,100000,100
etc_v3_long,run,10000.0,65,0.2042,0.2936333333333333,100000,100
etc_v3_long,run,10000.0,66,0.31311,0.4087777777777778,100000,100
etc_v3_long,run,10000.0,67,0.28024,0.3828444444444444,100000,100
etc_v3_long,run,10000.0,68,0.17441,0.2600222222222222,100000,100
etc_v3_long,run,10000.0,69,0.22704,0.3255,100000,100
etc_v3_long,run,10000.0,70,0.19822,0.2929222222222222,100000,100
etc_v3_long,run,10000.0,71,0.14596,0.2330222222222222,100000,100
etc_v3_long,run,10000.0,72,0.2023,0.2932888888888889,100000,100
etc_v3_long,run,10000.0,73,0.18709,0.2755,100000,100
etc_v3_long,run,10000.0,74,0.29111,0.4015666666666667,100000,100
etc_v3_long,run,10000.0,75,0.21895,0.3101111111111111,100000,100
etc_v3_long,run,10000.0,76,0.22673,0.3190333333333333,100000,100
etc_v3_long,run,10000.0,77,0.10766,0.1895,100000,100
etc_v3_long,run,10000.0,78,0.30737,0.4139555555555556,100000,100
etc_v3_long,run,10000.0,79,0.19837,0.2926333333333333,100000,100
etc_v3_long,run,10000.0,80,0.33976,0.4416111111111111,100000,100
etc_v3_long,run,10000.0,81,0.22528,0.3095555555555555,100000,100
etc_v3_long,run,10000.0,82,0.20865,0.2931888888888889,100000,100
etc_v3_long,run,10000.0,83,0.19585,0.2843777777777778,100000,100
etc_v3_long,run,10000.0,84,0.12869,0.2109111111111111,100000,100
etc_v3_long,run,10000.0,85,0.19495,0.2725444444444444,100000,100
etc_v3_long,run,10000.0,86,0.21794,0.3106222222222222,100000,100
etc_v3_long,run,10000.0,87,0.18101,0.2666666666666666,100000,100
etc_v3_long,run,10000.0,88,0.15336,0.2427111111111111,100000,100
etc_v3_long,run,10000.0,89,0.3013,0.3977333333333333,100000,100
etc_v3_long,run,10000.0,90,0.21008,0.3001444444444444,100000,100
etc_v3_long,run,10000.0,91,0.28742,0.3913555555555555,100000,100
etc_v3_long,run,10000.0,92,0.27334,0.3681444444444444,100000,100
etc_v3_long,run,10000.0,93,0.11901,0.2045888888888888,100000,100
etc_v3_long,run,10000.0,94,0.267,0.3652888888888889,100000,100
etc_v3_long,run,10000.0,95,0.15998,0.2478666666666666,100000,100
etc_v3_long,run,10000.0,96,0.17311,0.2555222222222222,100000,100
etc_v3_long,run,10000.0,97,0.31275,0.4159777777777778,100000,100
etc_v3_long,run,10000.0,98,0.18498,0.2750666666666667,100000,100
etc_v3_long,run,10000.0,99,0.17581,0.2664777777777777,100000,100
etc_v3_long,run,20000.0,0,0.03376,0.194425,100000,100
etc_v3_long,run,20000.0,1,0.10698,0.2953,100000,100
etc_v3_long,run,20000.0,2,0.07196,0.2359625,100000,100
etc_v3_long,run,20000.0,3,0.16175,0.3386375,100000,100
etc_v3_long,run,20000.0,4,0.14935,0.3309625,100000,100
etc_v3_long,run,20000.0,5,0.13752,0.3079,100000,100
etc_v3_long,run,20000.0,6,0.11943,0.3051125,100000,100
etc_v3_long,run,20000.0,7,0.12331,0.31005,100000,100
etc_v3_long,run,20000.0,8,0.13329,0.3355875,100000,100
etc_v3_long,run,20000.0,9,0.10617,0.2790875,100000,100
etc_v3_long,run,20000.0,10,0.07483,0.244575,100000,100
etc_v3_long,run,20000.0,11,0.22851,0.4518125,100000,100
etc_v3_long,run,20000.0,12,0.11254,0.3046625,100000,100
etc_v3_long,run,20000.0,13,0.19067,0.39545,100000,100
etc_v3_long,run,20000.0,14,0.24153,0.4485875,100000,100
etc_v3_long,run,20000.0,15,0.09438,0.2821625,100000,100
etc_v3_long,run,20000.0,16,0.14145,0.3175375,100000,100
etc_v3_long,run,20000.0,17,0.20775,0.4156,100000,100
etc_v3_long,run,20000.0,18,0.09966,0.275625,100000,100
etc_v3_long,run,20000.0,19,0.11223,0.3026625,100000,100
etc_v3_long,run,20000.0,20,0.08694,0.264875,100000,100
etc_v3_long,run,20000.0,21,0.19118,0.4049875,100000,100
etc_v3_long,run,20000.0,22,0.10809,0.2918375,100000,100
etc_v3_long,run,20000.0,23,0.19892,0.4035125,100000,100
etc_v3_long,run,20000.0,24,0.20047,0.4020125,100000,100
etc_v3_long,run,20000.0,25,0.09968,0.28105,100000,100
etc_v3_long,run,20000.0,26,0.11634,0.28825,100000,100
etc_v3_long,run,20000.0,27,0.1685,0.3587875,100000,100
etc_v3_long,run,20000.0,28,0.11516,0.2901625,100000,100
etc_v3_long,run,20000.0,29,0.05757,0.23015,100000,100
etc_v3_long,run,20000.0,30,0.20461,0.41705,100000,100
etc_v3_long,run,20000.0,31,0.21332,0.4187375,100000,100
etc_v3_long,run,20000.0,32,0.1979,0.3936,100000,100
etc_v3_long,run,20000.0,33,0.05722,0.237325,100000,100
etc_v3_long,run,20000.0,34,0.20862,0.4083,100000,100
etc_v3_long,run,20000.0,35,0.07744,0.2723625,100000,100
etc_v3_long,run,20000.0,36,0.13007,0.31905,100000,100
etc_v3_long,run,20000.0,37,0.2036,0.3918875,100000,100
etc_v3_long,run,20000.0,38,0.11674,0.3115375,100000,100
etc_v3_long,run,20000.0,39,0.19179,0.401575,100000,100
etc_v3_long,run,20000.0,40,0.17504,0.37745,100000,100
etc_v3_long,run,20000.0,41,0.178,0.3863125,100000,100
etc_v3_long,run,20000.0,42,0.12773,0.3187625,100000,100
etc_v3_long,run,20000.0,43,0.21751,0.428475,100000,100
etc_v3_long,run,20000.0,44,0.11316,0.28815,100000,100
etc_v3_long,run,20000.0,45,0.12197,0.3107,100000,100
etc_v3_long,run,20000.0,46,0.15124,0.344925,100000,100
etc_v3_long,run,20000.0,47,0.18191,0.3829,100000,100
etc_v3_long,run,20000.0,48,0.1808,0.3819875,100000,100
etc_v3_long,run,20000.0,49,0.09597,0.2782625,100000,100
etc_v3_long,run,20000.0,50,0.18535,0.3861875,100000,100
etc_v3_long,run,20000.0,51,0.20461,0.4111625,100000,100
etc_v3_long,run,20000.0,52,0.23783,0.4375375,100000,100
etc_v3_long,run,20000.0,53,0.05963,0.2280375,100000,100
etc_v3_long,run,20000.0,54,0.12379,0.304825,100000,100
etc_v3_long,run,20000.0,55,0.12098,0.312625,100000,100
etc_v3_long,run,20000.0,56,0.167,0.3563625,100000,100
etc_v3_long,run,20000.0,57,0.13137,0.318425,100000,100
etc_v3_long,run,20000.0,58,0.21321,0.4293,100000,100
etc_v3_long,run,20000.0,59,0.13822,0.3184,100000,100
etc_v3_long,run,20000.0,60,0.22472,0.43715,100000,100
etc_v3_long,run,20000.0,61,0.19203,0.39875,100000,100
etc_v3_long,run,20000.0,62,0.06494,0.2375625,100000,100
etc_v3_long,run,20000.0,63,0.21277,0.403775,100000,100
etc_v3_long,run,20000.0,64,0.11388,0.2951875,100000,100
etc_v3_long,run,20000.0,65,0.12436,0.313975,100000,100
etc_v3_long,run,20000.0,66,0.07037,0.244475,100000,100
etc_v3_long,run,20000.0,67,0.14003,0.32495,100000,100
etc_v3_long,run,20000.0,68,0.13977,0.33645,100000,100
etc_v3_long,run,20000.0,69,0.22624,0.42695,100000,100
etc_v3_long,run,20000.0,70,0.10878,0.2984875,100000,100
etc_v3_long,run,20000.0,71,0.14218,0.3284,100000,100
etc_v3_long,run,20000.0,72,0.11679,0.3094125,100000,100
etc_v3_long,run,20000.0,73,0.02969,0.1839875,100000,100
etc_v3_long,run,20000.0,74,0.20355,0.4167625,100000,100
etc_v3_long,run,20000.0,75,0.14873,0.351675,100000,100
etc_v3_long,run,20000.0,76,0.14788,0.3526625,100000,100
etc_v3_long,run,20000.0,77,0.10204,0.291775,100000,100
etc_v3_long,run,20000.0,78,0.04074,0.1956875,100000,100
etc_v3_long,run,20000.0,79,0.19305,0.399275,100000,100
etc_v3_long,run,20000.0,80,0.23947,0.4502375,100000,100
etc_v3_long,run,20000.0,81,0.10996,0.2954125,100000,100
etc_v3_long,run,20000.0,82,0.20645,0.4195125,100000,100
etc_v3_long,run,20000.0,83,0.07912,0.24555,100000,100
etc_v3_long,run,20000.0,84,0.13821,0.33785,100000,100
etc_v3_long,run,20000.0,85,0.1225,0.308875,100000,100
etc_v3_long,run,20000.0,86,0.10356,0.2865125,100000,100
etc_v3_long,run,20000.0,87,0.09941,0.2769625,100000,100
etc_v3_long,run,20000.0,88,0.12951,0.311825,100000,100
etc_v3_long,run,20000.0,89,0.11469,0.3012375,100000,100
etc_v3_long,run,20000.0,90,0.10851,0.2953375,100000,100
etc_v3_long,run,20000.0,91,0.21663,0.425725,100000,100
etc_v3_long,run,20000.0,92,0.2729,0.4906125,100000,100
etc_v3_long,run,20000.0,93,0.1205,0.29665,100000,100
etc_v3_long,run,20000.0,94,0.12716,0.3025,100000,100
etc_v3_long,run,20000.0,95,0.1024,0.2927625,100000,100
etc_v3_long,run,20000.0,96,0.1002,0.2834875,100000,100
etc_v3_long,run,20000.0,97,0.12121,0.2957375,100000,100
etc_v3_long,run,20000.0,98,0.22726,0.4237,100000,100
etc_v3_long,run,20000.0,99,0.06198,0.229575,100000,100
etc_v3_long,run,40000.0,0,-0.03463,0.3395833333333333,100000,100
etc_v3_long,run,40000.0,1,0.01446,0.4358666666666667,100000,100
etc_v3_long,run,40000.0,2,-0.06824,0.3037166666666667,100000,100
etc_v3_long,run,40000.0,3,-0.05198,0.3309666666666667,100000,100
etc_v3_long,run,40000.0,4,-0.05615,0.3175666666666666,100000,100
etc_v3_long,run,40000.0,5,-0.05262,0.31415,100000,100
etc_v3_long,run,40000.0,6,-0.06236,0.31155,100000,100
etc_v3_long,run,40000.0,7,-0.06815,0.2951666666666667,100000,100
etc_v3_long,run,40000.0,8,-0.07517,0.27815,100000,100
etc_v3_long,run,40000.0,9,-0.05903,0.328,100000,100
etc_v3_long,run,40000.0,10,-0.05864,0.3082,100000,100
etc_v3_long,run,40000.0,11,-0.05556,0.3075333333333333,100000,100
etc_v3_long,run,40000.0,12,-0.109,0.2309,100000,100
etc_v3_long,run,40000.0,13,-0.08597,0.2824833333333333,100000,100
etc_v3_long,run,40000.0,14,-0.08321,0.30135,100000,100
etc_v3_long,run,40000.0,15,-0.0962,0.27005,100000,100
etc_v3_long,run,40000.0,16,-0.07964,0.2753166666666666,100000,100
etc_v3_long,run,40000.0,17,-0.05481,0.3238833333333333,100000,100
etc_v3_long,run,40000.0,18,-0.01233,0.37505,100000,100
etc_v3_long,run,40000.0,19,0.01203,0.4364333333333333,100000,100
etc_v3_long,run,40000.0,20,0.01778,0.4202,100000,100
etc_v3_long,run,40000.0,21,-0.05287,0.3362833333333333,100000,100
etc_v3_long,run,40000.0,22,-0.07404,0.2700166666666667,100000,100
etc_v3_long,run,40000.0,23,-0.08281,0.2750166666666667,100000,100
etc_v3_long,run,40000.0,24,-0.00596,0.3976666666666666,100000,100
etc_v3_long,run,40000.0,25,-0.00265,0.4045,100000,100
etc_v3_long,run,40000.0,26,-0.05266,0.3287,100000,100
etc_v3_long,run,40000.0,27,-0.05774,0.3451,100000,100
etc_v3_long,run,40000.0,28,-0.09637,0.2532,100000,100
etc_v3_long,run,40000.0,29,-0.08761,0.26,100000,100
etc_v3_long,run,40000.0,30,-0.04662,0.3213,100000,100
etc_v3_long,run,40000.0,31,-0.04019,0.3472666666666666,100000,100
etc_v3_long,run,40000.0,32,-0.05447,0.3155,100000,100
etc_v3_long,run,40000.0,33,-0.08628,0.2862333333333333,100000,100
etc_v3_long,run,40000.0,34,-0.06263,0.3013333333333333,100000,100
etc_v3_long,run,40000.0,35,-0.08305,0.2928333333333333,100000,100
etc_v3_long,run,40000.0,36,-0.05948,0.2978166666666667,100000,100
etc_v3_long,run,40000.0,37,-0.076,0.3005666666666666,100000,100
etc_v3_long,run,40000.0,38,-0.09833,0.2439166666666666,100000,100
etc_v3_long,run,40000.0,39,-0.04195,0.3268333333333333,100000,100
etc_v3_long,run,40000.0,40,-0.04981,0.3311166666666666,100000,100
etc_v3_long,run,40000.0,41,-0.05613,0.3096333333333333,100000,100
etc_v3_long,run,40000.0,42,-0.05648,0.30235,100000,100
etc_v3_long,run,40000.0,43,0.01904,0.4425666666666666,100000,100
etc_v3_long,run,40000.0,44,-0.08003,0.2714166666666666,100000,100
etc_v3_long,run,40000.0,45,-0.00374,0.4005166666666667,100000,100
etc_v3_long,run,40000.0,46,-0.02257,0.3969333333333333,100000,100
etc_v3_long,run,40000.0,47,-0.05496,0.33275,100000,100
etc_v3_long,run,40000.0,48,-0.09921,0.2312166666666666,100000,100
etc_v3_long,run,40000.0,49,-0.00466,0.4253833333333333,100000,100
etc_v3_long,run,40000.0,50,-0.07337,0.2885333333333333,100000,100
etc_v3_long,run,40000.0,51,-0.07539,0.2725666666666667,100000,100
etc_v3_long,run,40000.0,52,0.01263,0.4202666666666667,100000,100
etc_v3_long,run,40000.0,53,-0.01754,0.3831166666666666,100000,100
etc_v3_long,run,40000.0,54,-0.06438,0.3023666666666667,100000,100
etc_v3_long,run,40000.0,55,-0.03038,0.37815,100000,100
etc_v3_long,run,40000.0,56,-0.07492,0.2835333333333333,100000,100
etc_v3_long,run,40000.0,57,0.02676,0.4340666666666666,100000,100
etc_v3_long,run,40000.0,58,-0.06322,0.30235,100000,100
etc_v3_long,run,40000.0,59,-0.04473,0.3585,100000,100
etc_v3_long,run,40000.0,60,-0.06404,0.3006166666666666,100000,100
etc_v3_long,run,40000.0,61,-0.06545,0.30605,100000,100
etc_v3_long,run,40000.0,62,-0.08745,0.2894833333333333,100000,100
etc_v3_long,run,40000.0,63,-0.1163,0.21725,100000,100
etc_v3_long,run,40000.0,64,-0.09958,0.2535666666666666,100000,100
etc_v3_long,run,40000.0,65,0.00796,0.42685,100000,100
etc_v3_long,run,40000.0,66,-0.06391,0.29935,100000,100
etc_v3_long,run,40000.0,67,0.02552,0.4341166666666666,100000,100
etc_v3_long,run,40000.0,68,-0.04695,0.3396,100000,100
etc_v3_long,run,40000.0,69,0.00805,0.427,100000,100
etc_v3_long,run,40000.0,70,-0.04335,0.3368333333333333,100000,100
etc_v3_long,run,40000.0,71,-0.09218,0.2771333333333333,100000,100
etc_v3_long,run,40000.0,72,-0.09669,0.2560333333333333,100000,100
etc_v3_long,run,40000.0,73,-0.06993,0.307,100000,100
etc_v3_long,run,40000.0,74,-0.08182,0.2869666666666666,100000,100
etc_v3_long,run,40000.0,75,-0.07244,0.3023,100000,100
etc_v3_long,run,40000.0,76,-0.0058,0.4152,100000,100
etc_v3_long,run,40000.0,77,-0.06882,0.29615,100000,100
etc_v3_long,run,40000.0,78,-0.05867,0.3303166666666666,100000,100
etc_v3_long,run,40000.0,79,-0.07828,0.2612833333333333,100000,100
etc_v3_long,run,40000.0,80,-0.058,0.3027,100000,100
etc_v3_long,run,40000.0,81,-0.05504,0.3081666666666666,100000,100
etc_v3_long,run,40000.0,82,-0.07645,0.2789,100000,100
etc_v3_long,run,40000.0,83,0.01227,0.4261,100000,100
etc_v3_long,run,40000.0,84,0.01007,0.4102,100000,100
etc_v3_long,run,40000.0,85,-0.01702,0.4016666666666666,100000,100
etc_v3_long,run,40000.0,86,-0.04949,0.34835,100000,100
etc_v3_long,run,40000.0,87,-0.04879,0.3239333333333333,100000,100
etc_v3_long,run,40000.0,88,-0.04301,0.3268166666666666,100000,100
etc_v3_long,run,40000.0,89,-0.05143,0.3330666666666667,100000,100
etc_v3_long,run,40000.0,90,-0.06455,0.2934833333333333,100000,100
etc_v3_long,run,40000.0,91,-0.08413,0.2689166666666667,100000,100
etc_v3_long,run,40000.0,92,-0.04159,0.3465333333333333,100000,100
etc_v3_long,run,40000.0,93,-0.09952,0.2562666666666666,100000,100
etc_v3_long,run,40000.0,94,-0.0742,0.294,100000,100
etc_v3_long,run,40000.0,95,-0.12596,0.2309833333333333,100000,100
etc_v3_long,run,40000.0,96,-0.06413,0.2899166666666666,100000,100
etc_v3_long,run,40000.0,97,-0.05044,0.3393666666666666,100000,100
etc_v3_long,run,40000.0,98,-0.08316,0.284,100000,100
etc_v3_long,run,40000.0,99,-0.12979,0.2144833333333333,100000,100
etc_v3_long,run,60000.0,0,-0.24234,0.3232,100000,100
etc_v3_long,run,60000.0,1,-0.2462,0.3229,100000,100
etc_v3_long,run,60000.0,2,-0.2445,0.31905,100000,100
etc_v3_long,run,60000.0,3,-0.26472,0.294425,100000,100
etc_v3_long,run,60000.0,4,-0.21028,0.3528,100000,100
etc_v3_long,run,60000.0,5,-0.24561,0.309075,100000,100
etc_v3_long,run,60000.0,6,-0.2579,0.27905,100000,100
etc_v3_long,run,60000.0,7,-0.25624,0.3216,100000,100
etc_v3_long,run,60000.0,8,-0.26434,0.288,100000,100
etc_v3_long,run,60000.0,9,-0.24064,0.314475,100000,100
etc_v3_long,run,60000.0,10,-0.2274,0.3232,100000,100
etc_v3_long,run,60000.0,11,-0.25774,0.304675,100000,100
etc_v3_long,run,60000.0,12,-0.26481,0.268175,100000,100
etc_v3_long,run,60000.0,13,-0.26181,0.270525,100000,100
etc_v3_long,run,60000.0,14,-0.25141,0.304075,100000,100
etc_v3_long,run,60000.0,15,-0.25244,0.266075,100000,100
etc_v3_long,run,60000.0,16,-0.25637,0.26065,100000,100
etc_v3_long,run,60000.0,17,-0.23149,0.339375,100000,100
etc_v3_long,run,60000.0,18,-0.26466,0.27965,100000,100
etc_v3_long,run,60000.0,19,-0.26976,0.263675,100000,100
etc_v3_long,run,60000.0,20,-0.20978,0.418925,100000,100
etc_v3_long,run,60000.0,21,-0.24962,0.296675,100000,100
etc_v3_long,run,60000.0,22,-0.26298,0.27935,100000,100
etc_v3_long,run,60000.0,23,-0.22252,0.4066,100000,100
etc_v3_long,run,60000.0,24,-0.23679,0.346075,100000,100
etc_v3_long,run,60000.0,25,-0.25047,0.300775,100000,100
etc_v3_long,run,60000.0,26,-0.23775,0.314625,100000,100
etc_v3_long,run,60000.0,27,-0.25508,0.259175,100000,100
etc_v3_long,run,60000.0,28,-0.2688,0.2839,100000,100
etc_v3_long,run,60000.0,29,-0.24896,0.277375,100000,100
etc_v3_long,run,60000.0,30,-0.27351,0.284075,100000,100
etc_v3_long,run,60000.0,31,-0.21737,0.394875,100000,100
etc_v3_long,run,60000.0,32,-0.21994,0.35725,100000,100
etc_v3_long,run,60000.0,33,-0.22404,0.336725,100000,100
etc_v3_long,run,60000.0,34,-0.24877,0.306375,100000,100
etc_v3_long,run,60000.0,35,-0.21368,0.348925,100000,100
etc_v3_long,run,60000.0,36,-0.2243,0.388225,100000,100
etc_v3_long,run,60000.0,37,-0.24127,0.32505,100000,100
etc_v3_long,run,60000.0,38,-0.19161,0.43415,100000,100
etc_v3_long,run,60000.0,39,-0.26205,0.28875,100000,100
etc_v3_long,run,60000.0,40,-0.25597,0.323625,100000,100
etc_v3_long,run,60000.0,41,-0.25277,0.2919,100000,100
etc_v3_long,run,60000.0,42,-0.24221,0.374575,100000,100
etc_v3_long,run,60000.0,43,-0.21057,0.397725,100000,100
etc_v3_long,run,60000.0,44,-0.26537,0.276575,100000,100
etc_v3_long,run,60000.0,45,-0.20134,0.41405,100000,100
etc_v3_long,run,60000.0,46,-0.23052,0.32405,100000,100
etc_v3_long,run,60000.0,47,-0.26802,0.251325,100000,100
etc_v3_long,run,60000.0,48,-0.22803,0.3451,100000,100
etc_v3_long,run,60000.0,49,-0.25917,0.29515,100000,100
etc_v3_long,run,60000.0,50,-0.2586,0.299175,100000,100
etc_v3_long,run,60000.0,51,-0.24619,0.3299,100000,100
etc_v3_long,run,60000.0,52,-0.26316,0.281575,100000,100
etc_v3_long,run,60000.0,53,-0.26902,0.291525,100000,100
etc_v3_long,run,60000.0,54,-0.25376,0.297525,100000,100
etc_v3_long,run,60000.0,55,-0.24455,0.3057,100000,100
etc_v3_long,run,60000.0,56,-0.18664,0.46215,100000,100
etc_v3_long,run,60000.0,57,-0.20393,0.3732,100000,100
etc_v3_long,run,60000.0,58,-0.22604,0.38525,100000,100
etc_v3_long,run,60000.0,59,-0.24578,0.303225,100000,100
etc_v3_long,run,60000.0,60,-0.20813,0.424425,100000,100
etc_v3_long,run,60000.0,61,-0.28313,0.20575,100000,100
etc_v3_long,run,60000.0,62,-0.25555,0.304425,100000,100
etc_v3_long,run,60000.0,63,-0.25929,0.284575,100000,100
etc_v3_long,run,60000.0,64,-0.22738,0.334025,100000,100
etc_v3_long,run,60000.0,65,-0.25402,0.302275,100000,100
etc_v3_long,run,60000.0,66,-0.23,0.38265,100000,100
etc_v3_long,run,60000.0,67,-0.26324,0.277725,100000,100
etc_v3_long,run,60000.0,68,-0.21739,0.3309,100000,100
etc_v3_long,run,60000.0,69,-0.27067,0.241025,100000,100
etc_v3_long,run,60000.0,70,-0.22952,0.356525,100000,100
etc_v3_long,run,60000.0,71,-0.23776,0.327075,100000,100
etc_v3_long,run,60000.0,72,-0.26815,0.307325,100000,100
etc_v3_long,run,60000.0,73,-0.26836,0.2681,100000,100
etc_v3_long,run,60000.0,74,-0.2313,0.307025,100000,100
etc_v3_long,run,60000.0,75,-0.27273,0.271425,100000,100
etc_v3_long,run,60000.0,76,-0.2654,0.26715,100000,100
etc_v3_long,run,60000.0,77,-0.26054,0.280525,100000,100
etc_v3_long,run,60000.0,78,-0.24392,0.28665,100000,100
etc_v3_long,run,60000.0,79,-0.23873,0.291825,100000,100
etc_v3_long,run,60000.0,80,-0.18803,0.414425,100000,100
etc_v3_long,run,60000.0,81,-0.28079,0.292925,100000,100
etc_v3_long,run,60000.0,82,-0.22824,0.33245,100000,100
etc_v3_long,run,60000.0,83,-0.24155,0.3205,100000,100
etc_v3_long,run,60000.0,84,-0.22795,0.349175,100000,100
etc_v3_long,run,60000.0,85,-0.26539,0.2853,100000,100
etc_v3_long,run,60000.0,86,-0.27202,0.27035,100000,100
etc_v3_long,run,60000.0,87,-0.22505,0.3178,100000,100
etc_v3_long,run,60000.0,88,-0.26934,0.3058,100000,100
etc_v3_long,run,60000.0,89,-0.2518,0.2655,100000,100
etc_v3_long,run,60000.0,90,-0.20297,0.3857,100000,100
etc_v3_long,run,60000.0,91,-0.28509,0.215875,100000,100
etc_v3_long,run,60000.0,92,-0.187,0.386975,100000,100
etc_v3_long,run,60000.0,93,-0.25897,0.281725,100000,100
etc_v3_long,run,60000.0,94,-0.24141,0.301,100000,100
etc_v3_long,run,60000.0,95,-0.27612,0.292975,100000,100
etc_v3_long,run,60000.0,96,-0.24054,0.34,100000,100
etc_v3_long,run,60000.0,97,-0.23215,0.3583,100000,100
etc_v3_long,run,60000.0,98,-0.24275,0.31265,100000,100
etc_v3_long,run,60000.0,99,-0.23343,0.330375,100000,100
etc_v3_long,run,80000.0,0,-0.42486,0.32975,100000,100
etc_v3_long,run,80000.0,1,-0.43389,0.28415,100000,100
etc_v3_long,run,80000.0,2,-0.40417,0.44985,100000,100
etc_v3_long,run,80000.0,3,-0.41878,0.3349,100000,100
etc_v3_long,run,80000.0,4,-0.45149,0.28065,100000,100
etc_v3_long,run,80000.0,5,-0.44362,0.3257,100000,100
etc_v3_long,run,80000.0,6,-0.41384,0.3546,100000,100
etc_v3_long,run,80000.0,7,-0.45319,0.2356,100000,100
etc_v3_long,run,80000.0,8,-0.44265,0.2904,100000,100
etc_v3_long,run,80000.0,9,-0.44544,0.2571,100000,100
etc_v3_long,run,80000.0,10,-0.4216,0.3511,100000,100
etc_v3_long,run,80000.0,11,-0.41471,0.3614,100000,100
etc_v3_long,run,80000.0,12,-0.44578,0.23175,100000,100
etc_v3_long,run,80000.0,13,-0.43044,0.3206,100000,100
etc_v3_long,run,80000.0,14,-0.40887,0.37775,100000,100
etc_v3_long,run,80000.0,15,-0.45104,0.2277,100000,100
etc_v3_long,run,80000.0,16,-0.43643,0.31365,100000,100
etc_v3_long,run,80000.0,17,-0.4171,0.34025,100000,100
etc_v3_long,run,80000.0,18,-0.42591,0.34105,100000,100
etc_v3_long,run,80000.0,19,-0.42983,0.2518,100000,100
etc_v3_long,run,80000.0,20,-0.44116,0.28205,100000,100
etc_v3_long,run,80000.0,21,-0.41842,0.3373,100000,100
etc_v3_long,run,80000.0,22,-0.42329,0.33325,100000,100
etc_v3_long,run,80000.0,23,-0.4234,0.3173,100000,100
etc_v3_long,run,80000.0,24,-0.4344,0.2835,100000,100
etc_v3_long,run,80000.0,25,-0.42005,0.4024,100000,100
etc_v3_long,run,80000.0,26,-0.42601,0.27565,100000,100
etc_v3_long,run,80000.0,27,-0.41866,0.30445,100000,100
etc_v3_long,run,80000.0,28,-0.43908,0.3073,100000,100
etc_v3_long,run,80000.0,29,-0.41664,0.30605,100000,100
etc_v3_long,run,80000.0,30,-0.40551,0.402,100000,100
etc_v3_long,run,80000.0,31,-0.44922,0.26555,100000,100
etc_v3_long,run,80000.0,32,-0.44349,0.2939,100000,100
etc_v3_long,run,80000.0,33,-0.42331,0.3391,100000,100
etc_v3_long,run,80000.0,34,-0.4444,0.33755,100000,100
etc_v3_long,run,80000.0,35,-0.43221,0.285,100000,100
etc_v3_long,run,80000.0,36,-0.45135,0.24395,100000,100
etc_v3_long,run,80000.0,37,-0.39427,0.38215,100000,100
etc_v3_long,run,80000.0,38,-0.39078,0.4395,100000,100
etc_v3_long,run,80000.0,39,-0.45495,0.2735,100000,100
etc_v3_long,run,80000.0,40,-0.44264,0.2833,100000,100
etc_v3_long,run,80000.0,41,-0.43966,0.32505,100000,100
etc_v3_long,run,80000.0,42,-0.43431,0.28575,100000,100
etc_v3_long,run,80000.0,43,-0.37871,0.4625,100000,100
etc_v3_long,run,80000.0,44,-0.3779,0.46645,100000,100
etc_v3_long,run,80000.0,45,-0.45543,0.207,100000,100
etc_v3_long,run,80000.0,46,-0.42499,0.26915,100000,100
etc_v3_long,run,80000.0,47,-0.42662,0.32045,100000,100
etc_v3_long,run,80000.0,48,-0.4421,0.2723,100000,100
etc_v3_long,run,80000.0,49,-0.42351,0.3192,100000,100
etc_v3_long,run,80000.0,50,-0.41695,0.39965,100000,100
etc_v3_long,run,80000.0,51,-0.42577,0.3394,100000,100
etc_v3_long,run,80000.0,52,-0.43497,0.32125,100000,100
etc_v3_long,run,80000.0,53,-0.42287,0.3047,100000,100
etc_v3_long,run,80000.0,54,-0.44711,0.26065,100000,100
etc_v3_long,run,80000.0,55,-0.43594,0.25285,100000,100
etc_v3_long,run,80000.0,56,-0.39624,0.41405,100000,100
etc_v3_long,run,80000.0,57,-0.40566,0.4083,100000,100
etc_v3_long,run,80000.0,58,-0.44196,0.31935,100000,100
etc_v3_long,run,80000.0,59,-0.44968,0.2183,100000,100
etc_v3_long,run,80000.0,60,-0.43964,0.3035,100000,100
etc_v3_long,run,80000.0,61,-0.42487,0.29125,100000,100
etc_v3_long,run,80000.0,62,-0.45972,0.33115,100000,100
etc_v3_long,run,80000.0,63,-0.42639,0.29435,100000,100
etc_v3_long,run,80000.0,64,-0.40648,0.4317,100000,100
etc_v3_long,run,80000.0,65,-0.4587,0.2942,100000,100
etc_v3_long,run,80000.0,66,-0.40165,0.44535,100000,100
etc_v3_long,run,80000.0,67,-0.41044,0.4379,100000,100
etc_v3_long,run,80000.0,68,-0.42447,0.30725,100000,100
etc_v3_long,run,80000.0,69,-0.44075,0.32935,100000,100
etc_v3_long,run,80000.0,70,-0.45819,0.23645,100000,100
etc_v3_long,run,80000.0,71,-0.42776,0.3651,100000,100
etc_v3_long,run,80000.0,72,-0.43587,0.2753,100000,100
etc_v3_long,run,80000.0,73,-0.45314,0.31095,100000,100
etc_v3_long,run,80000.0,74,-0.44275,0.35365,100000,100
etc_v3_long,run,80000.0,75,-0.43944,0.32695,100000,100
etc_v3_long,run,80000.0,76,-0.46726,0.265,100000,100
etc_v3_long,run,80000.0,77,-0.43118,0.33525,100000,100
etc_v3_long,run,80000.0,78,-0.43589,0.3058,100000,100
etc_v3_long,run,80000.0,79,-0.44264,0.3181,100000,100
etc_v3_long,run,80000.0,80,-0.44591,0.3027,100000,100
etc_v3_long,run,80000.0,81,-0.35658,0.5299,100000,100
etc_v3_long,run,80000.0,82,-0.4119,0.3518,100000,100
etc_v3_long,run,80000.0,83,-0.44328,0.27845,100000,100
etc_v3_long,run,80000.0,84,-0.44449,0.2243,100000,100
etc_v3_long,run,80000.0,85,-0.43132,0.28115,100000,100
etc_v3_long,run,80000.0,86,-0.41063,0.29655,100000,100
etc_v3_long,run,80000.0,87,-0.42393,0.2978,100000,100
etc_v3_long,run,80000.0,88,-0.42734,0.34795,100000,100
etc_v3_long,run,80000.0,89,-0.43668,0.29905,100000,100
etc_v3_long,run,80000.0,90,-0.42639,0.33115,100000,100
etc_v3_long,run,80000.0,91,-0.43101,0.36885,100000,100
etc_v3_long,run,80000.0,92,-0.45544,0.30995,100000,100
etc_v3_long,run,80000.0,93,-0.42156,0.3169,100000,100
etc_v3_long,run,80000.0,94,-0.44726,0.2436,100000,100
etc_v3_long,run,80000.0,95,-0.42463,0.26975,100000,100
etc_v3_long,run,80000.0,96,-0.40542,0.43565,100000,100
etc_v3_long,run,80000.0,97,-0.4324,0.3473,100000,100
etc_v3_long,run,80000.0,98,-0.43062,0.35595,100000,100
etc_v3_long,run,80000.0,99,-0.45491,0.29375,100000,100
etc_v3_thresh2,run,100.0,0,-0.71975,-0.7202202202202203,100000,100
etc_v3_thresh2,run,100.0,1,-1.08925,-1.0895495495495495,100000,100
etc_v3_thresh2,run,100.0,2,-0.27267,-0.27194194194194193,100000,100
etc_v3_thresh2,run,100.0,3,-0.71852,-0.7197697697697698,100000,100
etc_v3_thresh2,run,100.0,4,-0.34723,-0.346966966966967,100000,100
etc_v3_thresh2,run,100.0,5,-0.96936,-0.9698998998998999,100000,100
etc_v3_thresh2,run,100.0,6,-0.356,-0.3554854854854855,100000,100
etc_v3_thresh2,run,100.0,7,-0.21751,-0.21724724724724725,100000,100
etc_v3_thresh2,run,100.0,8,-0.43682,-0.43721721721721724,100000,100
etc_v3_thresh2,run,100.0,9,-0.1534,-0.1528128128128128,100000,100
etc_v3_thresh2,run,100.0,10,-0.26741,-0.26714714714714716,100000,100
etc_v3_thresh2,run,100.0,11,-1.00124,-1.0012212212212213,100000,100
etc_v3_thresh2,run,100.0,12,-0.88338,-0.8842042042042042,100000,100
etc_v3_thresh2,run,100.0,13,-0.30719,-0.3067767767767768,100000,100
etc_v3_thresh2,run,100.0,14,-0.62259,-0.6227827827827828,100000,100
etc_v3_thresh2,run,100.0,15,-0.33725,-0.3371071071071071,100000,100
etc_v3_thresh2,run,100.0,16,-0.67673,-0.6767167167167167,100000,100
etc_v3_thresh2,run,100.0,17,-0.29811,-0.29754754754754753,100000,100
etc_v3_thresh2,run,100.0,18,-0.21953,-0.2187987987987988,100000,100
etc_v3_thresh2,run,100.0,19,-0.44776,-0.44803803803803804,100000,100
etc_v3_thresh2,run,100.0,20,-0.58279,-0.5825125125125125,100000,100
etc_v3_thresh2,run,100.0,21,-0.71722,-0.7178378378378378,100000,100
etc_v3_thresh2,run,100.0,22,-0.01892,-0.01883883883883884,100000,100
etc_v3_thresh2,run,100.0,23,-0.99297,-0.9931131131131131,100000,100
etc_v3_thresh2,run,100.0,24,-0.27948,-0.27877877877877877,100000,100
etc_v3_thresh2,run,100.0,25,-0.62482,-0.6258558558558559,100000,100
etc_v3_thresh2,run,100.0,26,-0.14918,-0.14922922922922924,100000,100
etc_v3_thresh2,run,100.0,27,-0.65604,-0.6565365365365365,100000,100
etc_v3_thresh2,run,100.0,28,-0.47197,-0.47242242242242244,100000,100
etc_v3_thresh2,run,100.0,29,-0.50702,-0.506996996996997,100000,100
etc_v3_thresh2,run,100.0,30,-1.08774,-1.0871771771771772,100000,100
etc_v3_thresh2,run,100.0,31,-0.32213,-0.3222722722722723,100000,100
etc_v3_thresh2,run,100.0,32,-0.80719,-0.807037037037037,100000,100
etc_v3_thresh2,run,100.0,33,-0.27448,-0.27466466466466466,100000,100
etc_v3_thresh2,run,100.0,34,-0.17112,-0.17085085085085086,100000,100
etc_v3_thresh2,run,100.0,35,-0.44866,-0.4482282282282282,100000,100
etc_v3_thresh2,run,100.0,36,-0.47919,-0.47926926926926927,100000,100
etc_v3_thresh2,run,100.0,37,-0.13115,-0.13005005005005005,100000,100
etc_v3_thresh2,run,100.0,38,-0.73401,-0.7344444444444445,100000,100
etc_v3_thresh2,run,100.0,39,-0.33093,-0.3309109109109109,100000,100
etc_v3_thresh2,run,100.0,40,-0.93247,-0.9332632632632633,100000,100
etc_v3_thresh2,run,100.0,41,-0.18843,-0.18795795795795797,100000,100
etc_v3_thresh2,run,100.0,42,-1.04293,-1.0434234234234234,100000,100
etc_v3_thresh2,run,100.0,43,-0.15789,-0.1572172172172172,100000,100
etc_v3_thresh2,run,100.0,44,-0.4707,-0.47114114114114114,100000,100
etc_v3_thresh2,run,100.0,45,-0.54553,-0.5451651651651651,100000,100
etc_v3_thresh2,run,100.0,46,-0.23088,-0.23037037037037036,100000,100
etc_v3_thresh2,run,100.0,47,-0.34274,-0.34233233233233235,100000,100
etc_v3_thresh2,run,100.0,48,-0.85636,-0.856936936936937,100000,100
etc_v3_thresh2,run,100.0,49,-0.92288,-0.922962962962963,100000,100
etc_v3_thresh2,run,100.0,50,-0.61519,-0.6152152152152152,100000,100
etc_v3_thresh2,run,100.0,51,-0.12687,-0.12651651651651652,100000,100
etc_v3_thresh2,run,100.0,52,-0.42561,-0.4242542542542543,100000,100
etc_v3_thresh2,run,100.0,53,-0.63577,-0.6362262262262263,100000,100
etc_v3_thresh2,run,100.0,54,-0.29405,-0.293013013013013,100000,100
etc_v3_thresh2,run,100.0,55,-0.41353,-0.414004004004004,100000,100
etc_v3_thresh2,run,100.0,56,-0.31466,-0.3144244244244244,100000,100
etc_v3_thresh2,run,100.0,57,-0.93885,-0.9393893893893894,100000,100
etc_v3_thresh2,run,100.0,58,-0.28093,-0.28005005005005007,100000,100
etc_v3_thresh2,run,100.0,59,-0.28042,-0.2801901901901902,100000,100
etc_v3_thresh2,run,100.0,60,-0.44129,-0.44096096096096093,100000,100
etc_v3_thresh2,run,100.0,61,-0.46353,-0.46298298298298296,100000,100
etc_v3_thresh2,run,100.0,62,-0.69622,-0.6965365365365366,100000,100
etc_v3_thresh2,run,100.0,63,-0.55923,-0.5590490490490491,100000,100
etc_v3_thresh2,run,100.0,64,-0.57675,-0.5766666666666667,100000,100
etc_v3_thresh2,run,100.0,65,-0.55948,-0.5584384384384384,100000,100
etc_v3_thresh2,run,100.0,66,-0.3729,-0.3731231231231231,100000,100
etc_v3_thresh2,run,100.0,67,-0.24073,-0.23962962962962964,100000,100
etc_v3_thresh2,run,100.0,68,-0.4284,-0.4278978978978979,100000,100
etc_v3_thresh2,run,100.0,69,-0.5409,-0.5404404404404405,100000,100
etc_v3_thresh2,run,100.0,70,-0.56796,-0.5674874874874875,100000,100
etc_v3_thresh2,run,100.0,71,-0.63327,-0.6323923923923924,100000,100
etc_v3_thresh2,run,100.0,72,-0.26074,-0.26077077077077077,100000,100
etc_v3_thresh2,run,100.0,73,-0.42807,-0.4281181181181181,100000,100
etc_v3_thresh2,run,100.0,74,-0.40388,-0.40378378378378377,100000,100
etc_v3_thresh2,run,100.0,75,-0.16396,-0.16262262262262261,100000,100
etc_v3_thresh2,run,100.0,76,-0.11266,-0.11288288288288288,100000,100
etc_v3_thresh2,run,100.0,77,-0.14562,-0.14497497497497497,100000,100
etc_v3_thresh2,run,100.0,78,-1.15728,-1.157957957957958,100000,100
etc_v3_thresh2,run,100.0,79,-0.52551,-0.5251451451451451,100000,100
etc_v3_thresh2,run,100.0,80,-0.80773,-0.8071571571571572,100000,100
etc_v3_thresh2,run,100.0,81,-0.11052,-0.11083083083083083,100000,100
etc_v3_thresh2,run,100.0,82,-0.45431,-0.4541341341341341,100000,100
etc_v3_thresh2,run,100.0,83,-1.20749,-1.2085885885885885,100000,100
etc_v3_thresh2,run,100.0,84,-0.3511,-0.35135135135135137,100000,100
etc_v3_thresh2,run,100.0,85,-0.18948,-0.18868868868868868,100000,100
etc_v3_thresh2,run,100.0,86,-0.41778,-0.41718718718718717,100000,100
etc_v3_thresh2,run,100.0,87,-0.7824,-0.7821021021021021,100000,100
etc_v3_thresh2,run,100.0,88,-0.12427,-0.12382382382382383,100000,100
etc_v3_thresh2,run,100.0,89,-0.38709,-0.3867167167167167,100000,100
etc_v3_thresh2,run,100.0,90,-1.3817,-1.3822422422422422,100000,100
etc_v3_thresh2,run,100.0,91,-0.41619,-0.41598598598598596,100000,100
etc_v3_thresh2,run,100.0,92,-0.1598,-0.158998998998999,100000,100
etc_v3_thresh2,run,100.0,93,-0.3978,-0.3976276276276276,100000,100
etc_v3_thresh2,run,100.0,94,-0.17839,-0.17664664664664664,100000,100
etc_v3_thresh2,run,100.0,95,-0.48986,-0.49011011011011013,100000,100
etc_v3_thresh2,run,100.0,96,-0.13259,-0.1332832832832833,100000,100
etc_v3_thresh2,run,100.0,97,0.11017,0.11081081081081082,100000,100
etc_v3_thresh2,run,100.0,98,0.02214,0.022632632632632634,100000,100
etc_v3_thresh2,run,100.0,99,-0.59212,-0.591001001001001,100000,100
etc_v3_thresh2,run,500.0,0,-0.11413,-0.11230150753768844,100000,100
etc_v3_thresh2,run,500.0,1,0.01211,0.014120603015075377,100000,100
etc_v3_thresh2,run,500.0,2,-0.30414,-0.3022613065326633,100000,100
etc_v3_thresh2,run,500.0,3,0.09067,0.09456281407035176,100000,100
etc_v3_thresh2,run,500.0,4,0.08407,0.08871356783919598,100000,100
etc_v3_thresh2,run,500.0,5,-0.33168,-0.3310452261306533,100000,100
etc_v3_thresh2,run,500.0,6,-0.02206,-0.019457286432160804,100000,100
etc_v3_thresh2,run,500.0,7,0.04404,0.04704522613065327,100000,100
etc_v3_thresh2,run,500.0,8,-0.23721,-0.23511557788944723,100000,100
etc_v3_thresh2,run,500.0,9,-0.92124,-0.9232261306532663,100000,100
etc_v3_thresh2,run,500.0,10,-0.04962,-0.04849246231155779,100000,100
etc_v3_thresh2,run,500.0,11,0.08237,0.08312562814070351,100000,100
etc_v3_thresh2,run,500.0,12,-0.04379,-0.04020100502512563,100000,100
etc_v3_thresh2,run,500.0,13,0.10052,0.10333668341708542,100000,100
etc_v3_thresh2,run,500.0,14,-0.03971,-0.036331658291457285,100000,100
etc_v3_thresh2,run,500.0,15,-0.06898,-0.06678391959798995,100000,100
etc_v3_thresh2,run,500.0,16,-0.19149,-0.187678391959799,100000,100
etc_v3_thresh2,run,500.0,17,-0.18231,-0.17884422110552764,100000,100
etc_v3_thresh2,run,500.0,18,-0.08958,-0.08651256281407035,100000,100
etc_v3_thresh2,run,500.0,19,-0.69152,-0.6914673366834171,100000,100
etc_v3_thresh2,run,500.0,20,-0.0167,-0.015155778894472362,100000,100
etc_v3_thresh2,run,500.0,21,0.0834,0.08803015075376884,100000,100
etc_v3_thresh2,run,500.0,22,-0.02512,-0.022763819095477388,100000,100
etc_v3_thresh2,run,500.0,23,0.16895,0.17213065326633165,100000,100
etc_v3_thresh2,run,500.0,24,-0.38237,-0.3814974874371859,100000,100
etc_v3_thresh2,run,500.0,25,0.0375,0.04044221105527638,100000,100
etc_v3_thresh2,run,500.0,26,-0.14272,-0.14,100000,100
etc_v3_thresh2,run,500.0,27,-0.05942,-0.05680402010050251,100000,100
etc_v3_thresh2,run,500.0,28,-0.0714,-0.06899497487437185,100000,100
etc_v3_thresh2,run,500.0,29,-0.3614,-0.36111557788944726,100000,100
etc_v3_thresh2,run,500.0,30,0.00956,0.01478391959798995,100000,100
etc_v3_thresh2,run,500.0,31,-0.18323,-0.1812964824120603,100000,100
etc_v3_thresh2,run,500.0,32,-0.14215,-0.14130653266331658,100000,100
etc_v3_thresh2,run,500.0,33,-0.30553,-0.3020603015075377,100000,100
etc_v3_thresh2,run,500.0,34,-0.05005,-0.048251256281407036,100000,100
etc_v3_thresh2,run,500.0,35,-0.33718,-0.3357889447236181,100000,100
etc_v3_thresh2,run,500.0,36,0.06727,0.07009045226130653,100000,100
etc_v3_thresh2,run,500.0,37,-0.16917,-0.16680402010050252,100000,100
etc_v3_thresh2,run,500.0,38,-0.24583,-0.2444924623115578,100000,100
etc_v3_thresh2,run,500.0,39,0.12967,0.1336180904522613,100000,100
etc_v3_thresh2,run,500.0,40,-0.61273,-0.6101005025125628,100000,100
etc_v3_thresh2,run,500.0,41,-0.389,-0.387356783919598,100000,100
etc_v3_thresh2,run,500.0,42,0.02906,0.03315577889447236,100000,100
etc_v3_thresh2,run,500.0,43,0.14355,0.14726633165829145,100000,100
etc_v3_thresh2,run,500.0,44,0.09366,0.09618090452261306,100000,100
etc_v3_thresh2,run,500.0,45,-0.01751,-0.0144321608040201,100000,100
etc_v3_thresh2,run,500.0,46,-0.10641,-0.10359798994974874,100000,100
etc_v3_thresh2,run,500.0,47,-0.37034,-0.36797989949748744,100000,100
etc_v3_thresh2,run,500.0,48,-0.1817,-0.1802211055276382,100000,100
etc_v3_thresh2,run,500.0,49,0.27867,0.28489447236180904,100000,100
etc_v3_thresh2,run,500.0,50,-0.21393,-0.21300502512562813,100000,100
etc_v3_thresh2,run,500.0,51,0.27598,0.2807939698492462,100000,100
etc_v3_thresh2,run,500.0,52,-0.18708,-0.18460301507537688,100000,100
etc_v3_thresh2,run,500.0,53,0.19805,0.20050251256281407,100000,100
etc_v3_thresh2,run,500.0,54,-0.55838,-0.5592261306532663,100000,100
etc_v3_thresh2,run,500.0,55,0.13094,0.13543718592964823,100000,100
etc_v3_thresh2,run,500.0,56,-0.12267,-0.11997989949748744,100000,100
etc_v3_thresh2,run,500.0,57,-0.04109,-0.03876381909547739,100000,100
etc_v3_thresh2,run,500.0,58,0.3089,0.3140804020100503,100000,100
etc_v3_thresh2,run,500.0,59,-0.2919,-0.28921608040201,100000,100
etc_v3_thresh2,run,500.0,60,-0.04329,-0.04142713567839196,100000,100
etc_v3_thresh2,run,500.0,61,-0.12621,-0.12284422110552763,100000,100
etc_v3_thresh2,run,500.0,62,0.10944,0.1104321608040201,100000,100
etc_v3_thresh2,run,500.0,63,-0.24661,-0.24553768844221105,100000,100
etc_v3_thresh2,run,500.0,64,-0.16143,-0.15922613065326632,100000,100
etc_v3_thresh2,run,500.0,65,-0.01133,-0.0073266331658291455,100000,100
etc_v3_thresh2,run,500.0,66,-0.09219,-0.09008040201005026,100000,100
etc_v3_thresh2,run,500.0,67,0.26323,0.2674773869346734,100000,100
etc_v3_thresh2,run,500.0,68,0.10876,0.11068341708542713,100000,100
etc_v3_thresh2,run,500.0,69,-0.17852,-0.1768040201005025,100000,100
etc_v3_thresh2,run,500.0,70,0.15871,0.16128643216080402,100000,100
etc_v3_thresh2,run,500.0,71,0.2318,0.23448241206030151,100000,100
etc_v3_thresh2,run,500.0,72,0.05932,0.06357788944723618,100000,100
etc_v3_thresh2,run,500.0,73,-0.4514,-0.45263316582914576,100000,100
etc_v3_thresh2,run,500.0,74,0.0919,0.09496482412060302,100000,100
etc_v3_thresh2,run,500.0,75,0.08082,0.08407035175879397,100000,100
etc_v3_thresh2,run,500.0,76,-0.04837,-0.047226130653266335,100000,100
etc_v3_thresh2,run,500.0,77,-0.34154,-0.3391959798994975,100000,100
etc_v3_thresh2,run,500.0,78,-0.50544,-0.5057185929648241,100000,100
etc_v3_thresh2,run,500.0,79,-0.32002,-0.3185025125628141,100000,100
etc_v3_thresh2,run,500.0,80,0.00589,0.009195979899497487,100000,100
etc_v3_thresh2,run,500.0,81,0.06678,0.0688140703517588,100000,100
etc_v3_thresh2,run,500.0,82,0.12361,0.12732663316582915,100000,100
etc_v3_thresh2,run,500.0,83,0.0915,0.09489447236180905,100000,100
etc_v3_thresh2,run,500.0,84,-0.2196,-0.21684422110552765,100000,100
etc_v3_thresh2,run,500.0,85,-0.2771,-0.2755577889447236,100000,100
etc_v3_thresh2,run,500.0,86,0.18833,0.19236180904522612,100000,100
etc_v3_thresh2,run,500.0,87,0.07164,0.0779497487437186,100000,100
etc_v3_thresh2,run,500.0,88,-0.02269,-0.020231155778894474,100000,100
etc_v3_thresh2,run,500.0,89,0.16008,0.16414070351758794,100000,100
etc_v3_thresh2,run,500.0,90,0.05731,0.05992964824120603,100000,100
etc_v3_thresh2,run,500.0,91,0.11222,0.1163819095477387,100000,100
etc_v3_thresh2,run,500.0,92,0.05041,0.0534070351758794,100000,100
etc_v3_thresh2,run,500.0,93,0.15332,0.157035175879397,100000,100
etc_v3_thresh2,run,500.0,94,0.13202,0.1358391959798995,100000,100
etc_v3_thresh2,run,500.0,95,-0.00714,-0.004874371859296483,100000,100
etc_v3_thresh2,run,500.0,96,0.22972,0.23439195979899496,100000,100
etc_v3_thresh2,run,500.0,97,0.16024,0.16300502512562814,100000,100
etc_v3_thresh2,run,500.0,98,0.30182,0.3066532663316583,100000,100
etc_v3_thresh2,run,500.0,99,-0.50812,-0.507105527638191,100000,100
etc_v3_thresh2,run,1000.0,0,0.24346,0.2506868686868687,100000,100
etc_v3_thresh2,run,1000.0,1,-0.26617,-0.26325252525252524,100000,100
etc_v3_thresh2,run,1000.0,2,-0.10917,-0.104989898989899,100000,100
etc_v3_thresh2,run,1000.0,3,-0.32509,-0.32476767676767676,100000,100
etc_v3_thresh2,run,1000.0,4,-0.13287,-0.12813131313131312,100000,100
etc_v3_thresh2,run,1000.0,5,0.05188,0.06104040404040404,100000,100
etc_v3_thresh2,run,1000.0,6,0.04288,0.04913131313131313,100000,100
etc_v3_thresh2,run,1000.0,7,0.19967,0.20563636363636364,100000,100
etc_v3_thresh2,run,1000.0,8,0.314,0.32412121212121214,100000,100
etc_v3_thresh2,run,1000.0,9,0.15967,0.16757575757575757,100000,100
etc_v3_thresh2,run,1000.0,10,0.17083,0.17946464646464647,100000,100
etc_v3_thresh2,run,1000.0,11,0.32307,0.33105050505050504,100000,100
etc_v3_thresh2,run,1000.0,12,0.25066,0.26022222222222224,100000,100
etc_v3_thresh2,run,1000.0,13,-0.10489,-0.10056565656565657,100000,100
etc_v3_thresh2,run,1000.0,14,0.235,0.24346464646464647,100000,100
etc_v3_thresh2,run,1000.0,15,-0.00661,-0.0001313131313131313,100000,100
etc_v3_thresh2,run,1000.0,16,0.21886,0.2275151515151515,100000,100
etc_v3_thresh2,run,1000.0,17,0.21823,0.22645454545454546,100000,100
etc_v3_thresh2,run,1000.0,18,0.18449,0.18992929292929292,100000,100
etc_v3_thresh2,run,1000.0,19,0.23694,0.2440808080808081,100000,100
etc_v3_thresh2,run,1000.0,20,0.18886,0.19528282828282828,100000,100
etc_v3_thresh2,run,1000.0,21,0.13581,0.1454040404040404,100000,100
etc_v3_thresh2,run,1000.0,22,0.10296,0.10923232323232324,100000,100
etc_v3_thresh2,run,1000.0,23,0.00887,0.016676767676767675,100000,100
etc_v3_thresh2,run,1000.0,24,0.17138,0.17706060606060606,100000,100
etc_v3_thresh2,run,1000.0,25,-0.0212,-0.015343434343434343,100000,100
etc_v3_thresh2,run,1000.0,26,0.32403,0.3354242424242424,100000,100
etc_v3_thresh2,run,1000.0,27,0.31475,0.3227878787878788,100000,100
etc_v3_thresh2,run,1000.0,28,-0.27166,-0.267979797979798,100000,100
etc_v3_thresh2,run,1000.0,29,0.2387,0.24842424242424244,100000,100
etc_v3_thresh2,run,1000.0,30,0.15047,0.1568080808080808,100000,100
etc_v3_thresh2,run,1000.0,31,0.18442,0.19103030303030302,100000,100
etc_v3_thresh2,run,1000.0,32,0.13606,0.14205050505050504,100000,100
etc_v3_thresh2,run,1000.0,33,0.10191,0.10897979797979798,100000,100
etc_v3_thresh2,run,1000.0,34,0.04094,0.0477979797979798,100000,100
etc_v3_thresh2,run,1000.0,35,0.3114,0.31826262626262625,100000,100
etc_v3_thresh2,run,1000.0,36,-0.03964,-0.03595959595959596,100000,100
etc_v3_thresh2,run,1000.0,37,0.21419,0.22311111111111112,100000,100
etc_v3_thresh2,run,1000.0,38,-0.31712,-0.3137979797979798,100000,100
etc_v3_thresh2,run,1000.0,39,0.14855,0.1582929292929293,100000,100
etc_v3_thresh2,run,1000.0,40,-0.22214,-0.21848484848484848,100000,100
etc_v3_thresh2,run,1000.0,41,0.06254,0.06753535353535353,100000,100
etc_v3_thresh2,run,1000.0,42,0.14527,0.15564646464646464,100000,100
etc_v3_thresh2,run,1000.0,43,0.08353,0.08852525252525252,100000,100
etc_v3_thresh2,run,1000.0,44,0.22028,0.22862626262626262,100000,100
etc_v3_thresh2,run,1000.0,45,0.25514,0.2632424242424242,100000,100
etc_v3_thresh2,run,1000.0,46,0.35293,0.36184848484848486,100000,100
etc_v3_thresh2,run,1000.0,47,0.34242,0.35263636363636364,100000,100
etc_v3_thresh2,run,1000.0,48,0.06488,0.07212121212121213,100000,100
etc_v3_thresh2,run,1000.0,49,0.06173,0.0697070707070707,100000,100
etc_v3_thresh2,run,1000.0,50,0.03285,0.03856565656565657,100000,100
etc_v3_thresh2,run,1000.0,51,0.31879,0.32795959595959595,100000,100
etc_v3_thresh2,run,1000.0,52,0.24292,0.252989898989899,100000,100
etc_v3_thresh2,run,1000.0,53,0.30313,0.3114949494949495,100000,100
etc_v3_thresh2,run,1000.0,54,0.20773,0.21693939393939393,100000,100
etc_v3_thresh2,run,1000.0,55,0.28834,0.2954747474747475,100000,100
etc_v3_thresh2,run,1000.0,56,0.3909,0.4008787878787879,100000,100
etc_v3_thresh2,run,1000.0,57,0.11317,0.12229292929292929,100000,100
etc_v3_thresh2,run,1000.0,58,0.18976,0.1992929292929293,100000,100
etc_v3_thresh2,run,1000.0,59,-0.1417,-0.13694949494949496,100000,100
etc_v3_thresh2,run,1000.0,60,0.19034,0.19872727272727272,100000,100
etc_v3_thresh2,run,1000.0,61,0.22069,0.2284949494949495,100000,100
etc_v3_thresh2,run,1000.0,62,0.07934,0.0882929292929293,100000,100
etc_v3_thresh2,run,1000.0,63,0.17692,0.18396969696969698,100000,100
etc_v3_thresh2,run,1000.0,64,0.0682,0.07652525252525252,100000,100
etc_v3_thresh2,run,1000.0,65,0.17837,0.1849090909090909,100000,100
etc_v3_thresh2,run,1000.0,66,0.05821,0.06678787878787878,100000,100
etc_v3_thresh2,run,1000.0,67,0.0675,0.07442424242424242,100000,100
etc_v3_thresh2,run,1000.0,68,0.33096,0.3405151515151515,100000,100
etc_v3_thresh2,run,1000.0,69,0.14138,0.14846464646464647,100000,100
etc_v3_thresh2,run,1000.0,70,0.08059,0.08812121212121213,100000,100
etc_v3_thresh2,run,1000.0,71,0.31076,0.31696969696969696,100000,100
etc_v3_thresh2,run,1000.0,72,0.04199,0.046646464646464644,100000,100
etc_v3_thresh2,run,1000.0,73,0.01447,0.021444444444444443,100000,100
etc_v3_thresh2,run,1000.0,74,0.16975,0.1770808080808081,100000,100
etc_v3_thresh2,run,1000.0,75,0.18008,0.18858585858585858,100000,100
etc_v3_thresh2,run,1000.0,76,0.11191,0.1158989898989899,100000,100
etc_v3_thresh2,run,1000.0,77,0.15021,0.16037373737373736,100000,100
etc_v3_thresh2,run,1000.0,78,0.27571,0.284969696969697,100000,100
etc_v3_thresh2,run,1000.0,79,0.03641,0.04276767676767677,100000,100
etc_v3_thresh2,run,1000.0,80,0.2756,0.28404040404040404,100000,100
etc_v3_thresh2,run,1000.0,81,0.17505,0.18551515151515152,100000,100
etc_v3_thresh2,run,1000.0,82,0.04347,0.05119191919191919,100000,100
etc_v3_thresh2,run,1000.0,83,0.24792,0.2567070707070707,100000,100
etc_v3_thresh2,run,1000.0,84,0.17927,0.18878787878787878,100000,100
etc_v3_thresh2,run,1000.0,85,0.13522,0.141,100000,100
etc_v3_thresh2,run,1000.0,86,0.16734,0.17516161616161616,100000,100
etc_v3_thresh2,run,1000.0,87,0.28548,0.2935252525252525,100000,100
etc_v3_thresh2,run,1000.0,88,0.09868,0.10696969696969696,100000,100
etc_v3_thresh2,run,1000.0,89,0.04253,0.05036363636363636,100000,100
etc_v3_thresh2,run,1000.0,90,0.17746,0.18611111111111112,100000,100
etc_v3_thresh2,run,1000.0,91,-0.01953,-0.013151515151515152,100000,100
etc_v3_thresh2,run,1000.0,92,-0.14057,-0.1378080808080808,100000,100
etc_v3_thresh2,run,1000.0,93,0.32097,0.3286060606060606,100000,100
etc_v3_thresh2,run,1000.0,94,0.16862,0.17794949494949494,100000,100
etc_v3_thresh2,run,1000.0,95,0.14827,0.1574040404040404,100000,100
etc_v3_thresh2,run,1000.0,96,0.21763,0.22801010101010102,100000,100
etc_v3_thresh2,run,1000.0,97,0.13639,0.1445151515151515,100000,100
etc_v3_thresh2,run,1000.0,98,0.15728,0.16455555555555557,100000,100
etc_v3_thresh2,run,1000.0,99,0.09255,0.10085858585858586,100000,100
etc_v3_thresh2,run,1500.0,0,0.24371,0.25477157360406094,100000,100
etc_v3_thresh2,run,1500.0,1,0.12368,0.1316954314720812,100000,100
etc_v3_thresh2,run,1500.0,2,0.10679,0.11688324873096446,100000,100
etc_v3_thresh2,run,1500.0,3,0.05629,0.06783756345177665,100000,100
etc_v3_thresh2,run,1500.0,4,0.06239,0.07038578680203046,100000,100
etc_v3_thresh2,run,1500.0,5,0.24563,0.2605482233502538,100000,100
etc_v3_thresh2,run,1500.0,6,0.27519,0.28751269035532995,100000,100
etc_v3_thresh2,run,1500.0,7,0.36366,0.37700507614213197,100000,100
etc_v3_thresh2,run,1500.0,8,0.24288,0.2562030456852792,100000,100
etc_v3_thresh2,run,1500.0,9,-0.00022,0.010223350253807106,100000,100
etc_v3_thresh2,run,1500.0,10,0.05459,0.06062944162436548,100000,100
etc_v3_thresh2,run,1500.0,11,0.25156,0.2641218274111675,100000,100
etc_v3_thresh2,run,1500.0,12,0.21824,0.23134010152284265,100000,100
etc_v3_thresh2,run,1500.0,13,0.15288,0.16429441624365482,100000,100
etc_v3_thresh2,run,1500.0,14,0.34603,0.3596751269035533,100000,100
etc_v3_thresh2,run,1500.0,15,0.31319,0.3260812182741117,100000,100
etc_v3_thresh2,run,1500.0,16,0.11485,0.1258274111675127,100000,100
etc_v3_thresh2,run,1500.0,17,0.31773,0.3298274111675127,100000,100
etc_v3_thresh2,run,1500.0,18,0.29765,0.31009137055837566,100000,100
etc_v3_thresh2,run,1500.0,19,0.12436,0.13546192893401016,100000,100
etc_v3_thresh2,run,1500.0,20,0.17155,0.18350253807106598,100000,100
etc_v3_thresh2,run,1500.0,21,0.03858,0.04658883248730965,100000,100
etc_v3_thresh2,run,1500.0,22,0.26627,0.27975634517766496,100000,100
etc_v3_thresh2,run,1500.0,23,0.41139,0.4265279187817259,100000,100
etc_v3_thresh2,run,1500.0,24,0.20838,0.22176649746192895,100000,100
etc_v3_thresh2,run,1500.0,25,0.06116,0.07336040609137055,100000,100
etc_v3_thresh2,run,1500.0,26,0.1442,0.15536040609137056,100000,100
etc_v3_thresh2,run,1500.0,27,0.43024,0.4465279187817259,100000,100
etc_v3_thresh2,run,1500.0,28,0.42357,0.44048730964467003,100000,100
etc_v3_thresh2,run,1500.0,29,0.21901,0.2292182741116751,100000,100
etc_v3_thresh2,run,1500.0,30,0.0194,0.029248730964467003,100000,100
etc_v3_thresh2,run,1500.0,31,0.03533,0.042243654822335025,100000,100
etc_v3_thresh2,run,1500.0,32,0.29947,0.3133807106598985,100000,100
etc_v3_thresh2,run,1500.0,33,0.22786,0.24514720812182741,100000,100
etc_v3_thresh2,run,1500.0,34,0.37568,0.39471065989847715,100000,100
etc_v3_thresh2,run,1500.0,35,0.11766,0.12294416243654822,100000,100
etc_v3_thresh2,run,1500.0,36,0.11697,0.12944162436548223,100000,100
etc_v3_thresh2,run,1500.0,37,0.35881,0.3748121827411168,100000,100
etc_v3_thresh2,run,1500.0,38,0.37322,0.38661928934010154,100000,100
etc_v3_thresh2,run,1500.0,39,0.10804,0.11928934010152284,100000,100
etc_v3_thresh2,run,1500.0,40,0.02316,0.03589847715736041,100000,100
etc_v3_thresh2,run,1500.0,41,0.25269,0.26626395939086295,100000,100
etc_v3_thresh2,run,1500.0,42,0.25684,0.26790862944162436,100000,100
etc_v3_thresh2,run,1500.0,43,0.13792,0.14941116751269035,100000,100
etc_v3_thresh2,run,1500.0,44,0.10488,0.11398984771573605,100000,100
etc_v3_thresh2,run,1500.0,45,0.21527,0.23009137055837564,100000,100
etc_v3_thresh2,run,1500.0,46,-0.02423,-0.016060913705583758,100000,100
etc_v3_thresh2,run,1500.0,47,0.3132,0.3284771573604061,100000,100
etc_v3_thresh2,run,1500.0,48,0.22554,0.23988832487309644,100000,100
etc_v3_thresh2,run,1500.0,49,0.11166,0.12121827411167513,100000,100
etc_v3_thresh2,run,1500.0,50,0.17471,0.18331979695431472,100000,100
etc_v3_thresh2,run,1500.0,51,0.31328,0.32836548223350254,100000,100
etc_v3_thresh2,run,1500.0,52,0.23134,0.24783756345177665,100000,100
etc_v3_thresh2,run,1500.0,53,0.19397,0.20216243654822336,100000,100
etc_v3_thresh2,run,1500.0,54,0.19881,0.2123045685279188,100000,100
etc_v3_thresh2,run,1500.0,55,0.30502,0.32101522842639596,100000,100
etc_v3_thresh2,run,1500.0,56,0.26746,0.27928934010152284,100000,100
etc_v3_thresh2,run,1500.0,57,0.38614,0.4024162436548223,100000,100
etc_v3_thresh2,run,1500.0,58,0.18222,0.19783756345177664,100000,100
etc_v3_thresh2,run,1500.0,59,0.31205,0.32248730964467004,100000,100
etc_v3_thresh2,run,1500.0,60,0.33359,0.34788832487309646,100000,100
etc_v3_thresh2,run,1500.0,61,0.20068,0.21345177664974618,100000,100
etc_v3_thresh2,run,1500.0,62,0.12609,0.13508629441624365,100000,100
etc_v3_thresh2,run,1500.0,63,0.15925,0.16847715736040608,100000,100
etc_v3_thresh2,run,1500.0,64,0.24299,0.258,100000,100
etc_v3_thresh2,run,1500.0,65,0.34031,0.3553096446700508,100000,100
etc_v3_thresh2,run,1500.0,66,0.28912,0.3048223350253807,100000,100
etc_v3_thresh2,run,1500.0,67,0.10695,0.1184263959390863,100000,100
etc_v3_thresh2,run,1500.0,68,0.16514,0.17821319796954316,100000,100
etc_v3_thresh2,run,1500.0,69,0.25685,0.26872081218274113,100000,100
etc_v3_thresh2,run,1500.0,70,0.20592,0.21418274111675126,100000,100
etc_v3_thresh2,run,1500.0,71,0.26617,0.2760507614213198,100000,100
etc_v3_thresh2,run,1500.0,72,0.22465,0.23523857868020304,100000,100
etc_v3_thresh2,run,1500.0,73,0.08259,0.09587817258883248,100000,100
etc_v3_thresh2,run,1500.0,74,0.06629,0.0777969543147208,100000,100
etc_v3_thresh2,run,1500.0,75,0.25598,0.2710964467005076,100000,100
etc_v3_thresh2,run,1500.0,76,0.22943,0.2451776649746193,100000,100
etc_v3_thresh2,run,1500.0,77,0.36482,0.38060913705583754,100000,100
etc_v3_thresh2,run,1500.0,78,0.33008,0.3463959390862944,100000,100
etc_v3_thresh2,run,1500.0,79,0.09826,0.11112690355329949,100000,100
etc_v3_thresh2,run,1500.0,80,-0.22201,-0.2156751269035533,100000,100
etc_v3_thresh2,run,1500.0,81,0.0712,0.08134010152284264,100000,100
etc_v3_thresh2,run,1500.0,82,0.27917,0.2954314720812183,100000,100
etc_v3_thresh2,run,1500.0,83,0.27047,0.28494416243654824,100000,100
etc_v3_thresh2,run,1500.0,84,0.20898,0.2204263959390863,100000,100
etc_v3_thresh2,run,1500.0,85,0.11542,0.12730964467005076,100000,100
etc_v3_thresh2,run,1500.0,86,0.03443,0.04436548223350254,100000,100
etc_v3_thresh2,run,1500.0,87,0.2637,0.2790253807106599,100000,100
etc_v3_thresh2,run,1500.0,88,0.1729,0.18592893401015229,100000,100
etc_v3_thresh2,run,1500.0,89,0.11332,0.1243248730964467,100000,100
etc_v3_thresh2,run,1500.0,90,0.21821,0.22877157360406092,100000,100
etc_v3_thresh2,run,1500.0,91,0.32963,0.34413197969543147,100000,100
etc_v3_thresh2,run,1500.0,92,0.1946,0.21071065989847715,100000,100
etc_v3_thresh2,run,1500.0,93,0.26441,0.2780812182741117,100000,100
etc_v3_thresh2,run,1500.0,94,0.14328,0.15458883248730965,100000,100
etc_v3_thresh2,run,1500.0,95,0.20997,0.22138071065989848,100000,100
etc_v3_thresh2,run,1500.0,96,0.18238,0.191746192893401,100000,100
etc_v3_thresh2,run,1500.0,97,0.00382,0.010710659898477158,100000,100
etc_v3_thresh2,run,1500.0,98,0.1427,0.1526497461928934,100000,100
etc_v3_thresh2,run,1500.0,99,0.06208,0.07424365482233503,100000,100
etc_v3_thresh2,run,2000.0,0,0.19382,0.20903061224489797,100000,100
etc_v3_thresh2,run,2000.0,1,0.19838,0.21507142857142858,100000,100
etc_v3_thresh2,run,2000.0,2,0.28097,0.2976530612244898,100000,100
etc_v3_thresh2,run,2000.0,3,0.21849,0.23858163265306123,100000,100
etc_v3_thresh2,run,2000.0,4,0.18749,0.20841836734693878,100000,100
etc_v3_thresh2,run,2000.0,5,0.15661,0.17029591836734695,100000,100
etc_v3_thresh2,run,2000.0,6,0.1282,0.14438775510204083,100000,100
etc_v3_thresh2,run,2000.0,7,0.23731,0.25410204081632654,100000,100
etc_v3_thresh2,run,2000.0,8,0.29242,0.3137142857142857,100000,100
etc_v3_thresh2,run,2000.0,9,0.08458,0.09976530612244898,100000,100
etc_v3_thresh2,run,2000.0,10,0.33627,0.3565816326530612,100000,100
etc_v3_thresh2,run,2000.0,11,0.3091,0.32905102040816325,100000,100
etc_v3_thresh2,run,2000.0,12,0.36565,0.3867551020408163,100000,100
etc_v3_thresh2,run,2000.0,13,0.10756,0.12416326530612246,100000,100
etc_v3_thresh2,run,2000.0,14,0.12817,0.14360204081632652,100000,100
etc_v3_thresh2,run,2000.0,15,0.08609,0.09808163265306122,100000,100
etc_v3_thresh2,run,2000.0,16,0.23395,0.2516938775510204,100000,100
etc_v3_thresh2,run,2000.0,17,0.21845,0.2374795918367347,100000,100
etc_v3_thresh2,run,2000.0,18,0.28213,0.29983673469387756,100000,100
etc_v3_thresh2,run,2000.0,19,-0.14512,-0.1408673469387755,100000,100
etc_v3_thresh2,run,2000.0,20,0.35896,0.3782551020408163,100000,100
etc_v3_thresh2,run,2000.0,21,0.32738,0.34611224489795916,100000,100
etc_v3_thresh2,run,2000.0,22,0.23851,0.253469387755102,100000,100
etc_v3_thresh2,run,2000.0,23,0.28103,0.2975204081632653,100000,100
etc_v3_thresh2,run,2000.0,24,0.42737,0.44657142857142856,100000,100
etc_v3_thresh2,run,2000.0,25,0.24493,0.2611122448979592,100000,100
etc_v3_thresh2,run,2000.0,26,0.12564,0.14034693877551022,100000,100
etc_v3_thresh2,run,2000.0,27,0.25103,0.269734693877551,100000,100
etc_v3_thresh2,run,2000.0,28,-0.00711,0.004653061224489796,100000,100
etc_v3_thresh2,run,2000.0,29,0.21272,0.22820408163265307,100000,100
etc_v3_thresh2,run,2000.0,30,0.33145,0.3507142857142857,100000,100
etc_v3_thresh2,run,2000.0,31,0.25213,0.27216326530612245,100000,100
etc_v3_thresh2,run,2000.0,32,0.19918,0.21685714285714286,100000,100
etc_v3_thresh2,run,2000.0,33,0.24495,0.2633469387755102,100000,100
etc_v3_thresh2,run,2000.0,34,0.26318,0.2793265306122449,100000,100
etc_v3_thresh2,run,2000.0,35,0.20144,0.2181530612244898,100000,100
etc_v3_thresh2,run,2000.0,36,0.15082,0.16796938775510203,100000,100
etc_v3_thresh2,run,2000.0,37,0.2586,0.27527551020408164,100000,100
etc_v3_thresh2,run,2000.0,38,0.29262,0.3106734693877551,100000,100
etc_v3_thresh2,run,2000.0,39,0.2267,0.24371428571428572,100000,100
etc_v3_thresh2,run,2000.0,40,0.33774,0.3600408163265306,100000,100
etc_v3_thresh2,run,2000.0,41,0.20707,0.22322448979591836,100000,100
etc_v3_thresh2,run,2000.0,42,0.33781,0.35847959183673467,100000,100
etc_v3_thresh2,run,2000.0,43,0.37353,0.3935204081632653,100000,100
etc_v3_thresh2,run,2000.0,44,0.0263,0.039214285714285715,100000,100
etc_v3_thresh2,run,2000.0,45,0.25831,0.27638775510204083,100000,100
etc_v3_thresh2,run,2000.0,46,0.12126,0.13539795918367348,100000,100
etc_v3_thresh2,run,2000.0,47,0.28386,0.3025204081632653,100000,100
etc_v3_thresh2,run,2000.0,48,0.43572,0.4578469387755102,100000,100
etc_v3_thresh2,run,2000.0,49,0.24711,0.2630408163265306,100000,100
etc_v3_thresh2,run,2000.0,50,-0.13911,-0.12859183673469388,100000,100
etc_v3_thresh2,run,2000.0,51,0.16274,0.17768367346938777,100000,100
etc_v3_thresh2,run,2000.0,52,0.38155,0.40311224489795916,100000,100
etc_v3_thresh2,run,2000.0,53,0.1894,0.20776530612244898,100000,100
etc_v3_thresh2,run,2000.0,54,0.14421,0.1591734693877551,100000,100
etc_v3_thresh2,run,2000.0,55,0.25061,0.2696224489795918,100000,100
etc_v3_thresh2,run,2000.0,56,0.28242,0.3009081632653061,100000,100
etc_v3_thresh2,run,2000.0,57,0.10838,0.12312244897959183,100000,100
etc_v3_thresh2,run,2000.0,58,0.03207,0.044153061224489795,100000,100
etc_v3_thresh2,run,2000.0,59,-0.01697,-0.001642857142857143,100000,100
etc_v3_thresh2,run,2000.0,60,0.06622,0.08124489795918367,100000,100
etc_v3_thresh2,run,2000.0,61,0.34768,0.3682142857142857,100000,100
etc_v3_thresh2,run,2000.0,62,0.2359,0.2558265306122449,100000,100
etc_v3_thresh2,run,2000.0,63,0.26695,0.2873775510204082,100000,100
etc_v3_thresh2,run,2000.0,64,0.27283,0.28835714285714287,100000,100
etc_v3_thresh2,run,2000.0,65,0.19631,0.21358163265306124,100000,100
etc_v3_thresh2,run,2000.0,66,0.26801,0.2875408163265306,100000,100
etc_v3_thresh2,run,2000.0,67,0.32243,0.34479591836734697,100000,100
etc_v3_thresh2,run,2000.0,68,0.19748,0.2125408163265306,100000,100
etc_v3_thresh2,run,2000.0,69,0.03816,0.05016326530612245,100000,100
etc_v3_thresh2,run,2000.0,70,0.21753,0.23755102040816325,100000,100
etc_v3_thresh2,run,2000.0,71,0.26142,0.28030612244897957,100000,100
etc_v3_thresh2,run,2000.0,72,0.25382,0.27343877551020407,100000,100
etc_v3_thresh2,run,2000.0,73,0.23047,0.24733673469387754,100000,100
etc_v3_thresh2,run,2000.0,74,0.22218,0.23795918367346938,100000,100
etc_v3_thresh2,run,2000.0,75,0.24361,0.26148979591836735,100000,100
etc_v3_thresh2,run,2000.0,76,0.11903,0.13412244897959183,100000,100
etc_v3_thresh2,run,2000.0,77,0.14577,0.16568367346938775,100000,100
etc_v3_thresh2,run,2000.0,78,0.2221,0.23862244897959184,100000,100
etc_v3_thresh2,run,2000.0,79,0.36295,0.38481632653061226,100000,100
etc_v3_thresh2,run,2000.0,80,0.27006,0.2909387755102041,100000,100
etc_v3_thresh2,run,2000.0,81,0.17952,0.19740816326530614,100000,100
etc_v3_thresh2,run,2000.0,82,0.14677,0.159265306122449,100000,100
etc_v3_thresh2,run,2000.0,83,-0.00081,0.012142857142857143,100000,100
etc_v3_thresh2,run,2000.0,84,0.16436,0.17866326530612245,100000,100
etc_v3_thresh2,run,2000.0,85,0.2531,0.27048979591836736,100000,100
etc_v3_thresh2,run,2000.0,86,0.2071,0.22283673469387755,100000,100
etc_v3_thresh2,run,2000.0,87,0.32113,0.34403061224489795,100000,100
etc_v3_thresh2,run,2000.0,88,0.0059,0.017826530612244897,100000,100
etc_v3_thresh2,run,2000.0,89,0.25667,0.2754285714285714,100000,100
etc_v3_thresh2,run,2000.0,90,0.05566,0.06651020408163265,100000,100
etc_v3_thresh2,run,2000.0,91,0.25595,0.2758673469387755,100000,100
etc_v3_thresh2,run,2000.0,92,0.31772,0.341,100000,100
etc_v3_thresh2,run,2000.0,93,0.29432,0.3168265306122449,100000,100
etc_v3_thresh2,run,2000.0,94,0.17044,0.18683673469387754,100000,100
etc_v3_thresh2,run,2000.0,95,0.28414,0.30137755102040814,100000,100
etc_v3_thresh2,run,2000.0,96,0.12419,0.13766326530612244,100000,100
etc_v3_thresh2,run,2000.0,97,0.16241,0.17777551020408164,100000,100
etc_v3_thresh2,run,2000.0,98,0.20785,0.22466326530612246,100000,100
etc_v3_thresh2,run,2000.0,99,0.17254,0.19133673469387755,100000,100
etc_v3_thresh2,run,5000.0,0,0.37977,0.43443157894736845,100000,100
etc_v3_thresh2,run,5000.0,1,0.209,0.25150526315789473,100000,100
etc_v3_thresh2,run,5000.0,2,0.21403,0.2586,100000,100
etc_v3_thresh2,run,5000.0,3,0.2475,0.28891578947368424,100000,100
etc_v3_thresh2,run,5000.0,4,0.06151,0.09317894736842106,100000,100
etc_v3_thresh2,run,5000.0,5,0.24957,0.29632631578947366,100000,100
etc_v3_thresh2,run,5000.0,6,0.22914,0.27182105263157896,100000,100
etc_v3_thresh2,run,5000.0,7,0.23963,0.28182105263157897,100000,100
etc_v3_thresh2,run,5000.0,8,0.2592,0.30196842105263155,100000,100
etc_v3_thresh2,run,5000.0,9,0.31975,0.36009473684210525,100000,100
etc_v3_thresh2,run,5000.0,10,0.18247,0.22566315789473684,100000,100
etc_v3_thresh2,run,5000.0,11,0.28304,0.32725263157894735,100000,100
etc_v3_thresh2,run,5000.0,12,0.09308,0.12844210526315789,100000,100
etc_v3_thresh2,run,5000.0,13,0.3958,0.45150526315789474,100000,100
etc_v3_thresh2,run,5000.0,14,0.30693,0.3557578947368421,100000,100
etc_v3_thresh2,run,5000.0,15,0.20566,0.24897894736842105,100000,100
etc_v3_thresh2,run,5000.0,16,0.19208,0.23706315789473684,100000,100
etc_v3_thresh2,run,5000.0,17,0.23172,0.2759157894736842,100000,100
etc_v3_thresh2,run,5000.0,18,0.13837,0.18178947368421053,100000,100
etc_v3_thresh2,run,5000.0,19,0.30176,0.35110526315789475,100000,100
etc_v3_thresh2,run,5000.0,20,0.23188,0.2768,100000,100
etc_v3_thresh2,run,5000.0,21,0.35403,0.4034736842105263,100000,100
etc_v3_thresh2,run,5000.0,22,0.27396,0.3183894736842105,100000,100
etc_v3_thresh2,run,5000.0,23,0.3419,0.3924105263157895,100000,100
etc_v3_thresh2,run,5000.0,24,0.31388,0.3584,100000,100
etc_v3_thresh2,run,5000.0,25,0.1887,0.22954736842105264,100000,100
etc_v3_thresh2,run,5000.0,26,0.30717,0.3477368421052632,100000,100
etc_v3_thresh2,run,5000.0,27,0.25906,0.3053368421052632,100000,100
etc_v3_thresh2,run,5000.0,28,0.1404,0.1795578947368421,100000,100
etc_v3_thresh2,run,5000.0,29,0.14319,0.18865263157894738,100000,100
etc_v3_thresh2,run,5000.0,30,0.1715,0.21521052631578946,100000,100
etc_v3_thresh2,run,5000.0,31,0.30293,0.35078947368421054,100000,100
etc_v3_thresh2,run,5000.0,32,0.2699,0.3190842105263158,100000,100
etc_v3_thresh2,run,5000.0,33,0.1474,0.18881052631578948,100000,100
etc_v3_thresh2,run,5000.0,34,0.14514,0.17891578947368422,100000,100
etc_v3_thresh2,run,5000.0,35,0.25766,0.30503157894736843,100000,100
etc_v3_thresh2,run,5000.0,36,0.08077,0.11282105263157895,100000,100
etc_v3_thresh2,run,5000.0,37,0.26126,0.3078947368421053,100000,100
etc_v3_thresh2,run,5000.0,38,0.43618,0.4926,100000,100
etc_v3_thresh2,run,5000.0,39,0.18486,0.22758947368421054,100000,100
etc_v3_thresh2,run,5000.0,40,0.28323,0.3263263157894737,100000,100
etc_v3_thresh2,run,5000.0,41,0.1891,0.23533684210526315,100000,100
etc_v3_thresh2,run,5000.0,42,0.21104,0.25529473684210524,100000,100
etc_v3_thresh2,run,5000.0,43,0.10765,0.1482842105263158,100000,100
etc_v3_thresh2,run,5000.0,44,0.23215,0.2806526315789474,100000,100
etc_v3_thresh2,run,5000.0,45,0.41116,0.46506315789473684,100000,100
etc_v3_thresh2,run,5000.0,46,0.26379,0.3116315789473684,100000,100
etc_v3_thresh2,run,5000.0,47,0.17962,0.21953684210526317,100000,100
etc_v3_thresh2,run,5000.0,48,0.41089,0.4612631578947368,100000,100
etc_v3_thresh2,run,5000.0,49,0.21918,0.26129473684210525,100000,100
etc_v3_thresh2,run,5000.0,50,0.34386,0.3934947368421053,100000,100
etc_v3_thresh2,run,5000.0,51,0.24396,0.29081052631578946,100000,100
etc_v3_thresh2,run,5000.0,52,0.34387,0.3904947368421053,100000,100
etc_v3_thresh2,run,5000.0,53,0.12278,0.15758947368421053,100000,100
etc_v3_thresh2,run,5000.0,54,0.11387,0.1553578947368421,100000,100
etc_v3_thresh2,run,5000.0,55,0.16829,0.2149578947368421,100000,100
etc_v3_thresh2,run,5000.0,56,0.08092,0.1182421052631579,100000,100
etc_v3_thresh2,run,5000.0,57,0.18897,0.23442105263157895,100000,100
etc_v3_thresh2,run,5000.0,58,0.18525,0.2267263157894737,100000,100
etc_v3_thresh2,run,5000.0,59,0.33326,0.3774421052631579,100000,100
etc_v3_thresh2,run,5000.0,60,0.15545,0.19341052631578948,100000,100
etc_v3_thresh2,run,5000.0,61,0.32344,0.37286315789473684,100000,100
etc_v3_thresh2,run,5000.0,62,0.25627,0.3057578947368421,100000,100
etc_v3_thresh2,run,5000.0,63,0.24837,0.29422105263157894,100000,100
etc_v3_thresh2,run,5000.0,64,0.38335,0.43796842105263156,100000,100
etc_v3_thresh2,run,5000.0,65,0.28346,0.3327052631578947,100000,100
etc_v3_thresh2,run,5000.0,66,0.25024,0.2926105263157895,100000,100
etc_v3_thresh2,run,5000.0,67,0.42047,0.4754736842105263,100000,100
etc_v3_thresh2,run,5000.0,68,0.08779,0.12816842105263157,100000,100
etc_v3_thresh2,run,5000.0,69,0.06727,0.10670526315789473,100000,100
etc_v3_thresh2,run,5000.0,70,0.16278,0.20311578947368422,100000,100
etc_v3_thresh2,run,5000.0,71,0.16282,0.20122105263157894,100000,100
etc_v3_thresh2,run,5000.0,72,0.19274,0.2371578947368421,100000,100
etc_v3_thresh2,run,5000.0,73,0.23684,0.2802210526315789,100000,100
etc_v3_thresh2,run,5000.0,74,0.12277,0.16878947368421052,100000,100
etc_v3_thresh2,run,5000.0,75,0.23604,0.2835684210526316,100000,100
etc_v3_thresh2,run,5000.0,76,0.24588,0.2900105263157895,100000,100
etc_v3_thresh2,run,5000.0,77,0.26408,0.3078526315789474,100000,100
etc_v3_thresh2,run,5000.0,78,0.14053,0.18075789473684212,100000,100
etc_v3_thresh2,run,5000.0,79,0.19899,0.2388,100000,100
etc_v3_thresh2,run,5000.0,80,0.21855,0.26313684210526317,100000,100
etc_v3_thresh2,run,5000.0,81,0.12897,0.16236842105263158,100000,100
etc_v3_thresh2,run,5000.0,82,0.3839,0.4328,100000,100
etc_v3_thresh2,run,5000.0,83,0.13997,0.17983157894736843,100000,100
etc_v3_thresh2,run,5000.0,84,0.27216,0.31971578947368423,100000,100
etc_v3_thresh2,run,5000.0,85,0.29214,0.33973684210526317,100000,100
etc_v3_thresh2,run,5000.0,86,0.39225,0.4414947368421053,100000,100
etc_v3_thresh2,run,5000.0,87,0.25853,0.30994736842105264,100000,100
etc_v3_thresh2,run,5000.0,88,0.25024,0.29782105263157893,100000,100
etc_v3_thresh2,run,5000.0,89,0.25762,0.30428421052631577,100000,100
etc_v3_thresh2,run,5000.0,90,0.22393,0.2687157894736842,100000,100
etc_v3_thresh2,run,5000.0,91,0.24433,0.28793684210526316,100000,100
etc_v3_thresh2,run,5000.0,92,-0.00908,0.024726315789473683,100000,100
etc_v3_thresh2,run,5000.0,93,0.22768,0.2692631578947368,100000,100
etc_v3_thresh2,run,5000.0,94,0.32552,0.37442105263157893,100000,100
etc_v3_thresh2,run,5000.0,95,0.17839,0.2158842105263158,100000,100
etc_v3_thresh2,run,5000.0,96,0.27235,0.31569473684210525,100000,100
etc_v3_thresh2,run,5000.0,97,0.18897,0.2348421052631579,100000,100
etc_v3_thresh2,run,5000.0,98,0.26622,0.3139368421052632,100000,100
etc_v3_thresh2,run,5000.0,99,0.3556,0.4119578947368421,100000,100
etc_v3_thresh2,run,10000.0,0,0.21645,0.3050111111111111,100000,100
etc_v3_thresh2,run,10000.0,1,0.26969,0.364,100000,100
etc_v3_thresh2,run,10000.0,2,0.13746,0.2175777777777778,100000,100
etc_v3_thresh2,run,10000.0,3,0.30913,0.4144333333333333,100000,100
etc_v3_thresh2,run,10000.0,4,0.25553,0.35502222222222224,100000,100
etc_v3_thresh2,run,10000.0,5,0.22674,0.3194777777777778,100000,100
etc_v3_thresh2,run,10000.0,6,0.19648,0.28734444444444446,100000,100
etc_v3_thresh2,run,10000.0,7,0.17806,0.2646777777777778,100000,100
etc_v3_thresh2,run,10000.0,8,0.30298,0.4016777777777778,100000,100
etc_v3_thresh2,run,10000.0,9,0.35858,0.46073333333333333,100000,100
etc_v3_thresh2,run,10000.0,10,0.23226,0.3229888888888889,100000,100
etc_v3_thresh2,run,10000.0,11,0.23086,0.3214,100000,100
etc_v3_thresh2,run,10000.0,12,0.24693,0.346,100000,100
etc_v3_thresh2,run,10000.0,13,0.3049,0.41404444444444444,100000,100
etc_v3_thresh2,run,10000.0,14,0.33057,0.4305111111111111,100000,100
etc_v3_thresh2,run,10000.0,15,0.19712,0.2937444444444444,100000,100
etc_v3_thresh2,run,10000.0,16,0.34864,0.45026666666666665,100000,100
etc_v3_thresh2,run,10000.0,17,0.12859,0.21782222222222222,100000,100
etc_v3_thresh2,run,10000.0,18,0.20031,0.2838222222222222,100000,100
etc_v3_thresh2,run,10000.0,19,0.28866,0.38887777777777777,100000,100
etc_v3_thresh2,run,10000.0,20,0.27418,0.37835555555555556,100000,100
etc_v3_thresh2,run,10000.0,21,0.25309,0.34663333333333335,100000,100
etc_v3_thresh2,run,10000.0,22,0.297,0.39815555555555554,100000,100
etc_v3_thresh2,run,10000.0,23,0.21755,0.29507777777777777,100000,100
etc_v3_thresh2,run,10000.0,24,0.19826,0.2975888888888889,100000,100
etc_v3_thresh2,run,10000.0,25,0.25667,0.3528,100000,100
etc_v3_thresh2,run,10000.0,26,0.21599,0.30154444444444445,100000,100
etc_v3_thresh2,run,10000.0,27,0.23951,0.3288333333333333,100000,100
etc_v3_thresh2,run,10000.0,28,0.25884,0.34942222222222225,100000,100
etc_v3_thresh2,run,10000.0,29,0.14447,0.22757777777777777,100000,100
etc_v3_thresh2,run,10000.0,30,0.31607,0.4221888888888889,100000,100
etc_v3_thresh2,run,10000.0,31,0.20636,0.30141111111111113,100000,100
etc_v3_thresh2,run,10000.0,32,0.32011,0.4197111111111111,100000,100
etc_v3_thresh2,run,10000.0,33,0.1707,0.25464444444444445,100000,100
etc_v3_thresh2,run,10000.0,34,0.1344,0.21555555555555556,100000,100
etc_v3_thresh2,run,10000.0,35,0.28215,0.3866111111111111,100000,100
etc_v3_thresh2,run,10000.0,36,0.19225,0.28023333333333333,100000,100
etc_v3_thresh2,run,10000.0,37,0.2136,0.30515555555555557,100000,100
etc_v3_thresh2,run,10000.0,38,0.23792,0.33763333333333334,100000,100
etc_v3_thresh2,run,10000.0,39,0.21803,0.3037888888888889,100000,100
etc_v3_thresh2,run,10000.0,40,0.21466,0.3088444444444444,100000,100
etc_v3_thresh2,run,10000.0,41,0.19444,0.28215555555555555,100000,100
etc_v3_thresh2,run,10000.0,42,0.15363,0.2471,100000,100
etc_v3_thresh2,run,10000.0,43,0.22082,0.3208,100000,100
etc_v3_thresh2,run,10000.0,44,0.28226,0.3789444444444444,100000,100
etc_v3_thresh2,run,10000.0,45,0.18753,0.2828,100000,100
etc_v3_thresh2,run,10000.0,46,0.27564,0.37156666666666666,100000,100
etc_v3_thresh2,run,10000.0,47,0.03627,0.10727777777777778,100000,100
etc_v3_thresh2,run,10000.0,48,0.17497,0.2604666666666667,100000,100
etc_v3_thresh2,run,10000.0,49,0.26512,0.36275555555555555,100000,100
etc_v3_thresh2,run,10000.0,50,0.33617,0.4379111111111111,100000,100
etc_v3_thresh2,run,10000.0,51,0.19847,0.2859777777777778,100000,100
etc_v3_thresh2,run,10000.0,52,0.23817,0.3356,100000,100
etc_v3_thresh2,run,10000.0,53,0.22816,0.3163888888888889,100000,100
etc_v3_thresh2,run,10000.0,54,0.20556,0.30495555555555554,100000,100
etc_v3_thresh2,run,10000.0,55,0.20084,0.2952888888888889,100000,100
etc_v3_thresh2,run,10000.0,56,0.14122,0.22834444444444443,100000,100
etc_v3_thresh2,run,10000.0,57,0.19727,0.27525555555555553,100000,100
etc_v3_thresh2,run,10000.0,58,0.23345,0.31935555555555556,100000,100
etc_v3_thresh2,run,10000.0,59,0.1449,0.23307777777777777,100000,100
etc_v3_thresh2,run,10000.0,60,0.20568,0.2967111111111111,100000,100
etc_v3_thresh2,run,10000.0,61,0.27401,0.3744,100000,100
etc_v3_thresh2,run,10000.0,62,0.18605,0.27925555555555553,100000,100
etc_v3_thresh2,run,10000.0,63,0.20421,0.2958777777777778,100000,100
etc_v3_thresh2,run,10000.0,64,0.21967,0.3071111111111111,100000,100
etc_v3_thresh2,run,10000.0,65,0.22652,0.31834444444444443,100000,100
etc_v3_thresh2,run,10000.0,66,0.1244,0.2068888888888889,100000,100
etc_v3_thresh2,run,10000.0,67,0.1959,0.2834888888888889,100000,100
etc_v3_thresh2,run,10000.0,68,0.18513,0.28254444444444443,100000,100
etc_v3_thresh2,run,10000.0,69,0.29217,0.3963777777777778,100000,100
etc_v3_thresh2,run,10000.0,70,0.0691,0.15032222222222222,100000,100
etc_v3_thresh2,run,10000.0,71,0.32433,0.42775555555555556,100000,100
etc_v3_thresh2,run,10000.0,72,0.22767,0.3269444444444444,100000,100
etc_v3_thresh2,run,10000.0,73,0.35292,0.4534222222222222,100000,100
etc_v3_thresh2,run,10000.0,74,0.12466,0.2150111111111111,100000,100
etc_v3_thresh2,run,10000.0,75,0.27262,0.36717777777777777,100000,100
etc_v3_thresh2,run,10000.0,76,0.22875,0.3318111111111111,100000,100
etc_v3_thresh2,run,10000.0,77,0.26443,0.3574222222222222,100000,100
etc_v3_thresh2,run,10000.0,78,0.29366,0.39492222222222223,100000,100
etc_v3_thresh2,run,10000.0,79,0.12994,0.20703333333333335,100000,100
etc_v3_thresh2,run,10000.0,80,0.17622,0.26593333333333335,100000,100
etc_v3_thresh2,run,10000.0,81,0.32828,0.43377777777777776,100000,100
etc_v3_thresh2,run,10000.0,82,0.25002,0.3443888888888889,100000,100
etc_v3_thresh2,run,10000.0,83,0.13586,0.21918888888888888,100000,100
etc_v3_thresh2,run,10000.0,84,0.29532,0.39732222222222224,100000,100
etc_v3_thresh2,run,10000.0,85,0.1519,0.2398111111111111,100000,100
etc_v3_thresh2,run,10000.0,86,0.16939,0.25293333333333334,100000,100
etc_v3_thresh2,run,10000.0,87,0.23159,0.3232333333333333,100000,100
etc_v3_thresh2,run,10000.0,88,0.20009,0.28733333333333333,100000,100
etc_v3_thresh2,run,10000.0,89,0.32857,0.4260777777777778,100000,100
etc_v3_thresh2,run,10000.0,90,0.30621,0.4071666666666667,100000,100
etc_v3_thresh2,run,10000.0,91,0.20113,0.2916222222222222,100000,100
etc_v3_thresh2,run,10000.0,92,0.32536,0.43056666666666665,100000,100
etc_v3_thresh2,run,10000.0,93,0.19542,0.28874444444444447,100000,100
etc_v3_thresh2,run,10000.0,94,0.12633,0.21563333333333334,100000,100
etc_v3_thresh2,run,10000.0,95,0.3311,0.4374111111111111,100000,100
etc_v3_thresh2,run,10000.0,96,0.16003,0.24708888888888889,100000,100
etc_v3_thresh2,run,10000.0,97,0.23259,0.3323888888888889,100000,100
etc_v3_thresh2,run,10000.0,98,0.11335,0.19298888888888888,100000,100
etc_v3_thresh2,run,10000.0,99,0.1944,0.2882777777777778,100000,100
etc_v3_thresh2,run,20000.0,0,0.06581,0.24045,100000,100
etc_v3_thresh2,run,20000.0,1,0.1352,0.3058875,100000,100
etc_v3_thresh2,run,20000.0,2,0.11433,0.2910375,100000,100
etc_v3_thresh2,run,20000.0,3,0.11967,0.305925,100000,100
etc_v3_thresh2,run,20000.0,4,0.09075,0.2513375,100000,100
etc_v3_thresh2,run,20000.0,5,0.09898,0.2792375,100000,100
etc_v3_thresh2,run,20000.0,6,0.16709,0.3723625,100000,100
etc_v3_thresh2,run,20000.0,7,0.09806,0.2850125,100000,100
etc_v3_thresh2,run,20000.0,8,0.17155,0.3769125,100000,100
etc_v3_thresh2,run,20000.0,9,0.10224,0.289175,100000,100
etc_v3_thresh2,run,20000.0,10,0.1154,0.292525,100000,100
etc_v3_thresh2,run,20000.0,11,0.12151,0.30395,100000,100
etc_v3_thresh2,run,20000.0,12,0.22066,0.4221125,100000,100
etc_v3_thresh2,run,20000.0,13,0.21872,0.4195,100000,100
etc_v3_thresh2,run,20000.0,14,0.19521,0.3914875,100000,100
etc_v3_thresh2,run,20000.0,15,0.1584,0.3437375,100000,100
etc_v3_thresh2,run,20000.0,16,0.09916,0.2826375,100000,100
etc_v3_thresh2,run,20000.0,17,0.14412,0.3307625,100000,100
etc_v3_thresh2,run,20000.0,18,0.1449,0.3324,100000,100
etc_v3_thresh2,run,20000.0,19,0.17072,0.3632375,100000,100
etc_v3_thresh2,run,20000.0,20,0.1106,0.3103625,100000,100
etc_v3_thresh2,run,20000.0,21,0.14886,0.3456375,100000,100
etc_v3_thresh2,run,20000.0,22,0.10926,0.27315,100000,100
etc_v3_thresh2,run,20000.0,23,0.14406,0.3379625,100000,100
etc_v3_thresh2,run,20000.0,24,0.04474,0.2071375,100000,100
etc_v3_thresh2,run,20000.0,25,0.09959,0.2954375,100000,100
etc_v3_thresh2,run,20000.0,26,0.05871,0.2234,100000,100
etc_v3_thresh2,run,20000.0,27,0.08234,0.2458,100000,100
etc_v3_thresh2,run,20000.0,28,0.10963,0.2763375,100000,100
etc_v3_thresh2,run,20000.0,29,0.12826,0.3143625,100000,100
etc_v3_thresh2,run,20000.0,30,0.12477,0.3103625,100000,100
etc_v3_thresh2,run,20000.0,31,0.08317,0.2648875,100000,100
etc_v3_thresh2,run,20000.0,32,0.12249,0.3104375,100000,100
etc_v3_thresh2,run,20000.0,33,0.1708,0.3593125,100000,100
etc_v3_thresh2,run,20000.0,34,0.11892,0.304225,100000,100
etc_v3_thresh2,run,20000.0,35,0.23172,0.4429375,100000,100
etc_v3_thresh2,run,20000.0,36,0.06772,0.2319875,100000,100
etc_v3_thresh2,run,20000.0,37,0.19605,0.3849375,100000,100
etc_v3_thresh2,run,20000.0,38,0.23032,0.4331125,100000,100
etc_v3_thresh2,run,20000.0,39,0.07091,0.2428,100000,100
etc_v3_thresh2,run,20000.0,40,0.19406,0.3899,100000,100
etc_v3_thresh2,run,20000.0,41,0.2202,0.4277375,100000,100
etc_v3_thresh2,run,20000.0,42,0.06762,0.2336875,100000,100
etc_v3_thresh2,run,20000.0,43,0.1125,0.2891375,100000,100
etc_v3_thresh2,run,20000.0,44,0.16339,0.368825,100000,100
etc_v3_thresh2,run,20000.0,45,0.12486,0.3116375,100000,100
etc_v3_thresh2,run,20000.0,46,0.11153,0.297575,100000,100
etc_v3_thresh2,run,20000.0,47,0.20283,0.38665,100000,100
etc_v3_thresh2,run,20000.0,48,0.19181,0.4166125,100000,100
etc_v3_thresh2,run,20000.0,49,0.14076,0.3278625,100000,100
etc_v3_thresh2,run,20000.0,50,0.24132,0.451,100000,100
etc_v3_thresh2,run,20000.0,51,0.01097,0.1615375,100000,100
etc_v3_thresh2,run,20000.0,52,0.1244,0.314225,100000,100
etc_v3_thresh2,run,20000.0,53,0.11051,0.2832875,100000,100
etc_v3_thresh2,run,20000.0,54,0.10681,0.2742625,100000,100
etc_v3_thresh2,run,20000.0,55,0.16088,0.3467,100000,100
etc_v3_thresh2,run,20000.0,56,0.12203,0.3094,100000,100
etc_v3_thresh2,run,20000.0,57,0.15048,0.3349875,100000,100
etc_v3_thresh2,run,20000.0,58,0.10276,0.285525,100000,100
etc_v3_thresh2,run,20000.0,59,0.26311,0.49125,100000,100
etc_v3_thresh2,run,20000.0,60,0.1261,0.3129,100000,100
etc_v3_thresh2,run,20000.0,61,0.06496,0.2366,100000,100
etc_v3_thresh2,run,20000.0,62,0.18093,0.3692875,100000,100
etc_v3_thresh2,run,20000.0,63,0.11836,0.2951875,100000,100
etc_v3_thresh2,run,20000.0,64,0.07772,0.25925,100000,100
etc_v3_thresh2,run,20000.0,65,0.11262,0.2920375,100000,100
etc_v3_thresh2,run,20000.0,66,0.20544,0.415425,100000,100
etc_v3_thresh2,run,20000.0,67,0.12771,0.3120375,100000,100
etc_v3_thresh2,run,20000.0,68,0.11226,0.290675,100000,100
etc_v3_thresh2,run,20000.0,69,0.23189,0.4236375,100000,100
etc_v3_thresh2,run,20000.0,70,0.20568,0.4101125,100000,100
etc_v3_thresh2,run,20000.0,71,0.13988,0.3234625,100000,100
etc_v3_thresh2,run,20000.0,72,0.06784,0.235925,100000,100
etc_v3_thresh2,run,20000.0,73,0.13136,0.3130625,100000,100
etc_v3_thresh2,run,20000.0,74,0.12268,0.315275,100000,100
etc_v3_thresh2,run,20000.0,75,0.20789,0.3992,100000,100
etc_v3_thresh2,run,20000.0,76,0.12044,0.2992375,100000,100
etc_v3_thresh2,run,20000.0,77,0.19829,0.404725,100000,100
etc_v3_thresh2,run,20000.0,78,0.17861,0.38075,100000,100
etc_v3_thresh2,run,20000.0,79,0.08125,0.2575,100000,100
etc_v3_thresh2,run,20000.0,80,0.11605,0.2853875,100000,100
etc_v3_thresh2,run,20000.0,81,0.13381,0.3214,100000,100
etc_v3_thresh2,run,20000.0,82,0.08427,0.25075,100000,100
etc_v3_thresh2,run,20000.0,83,0.22893,0.4435625,100000,100
etc_v3_thresh2,run,20000.0,84,0.14321,0.328975,100000,100
etc_v3_thresh2,run,20000.0,85,0.17344,0.364,100000,100
etc_v3_thresh2,run,20000.0,86,0.18581,0.406975,100000,100
etc_v3_thresh2,run,20000.0,87,0.12938,0.324175,100000,100
etc_v3_thresh2,run,20000.0,88,0.05032,0.2178,100000,100
etc_v3_thresh2,run,20000.0,89,0.07335,0.2445625,100000,100
etc_v3_thresh2,run,20000.0,90,0.21499,0.4218125,100000,100
etc_v3_thresh2,run,20000.0,91,0.20142,0.4015,100000,100
etc_v3_thresh2,run,20000.0,92,0.15482,0.350525,100000,100
etc_v3_thresh2,run,20000.0,93,0.1167,0.289325,100000,100
etc_v3_thresh2,run,20000.0,94,0.20802,0.410275,100000,100
etc_v3_thresh2,run,20000.0,95,0.0921,0.2701,100000,100
etc_v3_thresh2,run,20000.0,96,0.14404,0.3416375,100000,100
etc_v3_thresh2,run,20000.0,97,0.08852,0.2891125,100000,100
etc_v3_thresh2,run,20000.0,98,0.11822,0.29295,100000,100
etc_v3_thresh2,run,20000.0,99,0.03766,0.204375,100000,100
etc_v3_thresh2,run,40000.0,0,-0.09227,0.24128333333333332,100000,100
etc_v3_thresh2,run,40000.0,1,-0.09933,0.2277,100000,100
etc_v3_thresh2,run,40000.0,2,-0.04797,0.33203333333333335,100000,100
etc_v3_thresh2,run,40000.0,3,-0.05408,0.31671666666666665,100000,100
etc_v3_thresh2,run,40000.0,4,-0.08518,0.2613666666666667,100000,100
etc_v3_thresh2,run,40000.0,5,-0.08581,0.28115,100000,100
etc_v3_thresh2,run,40000.0,6,-0.08248,0.3113,100000,100
etc_v3_thresh2,run,40000.0,7,-0.05612,0.34268333333333334,100000,100
etc_v3_thresh2,run,40000.0,8,-0.07487,0.30723333333333336,100000,100
etc_v3_thresh2,run,40000.0,9,-0.01487,0.41183333333333333,100000,100
etc_v3_thresh2,run,40000.0,10,-0.08911,0.27823333333333333,100000,100
etc_v3_thresh2,run,40000.0,11,-0.057,0.32408333333333333,100000,100
etc_v3_thresh2,run,40000.0,12,-0.1039,0.24023333333333333,100000,100
etc_v3_thresh2,run,40000.0,13,-0.04774,0.30838333333333334,100000,100
etc_v3_thresh2,run,40000.0,14,-0.01118,0.38403333333333334,100000,100
etc_v3_thresh2,run,40000.0,15,-0.05398,0.29351666666666665,100000,100
etc_v3_thresh2,run,40000.0,16,-0.06273,0.3054,100000,100
etc_v3_thresh2,run,40000.0,17,0.01738,0.44433333333333336,100000,100
etc_v3_thresh2,run,40000.0,18,-0.07617,0.2931,100000,100
etc_v3_thresh2,run,40000.0,19,-0.08372,0.2778333333333333,100000,100
etc_v3_thresh2,run,40000.0,20,0.01061,0.42845,100000,100
etc_v3_thresh2,run,40000.0,21,-0.08649,0.2581833333333333,100000,100
etc_v3_thresh2,run,40000.0,22,-0.03211,0.3655833333333333,100000,100
etc_v3_thresh2,run,40000.0,23,-0.14453,0.19048333333333334,100000,100
etc_v3_thresh2,run,40000.0,24,-0.09101,0.2872166666666667,100000,100
etc_v3_thresh2,run,40000.0,25,0.02408,0.43846666666666667,100000,100
etc_v3_thresh2,run,40000.0,26,-0.10614,0.24681666666666666,100000,100
etc_v3_thresh2,run,40000.0,27,-0.07132,0.30643333333333334,100000,100
etc_v3_thresh2,run,40000.0,28,-0.04721,0.33208333333333334,100000,100
etc_v3_thresh2,run,40000.0,29,-0.05009,0.324,100000,100
etc_v3_thresh2,run,40000.0,30,0.0303,0.4459666666666667,100000,100
etc_v3_thresh2,run,40000.0,31,-0.09198,0.26403333333333334,100000,100
etc_v3_thresh2,run,40000.0,32,-0.07332,0.3027666666666667,100000,100
etc_v3_thresh2,run,40000.0,33,-0.07931,0.2947166666666667,100000,100
etc_v3_thresh2,run,40000.0,34,-0.0746,0.2935833333333333,100000,100
etc_v3_thresh2,run,40000.0,35,-0.07862,0.26675,100000,100
etc_v3_thresh2,run,40000.0,36,-0.04793,0.32616666666666666,100000,100
etc_v3_thresh2,run,40000.0,37,-0.06952,0.29286666666666666,100000,100
etc_v3_thresh2,run,40000.0,38,-0.04934,0.32658333333333334,100000,100
etc_v3_thresh2,run,40000.0,39,-0.04168,0.3402833333333333,100000,100
etc_v3_thresh2,run,40000.0,40,-0.06546,0.3096833333333333,100000,100
etc_v3_thresh2,run,40000.0,41,-0.07952,0.25433333333333336,100000,100
etc_v3_thresh2,run,40000.0,42,-0.06722,0.30291666666666667,100000,100
etc_v3_thresh2,run,40000.0,43,-0.08262,0.27453333333333335,100000,100
etc_v3_thresh2,run,40000.0,44,-0.05107,0.3315166666666667,100000,100
etc_v3_thresh2,run,40000.0,45,-0.03609,0.3407833333333333,100000,100
etc_v3_thresh2,run,40000.0,46,0.00562,0.4249,100000,100
etc_v3_thresh2,run,40000.0,47,-0.09793,0.24785,100000,100
etc_v3_thresh2,run,40000.0,48,-0.08586,0.26143333333333335,100000,100
etc_v3_thresh2,run,40000.0,49,-0.03549,0.3361166666666667,100000,100
etc_v3_thresh2,run,40000.0,50,-0.0541,0.32805,100000,100
etc_v3_thresh2,run,40000.0,51,-0.03292,0.3828,100000,100
etc_v3_thresh2,run,40000.0,52,-0.08113,0.28626666666666667,100000,100
etc_v3_thresh2,run,40000.0,53,0.00132,0.41531666666666667,100000,100
etc_v3_thresh2,run,40000.0,54,0.00335,0.43315,100000,100
etc_v3_thresh2,run,40000.0,55,-0.04129,0.3254666666666667,100000,100
etc_v3_thresh2,run,40000.0,56,-0.05502,0.30238333333333334,100000,100
etc_v3_thresh2,run,40000.0,57,-0.06056,0.31251666666666666,100000,100
etc_v3_thresh2,run,40000.0,58,-0.06214,0.3022,100000,100
etc_v3_thresh2,run,40000.0,59,-0.06447,0.2988,100000,100
etc_v3_thresh2,run,40000.0,60,-0.06392,0.2994,100000,100
etc_v3_thresh2,run,40000.0,61,-0.0643,0.32735,100000,100
etc_v3_thresh2,run,40000.0,62,-0.12016,0.20908333333333334,100000,100
etc_v3_thresh2,run,40000.0,63,-0.09539,0.25095,100000,100
etc_v3_thresh2,run,40000.0,64,-0.06222,0.3136833333333333,100000,100
etc_v3_thresh2,run,40000.0,65,-0.06398,0.32411666666666666,100000,100
etc_v3_thresh2,run,40000.0,66,0.01044,0.43701666666666666,100000,100
etc_v3_thresh2,run,40000.0,67,-0.0349,0.34965,100000,100
etc_v3_thresh2,run,40000.0,68,-0.04665,0.3451,100000,100
etc_v3_thresh2,run,40000.0,69,-0.08658,0.29056666666666664,100000,100
etc_v3_thresh2,run,40000.0,70,-0.0649,0.2618,100000,100
etc_v3_thresh2,run,40000.0,71,-0.01808,0.3914666666666667,100000,100
etc_v3_thresh2,run,40000.0,72,-0.0797,0.30401666666666666,100000,100
etc_v3_thresh2,run,40000.0,73,-0.06208,0.3122,100000,100
etc_v3_thresh2,run,40000.0,74,-0.08389,0.30438333333333334,100000,100
etc_v3_thresh2,run,40000.0,75,-0.06654,0.31066666666666665,100000,100
etc_v3_thresh2,run,40000.0,76,-0.06674,0.29046666666666665,100000,100
etc_v3_thresh2,run,40000.0,77,-0.07537,0.28963333333333335,100000,100
etc_v3_thresh2,run,40000.0,78,-0.05814,0.30805,100000,100
etc_v3_thresh2,run,40000.0,79,-0.02891,0.37198333333333333,100000,100
etc_v3_thresh2,run,40000.0,80,-0.11234,0.2592833333333333,100000,100
etc_v3_thresh2,run,40000.0,81,-0.06207,0.2980333333333333,100000,100
etc_v3_thresh2,run,40000.0,82,-0.08176,0.2731,100000,100
etc_v3_thresh2,run,40000.0,83,0.02009,0.4353666666666667,100000,100
etc_v3_thresh2,run,40000.0,84,-0.05824,0.31056666666666666,100000,100
etc_v3_thresh2,run,40000.0,85,-0.06451,0.3158166666666667,100000,100
etc_v3_thresh2,run,40000.0,86,0.00493,0.39415,100000,100
etc_v3_thresh2,run,40000.0,87,-0.06086,0.31211666666666665,100000,100
etc_v3_thresh2,run,40000.0,88,-0.00421,0.40796666666666664,100000,100
etc_v3_thresh2,run,40000.0,89,-0.06897,0.28658333333333336,100000,100
etc_v3_thresh2,run,40000.0,90,-0.05582,0.34681666666666666,100000,100
etc_v3_thresh2,run,40000.0,91,-0.0617,0.318,100000,100
etc_v3_thresh2,run,40000.0,92,0.02172,0.4570166666666667,100000,100
etc_v3_thresh2,run,40000.0,93,-0.08785,0.2587833333333333,100000,100
etc_v3_thresh2,run,40000.0,94,-0.06642,0.29283333333333333,100000,100
etc_v3_thresh2,run,40000.0,95,-0.07472,0.2860666666666667,100000,100
etc_v3_thresh2,run,40000.0,96,-0.01633,0.3764,100000,100
etc_v3_thresh2,run,40000.0,97,-0.1222,0.20735,100000,100
etc_v3_thresh2,run,40000.0,98,0.00796,0.4312,100000,100
etc_v3_thresh2,run,40000.0,99,-0.03263,0.3541666666666667,100000,100
etc_v3_thresh2,run,60000.0,0,-0.23908,0.3081,100000,100
etc_v3_thresh2,run,60000.0,1,-0.24733,0.3002,100000,100
etc_v3_thresh2,run,60000.0,2,-0.23171,0.329525,100000,100
etc_v3_thresh2,run,60000.0,3,-0.26536,0.311325,100000,100
etc_v3_thresh2,run,60000.0,4,-0.27771,0.26515,100000,100
etc_v3_thresh2,run,60000.0,5,-0.19883,0.39785,100000,100
etc_v3_thresh2,run,60000.0,6,-0.24052,0.32835,100000,100
etc_v3_thresh2,run,60000.0,7,-0.25761,0.2897,100000,100
etc_v3_thresh2,run,60000.0,8,-0.23191,0.330725,100000,100
etc_v3_thresh2,run,60000.0,9,-0.26601,0.306175,100000,100
etc_v3_thresh2,run,60000.0,10,-0.20381,0.42155,100000,100
etc_v3_thresh2,run,60000.0,11,-0.27315,0.286125,100000,100
etc_v3_thresh2,run,60000.0,12,-0.24358,0.3398,100000,100
etc_v3_thresh2,run,60000.0,13,-0.21749,0.412525,100000,100
etc_v3_thresh2,run,60000.0,14,-0.27071,0.29665,100000,100
etc_v3_thresh2,run,60000.0,15,-0.25416,0.281875,100000,100
etc_v3_thresh2,run,60000.0,16,-0.25322,0.268475,100000,100
etc_v3_thresh2,run,60000.0,17,-0.1955,0.42115,100000,100
etc_v3_thresh2,run,60000.0,18,-0.16801,0.472675,100000,100
etc_v3_thresh2,run,60000.0,19,-0.2588,0.290725,100000,100
etc_v3_thresh2,run,60000.0,20,-0.20034,0.4144,100000,100
etc_v3_thresh2,run,60000.0,21,-0.26099,0.2781,100000,100
etc_v3_thresh2,run,60000.0,22,-0.19097,0.43545,100000,100
etc_v3_thresh2,run,60000.0,23,-0.24308,0.292825,100000,100
etc_v3_thresh2,run,60000.0,24,-0.25343,0.31455,100000,100
etc_v3_thresh2,run,60000.0,25,-0.25898,0.298975,100000,100
etc_v3_thresh2,run,60000.0,26,-0.26833,0.29285,100000,100
etc_v3_thresh2,run,60000.0,27,-0.25174,0.3086,100000,100
etc_v3_thresh2,run,60000.0,28,-0.27648,0.236875,100000,100
etc_v3_thresh2,run,60000.0,29,-0.24235,0.33285,100000,100
etc_v3_thresh2,run,60000.0,30,-0.26251,0.2891,100000,100
etc_v3_thresh2,run,60000.0,31,-0.28252,0.23435,100000,100
etc_v3_thresh2,run,60000.0,32,-0.24687,0.2851,100000,100
etc_v3_thresh2,run,60000.0,33,-0.25917,0.305725,100000,100
etc_v3_thresh2,run,60000.0,34,-0.24062,0.2974,100000,100
etc_v3_thresh2,run,60000.0,35,-0.23907,0.32345,100000,100
etc_v3_thresh2,run,60000.0,36,-0.26597,0.31215,100000,100
etc_v3_thresh2,run,60000.0,37,-0.17461,0.43455,100000,100
etc_v3_thresh2,run,60000.0,38,-0.24354,0.29445,100000,100
etc_v3_thresh2,run,60000.0,39,-0.27057,0.2539,100000,100
etc_v3_thresh2,run,60000.0,40,-0.24973,0.275225,100000,100
etc_v3_thresh2,run,60000.0,41,-0.20474,0.41035,100000,100
etc_v3_thresh2,run,60000.0,42,-0.17857,0.472725,100000,100
etc_v3_thresh2,run,60000.0,43,-0.24448,0.322475,100000,100
etc_v3_thresh2,run,60000.0,44,-0.27272,0.2759,100000,100
etc_v3_thresh2,run,60000.0,45,-0.24704,0.315025,100000,100
etc_v3_thresh2,run,60000.0,46,-0.23915,0.3141,100000,100
etc_v3_thresh2,run,60000.0,47,-0.21483,0.347475,100000,100
etc_v3_thresh2,run,60000.0,48,-0.22742,0.340025,100000,100
etc_v3_thresh2,run,60000.0,49,-0.22105,0.422075,100000,100
etc_v3_thresh2,run,60000.0,50,-0.27812,0.28245,100000,100
etc_v3_thresh2,run,60000.0,51,-0.24018,0.324625,100000,100
etc_v3_thresh2,run,60000.0,52,-0.24665,0.33115,100000,100
etc_v3_thresh2,run,60000.0,53,-0.2098,0.388175,100000,100
etc_v3_thresh2,run,60000.0,54,-0.2141,0.41855,100000,100
etc_v3_thresh2,run,60000.0,55,-0.22624,0.327025,100000,100
etc_v3_thresh2,run,60000.0,56,-0.25241,0.3181,100000,100
etc_v3_thresh2,run,60000.0,57,-0.29369,0.30435,100000,100
etc_v3_thresh2,run,60000.0,58,-0.25256,0.291075,100000,100
etc_v3_thresh2,run,60000.0,59,-0.25853,0.308,100000,100
etc_v3_thresh2,run,60000.0,60,-0.24431,0.305975,100000,100
etc_v3_thresh2,run,60000.0,61,-0.22984,0.3635,100000,100
etc_v3_thresh2,run,60000.0,62,-0.26368,0.287975,100000,100
etc_v3_thresh2,run,60000.0,63,-0.27115,0.29565,100000,100
etc_v3_thresh2,run,60000.0,64,-0.27854,0.2297,100000,100
etc_v3_thresh2,run,60000.0,65,-0.21125,0.403775,100000,100
etc_v3_thresh2,run,60000.0,66,-0.20806,0.4345,100000,100
etc_v3_thresh2,run,60000.0,67,-0.23495,0.29025,100000,100
etc_v3_thresh2,run,60000.0,68,-0.2241,0.357625,100000,100
etc_v3_thresh2,run,60000.0,69,-0.2393,0.299125,100000,100
etc_v3_thresh2,run,60000.0,70,-0.26903,0.299275,100000,100
etc_v3_thresh2,run,60000.0,71,-0.23839,0.35215,100000,100
etc_v3_thresh2,run,60000.0,72,-0.22043,0.354325,100000,100
etc_v3_thresh2,run,60000.0,73,-0.25017,0.30585,100000,100
etc_v3_thresh2,run,60000.0,74,-0.27561,0.28745,100000,100
etc_v3_thresh2,run,60000.0,75,-0.23507,0.338575,100000,100
etc_v3_thresh2,run,60000.0,76,-0.26677,0.241425,100000,100
etc_v3_thresh2,run,60000.0,77,-0.17245,0.495275,100000,100
etc_v3_thresh2,run,60000.0,78,-0.247,0.29665,100000,100
etc_v3_thresh2,run,60000.0,79,-0.24441,0.31395,100000,100
etc_v3_thresh2,run,60000.0,80,-0.27083,0.279025,100000,100
etc_v3_thresh2,run,60000.0,81,-0.2555,0.307625,100000,100
etc_v3_thresh2,run,60000.0,82,-0.24543,0.2897,100000,100
etc_v3_thresh2,run,60000.0,83,-0.2505,0.3201,100000,100
etc_v3_thresh2,run,60000.0,84,-0.22884,0.346,100000,100
etc_v3_thresh2,run,60000.0,85,-0.22253,0.342025,100000,100
etc_v3_thresh2,run,60000.0,86,-0.2566,0.290275,100000,100
etc_v3_thresh2,run,60000.0,87,-0.22779,0.332075,100000,100
etc_v3_thresh2,run,60000.0,88,-0.25844,0.304675,100000,100
etc_v3_thresh2,run,60000.0,89,-0.20688,0.43,100000,100
etc_v3_thresh2,run,60000.0,90,-0.27845,0.2397,100000,100
etc_v3_thresh2,run,60000.0,91,-0.22818,0.39025,100000,100
etc_v3_thresh2,run,60000.0,92,-0.2463,0.326525,100000,100
etc_v3_thresh2,run,60000.0,93,-0.18226,0.442825,100000,100
etc_v3_thresh2,run,60000.0,94,-0.30499,0.1961,100000,100
etc_v3_thresh2,run,60000.0,95,-0.2791,0.2889,100000,100
etc_v3_thresh2,run,60000.0,96,-0.23416,0.308425,100000,100
etc_v3_thresh2,run,60000.0,97,-0.24175,0.318675,100000,100
etc_v3_thresh2,run,60000.0,98,-0.25636,0.259325,100000,100
etc_v3_thresh2,run,60000.0,99,-0.23324,0.31505,100000,100
etc_v3_thresh2,run,80000.0,0,-0.43718,0.32155,100000,100
etc_v3_thresh2,run,80000.0,1,-0.41655,0.3552,100000,100
etc_v3_thresh2,run,80000.0,2,-0.43335,0.334,100000,100
etc_v3_thresh2,run,80000.0,3,-0.42489,0.41225,100000,100
etc_v3_thresh2,run,80000.0,4,-0.45173,0.34275,100000,100
etc_v3_thresh2,run,80000.0,5,-0.44001,0.2477,100000,100
etc_v3_thresh2,run,80000.0,6,-0.42351,0.3488,100000,100
etc_v3_thresh2,run,80000.0,7,-0.44234,0.303,100000,100
etc_v3_thresh2,run,80000.0,8,-0.41478,0.2596,100000,100
etc_v3_thresh2,run,80000.0,9,-0.42435,0.2726,100000,100
etc_v3_thresh2,run,80000.0,10,-0.42952,0.24855,100000,100
etc_v3_thresh2,run,80000.0,11,-0.43239,0.32575,100000,100
etc_v3_thresh2,run,80000.0,12,-0.44484,0.23215,100000,100
etc_v3_thresh2,run,80000.0,13,-0.41963,0.309,100000,100
etc_v3_thresh2,run,80000.0,14,-0.42119,0.3003,100000,100
etc_v3_thresh2,run,80000.0,15,-0.42419,0.3088,100000,100
etc_v3_thresh2,run,80000.0,16,-0.43144,0.28375,100000,100
etc_v3_thresh2,run,80000.0,17,-0.43572,0.37135,100000,100
etc_v3_thresh2,run,80000.0,18,-0.44932,0.25245,100000,100
etc_v3_thresh2,run,80000.0,19,-0.44598,0.26635,100000,100
etc_v3_thresh2,run,80000.0,20,-0.42889,0.31685,100000,100
etc_v3_thresh2,run,80000.0,21,-0.43081,0.33665,100000,100
etc_v3_thresh2,run,80000.0,22,-0.43873,0.26785,100000,100
etc_v3_thresh2,run,80000.0,23,-0.43028,0.28935,100000,100
etc_v3_thresh2,run,80000.0,24,-0.42181,0.2844,100000,100
etc_v3_thresh2,run,80000.0,25,-0.43127,0.3375,100000,100
etc_v3_thresh2,run,80000.0,26,-0.42097,0.28115,100000,100
etc_v3_thresh2,run,80000.0,27,-0.43753,0.2742,100000,100
etc_v3_thresh2,run,80000.0,28,-0.43023,0.32705,100000,100
etc_v3_thresh2,run,80000.0,29,-0.40963,0.4267,100000,100
etc_v3_thresh2,run,80000.0,30,-0.41503,0.35375,100000,100
etc_v3_thresh2,run,80000.0,31,-0.44169,0.31705,100000,100
etc_v3_thresh2,run,80000.0,32,-0.43126,0.28265,100000,100
etc_v3_thresh2,run,80000.0,33,-0.44769,0.29735,100000,100
etc_v3_thresh2,run,80000.0,34,-0.40143,0.4011,100000,100
etc_v3_thresh2,run,80000.0,35,-0.43955,0.2942,100000,100
etc_v3_thresh2,run,80000.0,36,-0.41045,0.33225,100000,100
etc_v3_thresh2,run,80000.0,37,-0.40841,0.4458,100000,100
etc_v3_thresh2,run,80000.0,38,-0.41011,0.3945,100000,100
etc_v3_thresh2,run,80000.0,39,-0.4112,0.3392,100000,100
etc_v3_thresh2,run,80000.0,40,-0.44629,0.35705,100000,100
etc_v3_thresh2,run,80000.0,41,-0.413,0.29635,100000,100
etc_v3_thresh2,run,80000.0,42,-0.38298,0.45175,100000,100
etc_v3_thresh2,run,80000.0,43,-0.42837,0.2463,100000,100
etc_v3_thresh2,run,80000.0,44,-0.44879,0.2677,100000,100
etc_v3_thresh2,run,80000.0,45,-0.45553,0.2769,100000,100
etc_v3_thresh2,run,80000.0,46,-0.42653,0.3406,100000,100
etc_v3_thresh2,run,80000.0,47,-0.42465,0.24735,100000,100
etc_v3_thresh2,run,80000.0,48,-0.43573,0.3072,100000,100
etc_v3_thresh2,run,80000.0,49,-0.42303,0.2819,100000,100
etc_v3_thresh2,run,80000.0,50,-0.42189,0.28435,100000,100
etc_v3_thresh2,run,80000.0,51,-0.41967,0.4455,100000,100
etc_v3_thresh2,run,80000.0,52,-0.41424,0.3124,100000,100
etc_v3_thresh2,run,80000.0,53,-0.4261,0.3315,100000,100
etc_v3_thresh2,run,80000.0,54,-0.43911,0.33275,100000,100
etc_v3_thresh2,run,80000.0,55,-0.45621,0.2717,100000,100
etc_v3_thresh2,run,80000.0,56,-0.44539,0.2844,100000,100
etc_v3_thresh2,run,80000.0,57,-0.44136,0.27185,100000,100
etc_v3_thresh2,run,80000.0,58,-0.45241,0.30615,100000,100
etc_v3_thresh2,run,80000.0,59,-0.43608,0.3511,100000,100
etc_v3_thresh2,run,80000.0,60,-0.42992,0.30645,100000,100
etc_v3_thresh2,run,80000.0,61,-0.43331,0.2715,100000,100
etc_v3_thresh2,run,80000.0,62,-0.43046,0.382,100000,100
etc_v3_thresh2,run,80000.0,63,-0.43822,0.3009,100000,100
etc_v3_thresh2,run,80000.0,64,-0.42387,0.30265,100000,100
etc_v3_thresh2,run,80000.0,65,-0.41464,0.21845,100000,100
etc_v3_thresh2,run,80000.0,66,-0.43516,0.27255,100000,100
etc_v3_thresh2,run,80000.0,67,-0.42806,0.29455,100000,100
etc_v3_thresh2,run,80000.0,68,-0.42043,0.4632,100000,100
etc_v3_thresh2,run,80000.0,69,-0.43848,0.2929,100000,100
etc_v3_thresh2,run,80000.0,70,-0.409,0.36515,100000,100
etc_v3_thresh2,run,80000.0,71,-0.41496,0.4661,100000,100
etc_v3_thresh2,run,80000.0,72,-0.46334,0.2448,100000,100
etc_v3_thresh2,run,80000.0,73,-0.43595,0.3588,100000,100
etc_v3_thresh2,run,80000.0,74,-0.42336,0.30965,100000,100
etc_v3_thresh2,run,80000.0,75,-0.42956,0.2982,100000,100
etc_v3_thresh2,run,80000.0,76,-0.44084,0.2856,100000,100
etc_v3_thresh2,run,80000.0,77,-0.44257,0.33625,100000,100
etc_v3_thresh2,run,80000.0,78,-0.43107,0.29505,100000,100
etc_v3_thresh2,run,80000.0,79,-0.41188,0.43515,100000,100
etc_v3_thresh2,run,80000.0,80,-0.39265,0.4493,100000,100
etc_v3_thresh2,run,80000.0,81,-0.42952,0.32125,100000,100
etc_v3_thresh2,run,80000.0,82,-0.38602,0.42285,100000,100
etc_v3_thresh2,run,80000.0,83,-0.43697,0.3114,100000,100
etc_v3_thresh2,run,80000.0,84,-0.42501,0.2497,100000,100
etc_v3_thresh2,run,80000.0,85,-0.43941,0.3062,100000,100
etc_v3_thresh2,run,80000.0,86,-0.43014,0.33475,100000,100
etc_v3_thresh2,run,80000.0,87,-0.42911,0.3608,100000,100
etc_v3_thresh2,run,80000.0,88,-0.43306,0.2744,100000,100
etc_v3_thresh2,run,80000.0,89,-0.42115,0.3412,100000,100
etc_v3_thresh2,run,80000.0,90,-0.41822,0.44195,100000,100
etc_v3_thresh2,run,80000.0,91,-0.44752,0.3082,100000,100
etc_v3_thresh2,run,80000.0,92,-0.41097,0.4149,100000,100
etc_v3_thresh2,run,80000.0,93,-0.44745,0.3199,100000,100
etc_v3_thresh2,run,80000.0,94,-0.39024,0.53585,100000,100
etc_v3_thresh2,run,80000.0,95,-0.38795,0.37795,100000,100
etc_v3_thresh2,run,80000.0,96,-0.44309,0.30065,100000,100
etc_v3_thresh2,run,80000.0,97,-0.44119,0.2485,100000,100
etc_v3_thresh2,run,80000.0,98,-0.39862,0.4461,100000,100
etc_v3_thresh2,run,80000.0,99,-0.39903,0.4926,100000,100
